  0
SECTION
  2
HEADER
  9
$ACADVER
  1
AC1032
  9
$DWGCODEPAGE
  3
ANSI_1251
  9
$LASTSAVEDBY
  1
ezgikavuk
  9
$REQUIREDVERSIONS
160
0
  9
$DIMASO
 70
     1
  9
$DIMSHO
 70
     1
  9
$PLINEGEN
 70
     0
  9
$ORTHOMODE
 70
     0
  9
$REGENMODE
 70
     1
  9
$FILLMODE
 70
     1
  9
$QTEXTMODE
 70
     0
  9
$PSLTSCALE
 70
     1
  9
$LIMCHECK
 70
     0
  9
$USRTIMER
 70
     1
  9
$SKPOLY
 70
     0
  9
$ANGDIR
 70
     0
  9
$SPLFRAME
 70
     0
  9
$MIRRTEXT
 70
     0
  9
$WORLDVIEW
 70
     1
  9
$TILEMODE
 70
     1
  9
$PLIMCHECK
 70
     0
  9
$VISRETAIN
 70
     1
  9
$DISPSILH
 70
     0
  9
$PROXYGRAPHICS
 70
     1
  9
$TREEDEPTH
 70
  3020
  9
$LUNITS
 70
     2
  9
$LUPREC
 70
     4
  9
$AUNITS
 70
     0
  9
$AUPREC
 70
     0
  9
$ATTMODE
 70
     1
  9
$PDMODE
 70
     0
  9
$USERI1
 70
     0
  9
$USERI2
 70
     0
  9
$USERI3
 70
     0
  9
$USERI4
 70
     0
  9
$USERI5
 70
     0
  9
$SPLINESEGS
 70
     8
  9
$SURFU
 70
     6
  9
$SURFV
 70
     6
  9
$SURFTYPE
 70
     6
  9
$SURFTAB1
 70
     6
  9
$SURFTAB2
 70
     6
  9
$SPLINETYPE
 70
     6
  9
$SHADEDGE
 70
     3
  9
$SHADEDIF
 70
    70
  9
$UNITMODE
 70
     0
  9
$MAXACTVP
 70
    64
  9
$CMLJUST
 70
     0
  9
$LTSCALE
 40
1.0
  9
$TEXTSIZE
 40
2.5
  9
$TRACEWID
 40
1.0
  9
$SKETCHINC
 40
1.0
  9
$FILLETRAD
 40
24.9999999999965041
  9
$THICKNESS
 40
0.0
  9
$ANGBASE
 50
0.0
  9
$PDSIZE
 40
0.0
  9
$PLINEWID
 40
0.0
  9
$USERR1
 40
0.0
  9
$USERR2
 40
0.0
  9
$USERR3
 40
0.0
  9
$USERR4
 40
0.0
  9
$USERR5
 40
0.0
  9
$CHAMFERA
 40
0.0
  9
$CHAMFERB
 40
0.0
  9
$CHAMFERC
 40
0.0
  9
$CHAMFERD
 40
0.0
  9
$CMLSCALE
 40
20.0
  9
$CELTSCALE
 40
1.0
  9
$TDCREATE
 40
2460748.29388888879
  9
$TDUPDATE
 40
2461277.53166666673
  9
$TDINDWG
 40
141.440185185185186
  9
$TDUSRTIMER
 40
141.440185185185186
  9
$CECOLOR
 62
   256
  9
$HANDSEED
  5
133546
  9
$CLAYER
  8
133102
  9
$TEXTSTYLE
  7
11
  9
$CELTYPE
  6
15
  9
$DIMSTYLE
  2
933
  9
$CMLSTYLE
  2
18
  9
$PSVPSCALE
 40
0.0
  9
$PINSBASE
 10
0.0
 20
0.0
 30
0.0
  9
$PEXTMIN
 10
25.6999999999999886
 20
19.5
 30
0.0
  9
$PEXTMAX
 10
231.300000000000011
 20
175.5
 30
0.0
  9
$PLIMMIN
 10
-20.0
 20
-7.5
  9
$PLIMMAX
 10
277.0
 20
202.5
  9
$PELEVATION
 40
0.0
  9
$PUCSORG
 10
0.0
 20
0.0
 30
0.0
  9
$PUCSXDIR
 10
1.0
 20
0.0
 30
0.0
  9
$PUCSYDIR
 10
0.0
 20
1.0
 30
0.0
  9
$PUCSNAME
  2
0
  9
$PUCSORTHOREF
  2
0
  9
$PUCSORTHOVIEW
 70
     0
  9
$PUCSBASE
  2
0
  9
$PUCSORGTOP
 10
0.0
 20
0.0
 30
0.0
  9
$PUCSORGBOTTOM
 10
0.0
 20
0.0
 30
0.0
  9
$PUCSORGLEFT
 10
0.0
 20
0.0
 30
0.0
  9
$PUCSORGRIGHT
 10
0.0
 20
0.0
 30
0.0
  9
$PUCSORGFRONT
 10
0.0
 20
0.0
 30
0.0
  9
$PUCSORGBACK
 10
0.0
 20
0.0
 30
0.0
  9
$INSBASE
 10
0.0
 20
0.0
 30
0.0
  9
$EXTMIN
 10
73043.1680161261756
 20
20714.4371441844087
 30
0.0
  9
$EXTMAX
 10
76286.6680161261902
 20
23248.5754658009828
 30
0.000007256809756027
  9
$LIMMIN
 10
0.0
 20
0.0
  9
$LIMMAX
 10
420.0
 20
297.0
  9
$ELEVATION
 40
0.0
  9
$UCSORG
 10
0.0
 20
0.0
 30
0.0
  9
$UCSXDIR
 10
1.0
 20
0.0
 30
0.0
  9
$UCSYDIR
 10
0.0
 20
1.0
 30
0.0
  9
$UCSNAME
  2
0
  9
$UCSORTHOREF
  2
0
  9
$UCSORTHOVIEW
 70
     0
  9
$UCSBASE
  2
0
  9
$UCSORGTOP
 10
0.0
 20
0.0
 30
0.0
  9
$UCSORGBOTTOM
 10
0.0
 20
0.0
 30
0.0
  9
$UCSORGLEFT
 10
0.0
 20
0.0
 30
0.0
  9
$UCSORGRIGHT
 10
0.0
 20
0.0
 30
0.0
  9
$UCSORGFRONT
 10
0.0
 20
0.0
 30
0.0
  9
$UCSORGBACK
 10
0.0
 20
0.0
 30
0.0
  9
$DIMPOST
  1

  9
$DIMAPOST
  1

  9
$DIMSCALE
 40
30.4800000000000004
  9
$DIMASZ
 40
0.100000000000000006
  9
$DIMEXO
 40
0.0050000000000000001
  9
$DIMDLI
 40
0.100000000000000006
  9
$DIMEXE
 40
0.280000000000000027
  9
$DIMRND
 40
0.0
  9
$DIMDLE
 40
0.100000000000000006
  9
$DIMTP
 40
0.0
  9
$DIMTM
 40
0.0
  9
$DIMFXL
 40
0.299999999999999989
  9
$DIMJOGANG
 40
0.785398163397448279
  9
$DIMTFILLCLR
 70
     0
  9
$DIMTOL
 70
     0
  9
$DIMLIM
 70
     0
  9
$DIMTIH
 70
     0
  9
$DIMTOH
 70
     0
  9
$DIMSE1
 70
     1
  9
$DIMSE2
 70
     1
  9
$DIMTAD
 70
     0
  9
$DIMZIN
 70
     1
  9
$DIMAZIN
 70
     0
  9
$DIMARCSYM
 70
     0
  9
$DIMTXT
 40
0.200000000000000011
  9
$DIMCEN
 40
0.0899999999999999967
  9
$DIMTSZ
 40
0.0
  9
$DIMALTF
 40
25.3999999999999986
  9
$DIMLFAC
 40
1.0
  9
$DIMTVP
 40
1.0
  9
$DIMTFAC
 40
1.0
  9
$DIMGAP
 40
0.100000000000000006
  9
$DIMALTRND
 40
1.0
  9
$DIMALT
 70
     0
  9
$DIMALTD
 70
     0
  9
$DIMTOFL
 70
     1
  9
$DIMSAH
 70
     0
  9
$DIMTIX
 70
     1
  9
$DIMSOXD
 70
     0
  9
$DIMCLRD
 70
    83
  9
$DIMCLRE
 70
     7
  9
$DIMCLRT
 70
     7
  9
$DIMADEC
 70
     2
  9
$DIMDEC
 70
     1
  9
$DIMTDEC
 70
     1
  9
$DIMALTU
 70
     2
  9
$DIMALTTD
 70
     0
  9
$DIMAUNIT
 70
     0
  9
$DIMFRAC
 70
     0
  9
$DIMLUNIT
 70
     2
  9
$DIMDSEP
 70
    46
  9
$DIMTMOVE
 70
     0
  9
$DIMJUST
 70
     0
  9
$DIMSD1
 70
     0
  9
$DIMSD2
 70
     0
  9
$DIMTOLJ
 70
     1
  9
$DIMTZIN
 70
     0
  9
$DIMALTZ
 70
     0
  9
$DIMALTTZ
 70
     0
  9
$DIMUPT
 70
     0
  9
$DIMATFIT
 70
     3
  9
$DIMFXLON
 70
     1
  9
$DIMTXTDIRECTION
 70
     0
  9
$DIMTXSTY
  7
930
  9
$DIMLDRBLK
  1
7C2
  9
$DIMBLK
  1
2C1
  9
$DIMBLK1
  1
0
  9
$DIMBLK2
  1
0
  9
$DIMLWD
 70
    -2
  9
$DIMLWE
 70
    -2
  9
$TSTACKALIGN
 70
     1
  9
$TSTACKSIZE
 70
    70
  9
$HYPERLINKBASE
  1

  9
$STYLESHEET
  1
monochrome.ctb
  9
$DICTIONARY_LIGHTLIST
  5
0
  9
$CELWEIGHT
370
    -1
  9
$ENDCAPS
280
     0
  9
$JOINSTYLE
280
     0
  9
$LWDISPLAY
290
     1
  9
$XEDIT
290
     1
  9
$EXTNAMES
290
     1
  9
$PSTYLEMODE
290
     1
  9
$OLESTARTUP
290
     0
  9
$INSUNITS
 70
     4
  9
$CEPSNTYPE
380
     0
  9
$FINGERPRINTGUID
  2
{ED95CFAC-D7DA-B844-8DEE-9984EBB49471}
  9
$VERSIONGUID
  2
{AEFCAC33-6965-E145-9298-DD9E88599244}
  9
$SORTENTS
280
   127
  9
$INDEXCTL
280
     0
  9
$HIDETEXT
280
     1
  9
$XCLIPFRAME
280
     2
  9
$DIMASSOC
280
     2
  9
$HALOGAP
280
     0
  9
$OBSCOLOR
 70
   257
  9
$INTERSECTIONCOLOR
 70
   257
  9
$OBSLTYPE
280
     0
  9
$INTERSECTIONDISPLAY
280
     0
  9
$PROJECTNAME
  1

  9
$CAMERADISPLAY
290
     0
  9
$STEPSPERSEC
 40
2.0
  9
$STEPSIZE
 40
6.0
  9
$LENSLENGTH
 40
50.0
  9
$CAMERAHEIGHT
 40
0.0
  9
$SOLIDHIST
280
     0
  9
$SHOWHIST
280
     1
  9
$PSOLWIDTH
 40
5.0
  9
$PSOLHEIGHT
 40
80.0
  9
$LOFTANG1
 40
1.57079632679489656
  9
$LOFTANG2
 40
1.57079632679489656
  9
$LOFTMAG1
 40
0.0
  9
$LOFTMAG2
 40
0.0
  9
$LOFTPARAM
 70
     7
  9
$LOFTNORMALS
280
     1
  9
$LATITUDE
 40
37.7950000000000017
  9
$LONGITUDE
 40
-122.394000000000005
  9
$NORTHDIRECTION
 40
0.0
  9
$TIMEZONE
 70
 -8000
  9
$LIGHTGLYPHDISPLAY
280
     1
  9
$TILEMODELIGHTSYNCH
280
     1
  9
$DWFFRAME
280
     2
  9
$DGNFRAME
280
     0
  9
$INTERFERECOLOR
 62
     1
  9
$INTERFEREOBJVS
345
F9
  9
$INTERFEREVPVS
346
F6
  9
$DRAGVS
349
0
  9
$CSHADOW
280
     0
  9
$SHADOWPLANELOCATION
 40
0.0
  0
ENDSEC
  0
SECTION
  2
CLASSES
  0
CLASS
  1
ACDBDICTIONARYWDFLT
  2
AcDbDictionaryWithDefault
  3
ObjectDBX Classes
 90
        0
 91
        1
280
     0
281
     0
  0
CLASS
  1
ACDBPLACEHOLDER
  2
AcDbPlaceHolder
  3
ObjectDBX Classes
 90
        0
 91
        1
280
     0
281
     0
  0
CLASS
  1
LAYOUT
  2
AcDbLayout
  3
ObjectDBX Classes
 90
        0
 91
        3
280
     0
281
     0
  0
CLASS
  1
DICTIONARYVAR
  2
AcDbDictionaryVar
  3
ObjectDBX Classes
 90
        0
 91
       23
280
     0
281
     0
  0
CLASS
  1
TABLESTYLE
  2
AcDbTableStyle
  3
ObjectDBX Classes
 90
     4095
 91
        1
280
     0
281
     0
  0
CLASS
  1
MATERIAL
  2
AcDbMaterial
  3
ObjectDBX Classes
 90
     1153
 91
        3
280
     0
281
     0
  0
CLASS
  1
VISUALSTYLE
  2
AcDbVisualStyle
  3
ObjectDBX Classes
 90
     4095
 91
       25
280
     0
281
     0
  0
CLASS
  1
SCALE
  2
AcDbScale
  3
ObjectDBX Classes
 90
     1153
 91
       17
280
     0
281
     0
  0
CLASS
  1
MLEADERSTYLE
  2
AcDbMLeaderStyle
  3
ACDB_MLEADERSTYLE_CLASS
 90
     4095
 91
        1
280
     0
281
     0
  0
CLASS
  1
CELLSTYLEMAP
  2
AcDbCellStyleMap
  3
ObjectDBX Classes
 90
     1152
 91
        0
280
     0
281
     0
  0
CLASS
  1
EXACXREFPANELOBJECT
  2
ExAcXREFPanelObject
  3
EXAC_ESW
 90
     1025
 91
        0
280
     0
281
     0
  0
CLASS
  1
NPOCOLLECTION
  2
AcDbImpNonPersistentObjectsCollection
  3
ObjectDBX Classes
 90
     1153
 91
        0
280
     0
281
     0
  0
CLASS
  1
LAYER_INDEX
  2
AcDbLayerIndex
  3
ObjectDBX Classes
 90
        0
 91
        0
280
     0
281
     0
  0
CLASS
  1
SPATIAL_INDEX
  2
AcDbSpatialIndex
  3
ObjectDBX Classes
 90
        0
 91
        0
280
     0
281
     0
  0
CLASS
  1
IDBUFFER
  2
AcDbIdBuffer
  3
ObjectDBX Classes
 90
        0
 91
        0
280
     0
281
     0
  0
CLASS
  1
ACDBSECTIONVIEWSTYLE
  2
AcDbSectionViewStyle
  3
ObjectDBX Classes
 90
     1025
 91
        2
280
     0
281
     0
  0
CLASS
  1
ACDBDETAILVIEWSTYLE
  2
AcDbDetailViewStyle
  3
ObjectDBX Classes
 90
     1025
 91
        2
280
     0
281
     0
  0
CLASS
  1
SORTENTSTABLE
  2
AcDbSortentsTable
  3
ObjectDBX Classes
 90
        0
 91
       16
280
     0
281
     0
  0
CLASS
  1
DIMASSOC
  2
AcDbDimAssoc
  3
"AcDbDimAssoc|Product Desc:     AcDim ARX App For Dimension|Company:          Autodesk, Inc.|WEB Address:      www.autodesk.com"
 90
        0
 91
        2
280
     0
281
     0
  0
CLASS
  1
ACAD_EVALUATION_GRAPH
  2
AcDbEvalGraph
  3
ObjectDBX Classes
 90
     1153
 91
        2
280
     0
281
     0
  0
CLASS
  1
ACAECUSTOBJ
  2
AcAeEditorObj
  3
AcAeEditorObj
 90
     1024
 91
        0
280
     0
281
     0
  0
CLASS
  1
ACDB_DYNAMICBLOCKPURGEPREVENTER_VERSION
  2
AcDbDynamicBlockPurgePreventer
  3
ObjectDBX Classes
 90
     1153
 91
        2
280
     0
281
     0
  0
CLASS
  1
SOLID_BACKGROUND
  2
AcDbSolidBackground
  3
SCENEOE
 90
     4095
 91
        0
280
     0
281
     0
  0
CLASS
  1
RAPIDRTRENDERSETTINGS
  2
AcDbRapidRTRenderSettings
  3
ObjectDBX Classes
 90
     1024
 91
       21
280
     0
281
     0
  0
CLASS
  1
ACDB_MTEXTOBJECTCONTEXTDATA_CLASS
  2
AcDbMTextObjectContextData
  3
ObjectDBX Classes
 90
     1153
 91
        0
280
     0
281
     0
  0
CLASS
  1
IMAGE
  2
AcDbRasterImage
  3
ISM
 90
     2175
 91
        0
280
     0
281
     0
  0
CLASS
  1
IMAGEDEF_REACTOR
  2
AcDbRasterImageDefReactor
  3
ISM
 90
        1
 91
        0
280
     0
281
     0
  0
CLASS
  1
IMAGEDEF
  2
AcDbRasterImageDef
  3
ISM
 90
        0
 91
       22
280
     0
281
     0
  0
CLASS
  1
RASTERVARIABLES
  2
AcDbRasterVariables
  3
ISM
 90
        0
 91
        1
280
     0
281
     0
  0
CLASS
  1
ACDBASSOCACTION
  2
AcDbAssocAction
  3
ObjectDBX Classes
 90
     1025
 91
        0
280
     0
281
     0
  0
CLASS
  1
ACDBASSOCARRAYACTIONBODY
  2
AcDbAssocArrayActionBody
  3
ObjectDBX Classes
 90
     1025
 91
        0
280
     0
281
     0
  0
CLASS
  1
ACDBASSOCDEPENDENCY
  2
AcDbAssocDependency
  3
ObjectDBX Classes
 90
     1025
 91
        0
280
     0
281
     0
  0
CLASS
  1
ACDBASSOCVERTEXACTIONPARAM
  2
AcDbAssocVertexActionParam
  3
ObjectDBX Classes
 90
     1025
 91
        0
280
     0
281
     0
  0
CLASS
  1
ACDBASSOCARRAYPOLARPARAMETERS
  2
AcDbAssocArrayPolarParameters
  3
ObjectDBX Classes
 90
     1025
 91
        0
280
     0
281
     0
  0
CLASS
  1
ACDBASSOCNETWORK
  2
AcDbAssocNetwork
  3
ObjectDBX Classes
 90
     1025
 91
        1
280
     0
281
     0
  0
CLASS
  1
BLOCKLINEARPARAMETER
  2
AcDbBlockLinearParameter
  3
ObjectDBX Classes
 90
     1153
 91
        6
280
     0
281
     0
  0
CLASS
  1
BLOCKSCALEACTION
  2
AcDbBlockScaleAction
  3
ObjectDBX Classes
 90
     1153
 91
        0
280
     0
281
     0
  0
CLASS
  1
BLOCKLINEARGRIP
  2
AcDbBlockLinearGrip
  3
ObjectDBX Classes
 90
     1153
 91
        6
280
     0
281
     0
  0
CLASS
  1
BLOCKGRIPLOCATIONCOMPONENT
  2
AcDbBlockGripExpr
  3
ObjectDBX Classes
 90
     1153
 91
       20
280
     0
281
     0
  0
CLASS
  1
BLOCKSTRETCHACTION
  2
AcDbBlockStretchAction
  3
ObjectDBX Classes
 90
     1153
 91
        6
280
     0
281
     0
  0
CLASS
  1
BLOCKLOOKUPPARAMETER
  2
AcDbBlockLookupParameter
  3
ObjectDBX Classes
 90
     1153
 91
        0
280
     0
281
     0
  0
CLASS
  1
BLOCKLOOKUPGRIP
  2
AcDbBlockLookupGrip
  3
ObjectDBX Classes
 90
     1153
 91
        0
280
     0
281
     0
  0
CLASS
  1
BLOCKLOOKUPACTION
  2
AcDbBlockLookupAction
  3
ObjectDBX Classes
 90
     1153
 91
        0
280
     0
281
     0
  0
CLASS
  1
WIPEOUT
  2
AcDbWipeout
  3
WipeOut|Product Desc: Object Enabler for WipeOut entity | Company: Autodesk, Inc. | WEB Address: www.autodesk.com
 90
     2175
 91
        0
280
     0
281
     0
  0
CLASS
  1
ACDB_BLOCKREPRESENTATION_DATA
  2
AcDbBlockRepresentationData
  3
ObjectDBX Classes
 90
     1153
 91
        5
280
     0
281
     0
  0
CLASS
  1
WIPEOUTVARIABLES
  2
AcDbWipeoutVariables
  3
"WipeOut|Product Desc:     WipeOut Dbx Application|Company:          Autodesk, Inc.|WEB Address:      www.autodesk.com"
 90
        0
 91
        1
280
     0
281
     0
  0
CLASS
  1
ACDB_DYNAMICBLOCKPROXYNODE
  2
AcDbDynamicBlockProxyNode
  3
ObjectDBX Classes
 90
     1153
 91
        0
280
     0
281
     0
  0
CLASS
  1
BLOCKVISIBILITYPARAMETER
  2
AcDbBlockVisibilityParameter
  3
ObjectDBX Classes
 90
     1153
 91
        1
280
     0
281
     0
  0
CLASS
  1
BLOCKVISIBILITYGRIP
  2
AcDbBlockVisibilityGrip
  3
ObjectDBX Classes
 90
     1153
 91
        1
280
     0
281
     0
  0
CLASS
  1
BLOCKALIGNMENTPARAMETER
  2
AcDbBlockAlignmentParameter
  3
ObjectDBX Classes
 90
     1153
 91
        1
280
     0
281
     0
  0
CLASS
  1
BLOCKALIGNMENTGRIP
  2
AcDbBlockAlignmentGrip
  3
ObjectDBX Classes
 90
     1153
 91
        1
280
     0
281
     0
  0
CLASS
  1
BLOCKARRAYACTION
  2
AcDbBlockArrayAction
  3
ObjectDBX Classes
 90
     1153
 91
        1
280
     0
281
     0
  0
CLASS
  1
BLOCKPOINTPARAMETER
  2
AcDbBlockPointParameter
  3
ObjectDBX Classes
 90
     1153
 91
        1
280
     0
281
     0
  0
CLASS
  1
BLOCKXYGRIP
  2
AcDbBlockXYGrip
  3
ObjectDBX Classes
 90
     1153
 91
        1
280
     0
281
     0
  0
CLASS
  1
BLOCKMOVEACTION
  2
AcDbBlockMoveAction
  3
ObjectDBX Classes
 90
     1153
 91
        1
280
     0
281
     0
  0
CLASS
  1
BLOCKROTATIONPARAMETER
  2
AcDbBlockRotationParameter
  3
ObjectDBX Classes
 90
     1153
 91
        1
280
     0
281
     0
  0
CLASS
  1
BLOCKROTATIONGRIP
  2
AcDbBlockRotationGrip
  3
ObjectDBX Classes
 90
     1153
 91
        1
280
     0
281
     0
  0
CLASS
  1
BLOCKROTATEACTION
  2
AcDbBlockRotateAction
  3
ObjectDBX Classes
 90
     1153
 91
        1
280
     0
281
     0
  0
ENDSEC
  0
SECTION
  2
TABLES
  0
TABLE
  2
VPORT
  5
8
330
0
100
AcDbSymbolTable
 70
        1
  0
VPORT
  5
EA
330
8
100
AcDbSymbolTableRecord
100
AcDbViewportTableRecord
  2
*Active
 70
     3
 10
0.0
 20
0.0
 11
1.0
 21
1.0
 12
42254.8015
 22
-883.2862
 13
0.0
 23
0.0
 14
10.0
 24
10.0
 15
10.0
 25
10.0
 16
0.0
 26
0.0
 36
581.1207
 17
32031.1346
 27
22614.6489
 37
0.0
 40
868.806819891485361
 41
0.7438
 42
50.0
 43
0.0
 44
0.0
 50
0.0
 51
0.0
 71
    16
 72
  1000
 73
     1
 74
     3
 75
     0
 76
     0
 77
     0
 78
     0
281
     0
110
0.0
120
0.0
130
0.0
111
1.0
121
0.0
131
0.0
112
0.0
122
1.0
132
0.0
 79
     0
146
0.0
348
F5
 61
     5
292
     1
282
     1
141
0.0
142
0.0
 63
   250
1001
ACAD_NAV_VCDISPLAY
1070
     3
  0
ENDTAB
  0
TABLE
  2
LTYPE
  5
5
330
0
100
AcDbSymbolTable
 70
       11
  0
LTYPE
  5
4767
330
5
100
AcDbSymbolTableRecord
100
AcDbLinetypeTableRecord
  2
DASHED
 70
     0
  3
Dashed __ __ __ __ __ __ __ __ __ __ __ __ __ _
 72
    65
 73
     2
 40
19.05
 49
12.7
 74
     0
 49
-6.35
 74
     0
  0
LTYPE
  5
4768
330
5
100
AcDbSymbolTableRecord
100
AcDbLinetypeTableRecord
  2
IZDUSUM1
 70
     0
  3

 72
    65
 73
     3
 40
20.0
 49
7.5
 74
     0
 49
-5.0
 74
     0
 49
7.5
 74
     0
  0
LTYPE
  5
24991
330
5
100
AcDbSymbolTableRecord
100
AcDbLinetypeTableRecord
  2
ACAD_ISO04W100
 70
     0
  3
ISO long-dash dot ____ . ____ . ____ . ____ . _
 72
    65
 73
     4
 40
30.5
 49
24.0
 74
     0
 49
-3.0
 74
     0
 49
0.5
 74
     0
 49
-3.0
 74
     0
  0
LTYPE
  5
1333F0
330
5
100
AcDbSymbolTableRecord
100
AcDbLinetypeTableRecord
  2
AM_ISO08W050
 70
     0
  3
____ . ____ . ____ . ____ . ____ . ____ . ____
 72
    65
 73
     4
 40
18.0
 49
12.0
 74
     0
 49
-1.5
 74
     0
 49
3.0
 74
     0
 49
-1.5
 74
     0
  0
LTYPE
  5
14
330
5
100
AcDbSymbolTableRecord
100
AcDbLinetypeTableRecord
  2
ByBlock
 70
     0
  3

 72
    65
 73
     0
 40
0.0
  0
LTYPE
  5
15
330
5
100
AcDbSymbolTableRecord
100
AcDbLinetypeTableRecord
  2
ByLayer
 70
     0
  3

 72
    65
 73
     0
 40
0.0
  0
LTYPE
  5
16
330
5
100
AcDbSymbolTableRecord
100
AcDbLinetypeTableRecord
  2
Continuous
 70
     0
  3
Solid line
 72
    65
 73
     0
 40
0.0
  0
LTYPE
  5
8FF
330
5
100
AcDbSymbolTableRecord
100
AcDbLinetypeTableRecord
  2
DUZ
 70
     0
  3
Description:
 72
    65
 73
     0
 40
0.0
  0
LTYPE
  5
900
330
5
100
AcDbSymbolTableRecord
100
AcDbLinetypeTableRecord
  2
ACAD_ISO03W100
 70
     0
  3
ISO dash space __    __    __    __    __    __
 72
    65
 73
     2
 40
30.0
 49
12.0
 74
     0
 49
-18.0
 74
     0
  0
LTYPE
  5
4765
330
5
100
AcDbSymbolTableRecord
100
AcDbLinetypeTableRecord
  2
HIDDEN
 70
     0
  3
Hidden __ __ __ __ __ __ __ __ __ __ __ __ __ _
 72
    65
 73
     2
 40
0.375
 49
0.25
 74
     0
 49
-0.125
 74
     0
  0
LTYPE
  5
4766
330
5
100
AcDbSymbolTableRecord
100
AcDbLinetypeTableRecord
  2
ACAD_ISO07W100
 70
     0
  3
ISO dot . . . . . . . . . . . . . . . . . . . .
 72
    65
 73
     2
 40
3.5
 49
0.5
 74
     0
 49
-3.0
 74
     0
  0
ENDTAB
  0
TABLE
  2
LAYER
  5
2
330
0
100
AcDbSymbolTable
 70
       47
  0
LAYER
  5
90D
330
2
100
AcDbSymbolTableRecord
100
AcDbLayerTableRecord
  2
S-PERDE
 70
     4
 62
   252
  6
Continuous
290
     1
370
     0
390
F
347
EE
1001
RAK
1000
{ACET-LAYISO
1070
     0
1070
     4
1000
CONTINUOUS
1071
        0
1071
        1
1005
F
1000
ACET-LAYISO}
  0
LAYER
  5
90F
330
2
100
AcDbSymbolTableRecord
100
AcDbLayerTableRecord
  2
A_TXT_ROOM
 70
     4
 62
   252
  6
Continuous
290
     1
370
    -3
390
F
347
EE
  0
LAYER
  5
911
330
2
100
AcDbSymbolTableRecord
100
AcDbLayerTableRecord
  2
A_INT_STAIR
 70
     4
 62
   252
  6
Continuous
290
     1
370
    -3
390
F
347
EE
  0
LAYER
  5
913
330
2
100
AcDbSymbolTableRecord
100
AcDbLayerTableRecord
  2
A_DOOR_WINDOW
 70
     4
 62
   252
  6
Continuous
290
     1
370
    -3
390
F
347
EE
  0
LAYER
  5
915
330
2
100
AcDbSymbolTableRecord
100
AcDbLayerTableRecord
  2
A_ELEV_03
 70
     4
 62
   252
  6
Continuous
290
     1
370
    -3
390
F
347
EE
  0
LAYER
  5
919
330
2
100
AcDbSymbolTableRecord
100
AcDbLayerTableRecord
  2
A_ELEV_04
 70
     4
 62
   252
  6
Continuous
290
     1
370
    -3
390
F
347
EE
  0
LAYER
  5
91B
330
2
100
AcDbSymbolTableRecord
100
AcDbLayerTableRecord
  2
A_WALL_BLOK-15
 70
     4
 62
   252
  6
Continuous
290
     1
370
    -3
390
F
347
EE
  0
LAYER
  5
926
330
2
100
AcDbSymbolTableRecord
100
AcDbLayerTableRecord
  2
tefriş
 70
     6
 62
   252
  6
Continuous
290
     1
370
    -3
390
F
347
EE
1001
AcAecLayerStandard
1000

1000

1001
AcCmTransparency
1071
        0
  0
LAYER
  5
927
330
2
100
AcDbSymbolTableRecord
100
AcDbLayerTableRecord
  2
ölçü
 70
     4
 62
   252
  6
DUZ
290
     1
370
    13
390
F
347
EE
1001
AcAecLayerStandard
1000

1000

1001
AcCmTransparency
1071
        0
  0
LAYER
  5
151C
330
2
100
AcDbSymbolTableRecord
100
AcDbLayerTableRecord
  2
a_yazı
 70
     4
 62
   252
  6
Continuous
290
     1
370
     9
390
F
347
EE
  0
LAYER
  5
1521
330
2
100
AcDbSymbolTableRecord
100
AcDbLayerTableRecord
  2
A_ELEV_01
 70
     4
 62
   252
  6
Continuous
290
     1
370
    -3
390
F
347
EE
  0
LAYER
  5
1524
330
2
100
AcDbSymbolTableRecord
100
AcDbLayerTableRecord
  2
KAPI
 70
     4
 62
   252
  6
Continuous
290
     1
370
    -3
390
F
347
EE
  0
LAYER
  5
476E
330
2
100
AcDbSymbolTableRecord
100
AcDbLayerTableRecord
  2
TEFRIS
 70
     4
 62
   252
  6
Continuous
290
     1
370
    -3
390
F
347
EE
  0
LAYER
  5
4770
330
2
100
AcDbSymbolTableRecord
100
AcDbLayerTableRecord
  2
A_FURN_FIX
 70
     4
 62
   252
  6
Continuous
290
     1
370
    -3
390
F
347
EE
  0
LAYER
  5
4773
330
2
100
AcDbSymbolTableRecord
100
AcDbLayerTableRecord
  2
İNCE
 70
     4
 62
   252
  6
Continuous
290
     1
370
     9
390
F
347
EE
1001
AcAecLayerStandard
1000

1000
DUVAR
1001
AcCmTransparency
1071
        0
  0
LAYER
  5
4775
330
2
100
AcDbSymbolTableRecord
100
AcDbLayerTableRecord
  2
M-DU-03
 70
     4
 62
   252
  6
Continuous
290
     1
370
    15
390
F
347
EE
  0
LAYER
  5
4777
330
2
100
AcDbSymbolTableRecord
100
AcDbLayerTableRecord
  2
Urinal
 70
     4
 62
   252
  6
Continuous
290
     1
370
     9
390
F
347
EE
1001
AcAecLayerStandard
1000

1000

  0
LAYER
  5
4779
330
2
100
AcDbSymbolTableRecord
100
AcDbLayerTableRecord
  2
K1
 70
     4
 62
   252
  6
Continuous
290
     1
370
    13
390
F
347
EE
1001
AcAecLayerStandard
1000

1000
DUVAR
1001
AcCmTransparency
1071
        0
  0
LAYER
  5
477A
330
2
100
AcDbSymbolTableRecord
100
AcDbLayerTableRecord
  2
M-IZ-02
 70
     4
 62
   252
  6
IZDUSUM1
290
     1
370
     5
390
F
347
EE
  0
LAYER
  5
477B
330
2
100
AcDbSymbolTableRecord
100
AcDbLayerTableRecord
  2
TEFRIŞ20
 70
     4
 62
   252
  6
Continuous
290
     1
370
     9
390
F
347
EE
  0
LAYER
  5
477C
330
2
100
AcDbSymbolTableRecord
100
AcDbLayerTableRecord
  2
Ersa Tefriş
 70
     4
 62
   252
  6
Continuous
290
     1
370
    18
390
F
347
EE
1001
AcAecLayerStandard
1000

1000

1001
AcCmTransparency
1071
        0
  0
LAYER
  5
14C11
330
2
100
AcDbSymbolTableRecord
100
AcDbLayerTableRecord
  2
KİRİŞ
 70
     2
 62
   252
  6
Continuous
290
     1
370
    -3
390
F
347
EE
1001
AcAecLayerStandard
1000

1000

1001
AcCmTransparency
1071
        0
  0
LAYER
  5
24999
330
2
100
AcDbSymbolTableRecord
100
AcDbLayerTableRecord
  2
Layer3
 70
     4
 62
   252
  6
Continuous
290
     1
370
    18
390
F
347
EE
  0
LAYER
  5
48A3F
330
2
100
AcDbSymbolTableRecord
100
AcDbLayerTableRecord
  2
Alçıpan
 70
     6
 62
   252
  6
Continuous
290
     1
370
    -3
390
F
347
EE
1001
AcAecLayerStandard
1000

1000

1001
AcCmTransparency
1071
        0
  0
LAYER
  5
49C67
330
2
100
AcDbSymbolTableRecord
100
AcDbLayerTableRecord
  2
CAM
 70
     4
 62
   252
  6
Continuous
290
     1
370
    -3
390
F
347
EE
1001
RAK
1000
{ACET-LAYISO
1070
     0
1070
     5
1000
Continuous
1071
       -3
1071
        1
1005
F
1000
ACET-LAYISO}
1001
AcAecLayerStandard
1000

1000

  0
LAYER
  5
116168
330
2
100
AcDbSymbolTableRecord
100
AcDbLayerTableRecord
  2
E-Elektrik Yazı
 70
     4
 62
   252
  6
Continuous
290
     1
370
    25
390
F
347
EE
1001
AcAecLayerStandard
1000

1000

1001
AcCmTransparency
1071
        0
  0
LAYER
  5
116169
330
2
100
AcDbSymbolTableRecord
100
AcDbLayerTableRecord
  2
E-Priz
 70
     4
 62
   252
  6
Continuous
290
     1
370
    25
390
F
347
EE
1001
AcAecLayerStandard
1000

1000

1001
AcCmTransparency
1071
        0
  0
LAYER
  5
133046
330
2
100
AcDbSymbolTableRecord
100
AcDbLayerTableRecord
  2
-VV-UFLEME-KANALI
 70
     0
 62
    11
  6
Continuous
290
     1
370
    30
390
F
347
EE
  0
LAYER
  5
133077
330
2
100
AcDbSymbolTableRecord
100
AcDbLayerTableRecord
  2
-M-HT-MENFEZ YAZI
 70
     0
 62
     7
  6
Continuous
290
     1
370
    -3
390
F
347
EE
1001
AcAecLayerStandard
1000

1000

1001
AcCmTransparency
1071
        0
  0
LAYER
  5
1330D6
330
2
100
AcDbSymbolTableRecord
100
AcDbLayerTableRecord
  2
MEKA - Havalandırma Cihaz
 70
     0
 62
     4
  6
Continuous
290
     1
370
    35
390
F
347
EE
  0
LAYER
  5
1330D8
330
2
100
AcDbSymbolTableRecord
100
AcDbLayerTableRecord
  2
MEK-H- Havalandırma Cihaz
 70
     4
 62
     4
  6
Continuous
290
     1
370
    35
390
F
347
EE
  0
LAYER
  5
1330DC
330
2
100
AcDbSymbolTableRecord
100
AcDbLayerTableRecord
  2
abc - 6 - Havalandırma Cihaz
 70
     4
 62
     4
  6
Continuous
290
     1
370
    35
390
F
347
EE
  0
LAYER
  5
133102
330
2
100
AcDbSymbolTableRecord
100
AcDbLayerTableRecord
  2
-VV-EMIS-KANALI
 70
     0
 62
    12
  6
Continuous
290
     1
370
    30
390
F
347
EE
  0
LAYER
  5
133189
330
2
100
AcDbSymbolTableRecord
100
AcDbLayerTableRecord
  2
-M-HT-LINEER BAR EGZOZ
 70
     4
 62
    30
  6
Continuous
290
     1
370
    35
390
F
347
EE
1001
AcAecLayerStandard
1000

1000

1001
AcCmTransparency
1071
        0
  0
LAYER
  5
13318A
330
2
100
AcDbSymbolTableRecord
100
AcDbLayerTableRecord
  2
-M-HT-EGZOZ MENFEZ
 70
     0
 62
   241
  6
Continuous
290
     1
370
    30
390
F
347
EE
1001
AcAecLayerStandard
1000

1000

1001
RAK
1000
{ACET-LAYISO
1070
     2
1070
   241
1000
CONTINUOUS
1071
       40
1071
        1
1005
F
1000
ACET-LAYISO}
  0
LAYER
  5
133288
330
2
100
AcDbSymbolTableRecord
100
AcDbLayerTableRecord
  2
MTY-UFLEME-KANALI-CAP
 70
     4
 62
    21
  6
Continuous
290
     1
370
    -3
390
F
347
EE
  0
LAYER
  5
133289
330
2
100
AcDbSymbolTableRecord
100
AcDbLayerTableRecord
  2
-VV-UFLEME-KANALI-DAMPER
 70
     0
 62
     7
  6
Continuous
290
     1
370
    -3
390
F
347
EE
  0
LAYER
  5
1333F1
330
2
100
AcDbSymbolTableRecord
100
AcDbLayerTableRecord
  2
OUTLINE
 70
     4
 62
     3
  6
Continuous
290
     1
370
    -3
390
F
347
EE
  0
LAYER
  5
1333F2
330
2
100
AcDbSymbolTableRecord
100
AcDbLayerTableRecord
  2
DETAIL
 70
     4
 62
     5
  6
Continuous
290
     1
370
    -3
390
F
347
EE
  0
LAYER
  5
1333F3
330
2
100
AcDbSymbolTableRecord
100
AcDbLayerTableRecord
  2
ARRANGE
 70
     4
 62
     1
  6
Continuous
290
     1
370
    -3
390
F
347
EE
  0
LAYER
  5
1333F4
330
2
100
AcDbSymbolTableRecord
100
AcDbLayerTableRecord
  2
FIX
 70
     4
 62
    11
  6
Continuous
290
     1
370
    -3
390
F
347
EE
  0
LAYER
  5
1333F5
330
2
100
AcDbSymbolTableRecord
100
AcDbLayerTableRecord
  2
BASIS
 70
     4
 62
     6
  6
AM_ISO08W050
290
     1
370
    -3
390
F
347
EE
  0
LAYER
  5
10
330
2
100
AcDbSymbolTableRecord
100
AcDbLayerTableRecord
  2
0
 70
     0
 62
   252
  6
Continuous
290
     1
370
    -3
390
F
347
EE
  0
LAYER
  5
902
330
2
100
AcDbSymbolTableRecord
100
AcDbLayerTableRecord
  2
BG-COV-MRT
 70
     4
 62
   252
  6
Continuous
290
     1
370
    -3
390
F
347
EE
  0
LAYER
  5
904
330
2
100
AcDbSymbolTableRecord
100
AcDbLayerTableRecord
  2
DEFPOINTS
 70
     4
 62
   252
  6
Continuous
290
     0
370
    -3
390
F
347
EE
  0
LAYER
  5
907
330
2
100
AcDbSymbolTableRecord
100
AcDbLayerTableRecord
  2
S-KOLON
 70
     4
 62
   252
  6
Continuous
290
     1
370
    40
390
F
347
EE
1001
ACLAYTRANS
1000
KOLON
1001
RAK
1000
{ACET-LAYISO
1070
     0
1070
     2
1000
CONTINUOUS
1071
        0
1071
        1
1005
F
1000
ACET-LAYISO}
  0
LAYER
  5
133518
330
2
100
AcDbSymbolTableRecord
100
AcDbLayerTableRecord
  2
WatermarkLayer
 70
     0
 62
     0
  6
Continuous
290
     1
370
     0
390
F
347
EE
1001
AcAecLayerStandard
1000

1001
AcCmTransparency
1071
 33554546
  0
ENDTAB
  0
TABLE
  2
STYLE
  5
3
330
0
100
AcDbSymbolTable
 70
        5
  0
STYLE
  5
11
330
3
100
AcDbSymbolTableRecord
100
AcDbTextStyleTableRecord
  2
Standard
 70
    16
 40
0.0
 41
1.0
 50
0.0
 71
     0
 42
2.5
  3
Arial.ttf
  4

1001
ACAD
1000
Arial
1071
       34
  0
STYLE
  5
92B
330
3
100
AcDbSymbolTableRecord
100
AcDbTextStyleTableRecord
  2
ARIEL50S
 70
    16
 40
15.0
 41
1.0
 50
0.0
 71
     0
 42
15.0
  3
Arial.ttf
  4

1001
ACAD
1000
Arial
1071
       34
  0
STYLE
  5
930
330
3
100
AcDbSymbolTableRecord
100
AcDbTextStyleTableRecord
  2
OZGUR
 70
    16
 40
0.0
 41
1.0
 50
0.0
 71
     0
 42
3810.0
  3

  4

1001
ACAD
1000
@Arial Unicode MS
1071
    41506
  0
STYLE
  5
152C
330
3
100
AcDbSymbolTableRecord
100
AcDbTextStyleTableRecord
  2
ARIEL50M
 70
    16
 40
25.0
 41
1.0
 50
0.0
 71
     0
 42
250.0
  3
Arial.ttf
  4

1001
ACAD
1000
Arial
1071
       34
  0
STYLE
  5
13328A
330
3
100
AcDbSymbolTableRecord
100
AcDbTextStyleTableRecord
  2
CAP
 70
    16
 40
0.0
 41
0.8
 50
0.0
 71
     0
 42
2.5
  3
simplxtw.shx
  4

  0
ENDTAB
  0
TABLE
  2
VIEW
  5
6
330
0
100
AcDbSymbolTable
 70
        0
  0
ENDTAB
  0
TABLE
  2
UCS
  5
7
330
0
100
AcDbSymbolTable
 70
        0
  0
ENDTAB
  0
TABLE
  2
APPID
  5
9
330
0
100
AcDbSymbolTable
 70
       34
  0
APPID
  5
136
330
9
100
AcDbSymbolTableRecord
100
AcDbRegAppTableRecord
  2
ACAD_DSTYLE_DIMTALN
 70
     0
  0
APPID
  5
165
330
9
100
AcDbSymbolTableRecord
100
AcDbRegAppTableRecord
  2
ACAD_MLEADERVER
 70
     0
  0
APPID
  5
217
330
9
100
AcDbSymbolTableRecord
100
AcDbRegAppTableRecord
  2
ACAD_NAV_VCDISPLAY
 70
     0
  0
APPID
  5
935
330
9
100
AcDbSymbolTableRecord
100
AcDbRegAppTableRecord
  2
AcAecLayerStandard
 70
     0
  0
APPID
  5
936
330
9
100
AcDbSymbolTableRecord
100
AcDbRegAppTableRecord
  2
AcDbDynamicBlockGUID
 70
     0
  0
APPID
  5
937
330
9
100
AcDbSymbolTableRecord
100
AcDbRegAppTableRecord
  2
AcCmTransparency
 70
     0
  0
APPID
  5
938
330
9
100
AcDbSymbolTableRecord
100
AcDbRegAppTableRecord
  2
GradientColor1ACI
 70
     0
  0
APPID
  5
939
330
9
100
AcDbSymbolTableRecord
100
AcDbRegAppTableRecord
  2
GradientColor2ACI
 70
     0
  0
APPID
  5
93A
330
9
100
AcDbSymbolTableRecord
100
AcDbRegAppTableRecord
  2
AcDbBlockRepETag
 70
     0
  0
APPID
  5
93B
330
9
100
AcDbSymbolTableRecord
100
AcDbRegAppTableRecord
  2
RAK
 70
     0
  0
APPID
  5
93C
330
9
100
AcDbSymbolTableRecord
100
AcDbRegAppTableRecord
  2
ACLAYTRANS
 70
     0
  0
APPID
  5
93D
330
9
100
AcDbSymbolTableRecord
100
AcDbRegAppTableRecord
  2
ACAD_DSTYLE_DIMBREAK
 70
     0
  0
APPID
  5
152E
330
9
100
AcDbSymbolTableRecord
100
AcDbRegAppTableRecord
  2
RevcloudProps
 70
     0
  0
APPID
  5
2A56
330
9
100
AcDbSymbolTableRecord
100
AcDbRegAppTableRecord
  2
ACAD_EXEMPT_FROM_CAD_STANDARDS
 70
     0
  0
APPID
  5
1475E
330
9
100
AcDbSymbolTableRecord
100
AcDbRegAppTableRecord
  2
ACAUTHENVIRON
 70
     0
  0
APPID
  5
14764
330
9
100
AcDbSymbolTableRecord
100
AcDbRegAppTableRecord
  2
AcDbDynamicBlockTrueName
 70
     0
  0
APPID
  5
489D3
330
9
100
AcDbSymbolTableRecord
100
AcDbRegAppTableRecord
  2
PE_URL
 70
     0
  0
APPID
  5
49C71
330
9
100
AcDbSymbolTableRecord
100
AcDbRegAppTableRecord
  2
AcDbBlockRepBTag
 70
     0
  0
APPID
  5
807DB
330
9
100
AcDbSymbolTableRecord
100
AcDbRegAppTableRecord
  2
AcadAnnoMonitorAlertIconDisabled
 70
     0
  0
APPID
  5
B7F3E
330
9
100
AcDbSymbolTableRecord
100
AcDbRegAppTableRecord
  2
PLOTTRANSPARENCY
 70
     0
  0
APPID
  5
104DE9
330
9
100
AcDbSymbolTableRecord
100
AcDbRegAppTableRecord
  2
DCO15
 70
     0
  0
APPID
  5
1234CD
330
9
100
AcDbSymbolTableRecord
100
AcDbRegAppTableRecord
  2
AcDbDynamicBlockTrueName2
 70
     0
  0
APPID
  5
13304A
330
9
100
AcDbSymbolTableRecord
100
AcDbRegAppTableRecord
  2
AcLayerTools
 70
     0
  0
APPID
  5
13304B
330
9
100
AcDbSymbolTableRecord
100
AcDbRegAppTableRecord
  2
MTYKANAL
 70
     0
  0
APPID
  5
13328B
330
9
100
AcDbSymbolTableRecord
100
AcDbRegAppTableRecord
  2
AcDbBlockArrayActionTag
 70
     0
  0
APPID
  5
13328C
330
9
100
AcDbSymbolTableRecord
100
AcDbRegAppTableRecord
  2
AcDbBlockArrayActionBEDITTag
 70
     0
  0
APPID
  5
13328D
330
9
100
AcDbSymbolTableRecord
100
AcDbRegAppTableRecord
  2
MTYKANALDAMPER
 70
     0
  0
APPID
  5
12
330
9
100
AcDbSymbolTableRecord
100
AcDbRegAppTableRecord
  2
ACAD
 70
     0
  0
APPID
  5
9E
330
9
100
AcDbSymbolTableRecord
100
AcDbRegAppTableRecord
  2
ACAD_PSEXT
 70
     0
  0
APPID
  5
133
330
9
100
AcDbSymbolTableRecord
100
AcDbRegAppTableRecord
  2
AcadAnnoPO
 70
     0
  0
APPID
  5
134
330
9
100
AcDbSymbolTableRecord
100
AcDbRegAppTableRecord
  2
AcadAnnotative
 70
     0
  0
APPID
  5
135
330
9
100
AcDbSymbolTableRecord
100
AcDbRegAppTableRecord
  2
ACAD_DSTYLE_DIMJAG
 70
     0
  0
APPID
  5
133516
330
9
100
AcDbSymbolTableRecord
100
AcDbRegAppTableRecord
  2
AcAecLayerStandard
 70
     0
  0
APPID
  5
133517
330
9
100
AcDbSymbolTableRecord
100
AcDbRegAppTableRecord
  2
AcCmTransparency
 70
     0
  0
ENDTAB
  0
TABLE
  2
DIMSTYLE
  5
A
330
0
100
AcDbSymbolTable
 70
        2
100
AcDbDimStyleTable
 71
     2
340
1B0
340
933
  0
DIMSTYLE
105
1B0
330
A
100
AcDbSymbolTableRecord
100
AcDbDimStyleTableRecord
  2
Standard
 70
     0
  3

  4

 40
1.0
 41
0.18
 42
0.0625
 43
0.38
 44
0.18
 45
0.0
 46
0.0
 47
0.0
 48
0.0
 49
1.0
 50
0.7854
 71
     0
 72
     0
 73
     1
 74
     1
 75
     0
 76
     0
 77
     0
 78
     0
 79
     0
 90
        0
140
0.18
141
0.09
142
0.0
143
25.4
144
1.0
145
0.0
146
1.0
147
0.09
148
0.0
170
     0
171
     2
172
     0
173
     0
174
     0
175
     0
176
     0
177
     0
178
     0
179
     0
271
     4
272
     4
273
     2
274
     2
275
     0
276
     0
277
     2
278
    46
279
     0
280
     0
281
     0
282
     0
283
     1
284
     0
285
     0
286
     0
287
     3
288
     0
290
     0
340
11
371
    -2
372
    -2
  0
DIMSTYLE
105
933
330
A
100
AcDbSymbolTableRecord
100
AcDbDimStyleTableRecord
  2
İÇ ÖLÇÜLENDİRME
 70
     0
  3

  4

 40
30.48
 41
0.1
 42
0.005
 43
0.1
 44
0.28
 45
0.0
 46
0.1
 47
0.0
 48
0.0
 49
0.3
 50
0.7854
 71
     0
 72
     0
 73
     0
 74
     0
 75
     1
 76
     1
 77
     0
 78
     1
 79
     0
 90
        0
140
0.2
141
0.09
142
0.0
143
25.4
144
1.0
145
1.0
146
1.0
147
0.1
148
1.0
170
     0
171
     0
172
     1
173
     0
174
     1
175
     0
176
    83
177
     7
178
     7
179
     2
271
     1
272
     1
273
     2
274
     0
275
     0
276
     0
277
     2
278
    46
279
     0
280
     0
281
     0
282
     0
283
     1
284
     0
285
     0
286
     0
287
     3
288
     0
290
     1
340
930
341
7C2
371
    -2
372
    -2
1001
ACAD_DSTYLE_DIMBREAK
1070
   391
1040
3.75
1001
ACAD_DSTYLE_DIMJAG
1070
   388
1040
1.5
1001
ACAD_DSTYLE_DIMTALN
1070
   392
1070
     0
  0
ENDTAB
  0
TABLE
  2
BLOCK_RECORD
  5
1
330
0
100
AcDbSymbolTable
 70
       44
  0
BLOCK_RECORD
  5
36AC
330
1
100
AcDbSymbolTableRecord
100
AcDbBlockTableRecord
  2
p_hgr
310
2800000020000000200000000100080000000000000400000000000000000000000000000000000000000000000080000080000000808000800000008000800080800000C0C0C000C0DCC000F0CAA6000020400000206000002080000020A0000020C0000020E00000400000004020000040400000406000004080000040A0
310
000040C0000040E00000600000006020000060400000606000006080000060A0000060C0000060E00000800000008020000080400000806000008080000080A0000080C0000080E00000A0000000A0200000A0400000A0600000A0800000A0A00000A0C00000A0E00000C0000000C0200000C0400000C0600000C0800000C0
310
A00000C0C00000C0E00000E0000000E0200000E0400000E0600000E0800000E0A00000E0C00000E0E00040000000400020004000400040006000400080004000A0004000C0004000E00040200000402020004020400040206000402080004020A0004020C0004020E000404000004040200040404000404060004040800040
310
40A0004040C0004040E00040600000406020004060400040606000406080004060A0004060C0004060E00040800000408020004080400040806000408080004080A0004080C0004080E00040A0000040A0200040A0400040A0600040A0800040A0A00040A0C00040A0E00040C0000040C0200040C0400040C0600040C08000
310
40C0A00040C0C00040C0E00040E0000040E0200040E0400040E0600040E0800040E0A00040E0C00040E0E00080000000800020008000400080006000800080008000A0008000C0008000E00080200000802020008020400080206000802080008020A0008020C0008020E00080400000804020008040400080406000804080
310
008040A0008040C0008040E00080600000806020008060400080606000806080008060A0008060C0008060E00080800000808020008080400080806000808080008080A0008080C0008080E00080A0000080A0200080A0400080A0600080A0800080A0A00080A0C00080A0E00080C0000080C0200080C0400080C0600080C0
310
800080C0A00080C0C00080C0E00080E0000080E0200080E0400080E0600080E0800080E0A00080E0C00080E0E000C0000000C0002000C0004000C0006000C0008000C000A000C000C000C000E000C0200000C0202000C0204000C0206000C0208000C020A000C020C000C020E000C0400000C0402000C0404000C0406000C0
310
408000C040A000C040C000C040E000C0600000C0602000C0604000C0606000C0608000C060A000C060C000C060E000C0800000C0802000C0804000C0806000C0808000C080A000C080C000C080E000C0A00000C0A02000C0A04000C0A06000C0A08000C0A0A000C0A0C000C0A0E000C0C00000C0C02000C0C04000C0C06000
310
C0C08000C0C0A000F0FBFF00A4A0A000808080000000FF0000FF000000FFFF00FF000000FF00FF00FFFF0000FFFFFF00000000000000000000000000000000000000000000000000000000000000000000000000000000F9F9F9F900000000000000000000000000000000000000000000000000000000FBFBFBFAFBFBFBFB
310
FBFBFBFBFBFBFBFBFBFB0000000000000000000000000000FBFBFBFAFB000000000000000000000000FB0000000000000000000000000000000000FBFB000000000000000000000000FB0000000000000000000000000000000000FBFB0000000000000000000000FB000000000000000000000000000000000000FBFB0000
310
000000000000000000FB000000000000000000000000000000000000FBFB0000000000000000000000FB000000000000000000000000000000000000FBFB00000000000000000000FB00000000000000000000000000000000000000FBFB00000000000000000000FB00000000000000000000000000000000000000FBFB00
310
0000000000000000FB0000000000000000000000000000000000000000FBFB000000000000000000FB0000000000000000000000000000000000000000FBFB0000000000000000FB0000000000000000000000000000000000000000FBFBFBFB000000000000FB000000000000000000000000000000000000000000FBFBFB
310
FB00000000FBFB00000000000000000000000000000000000000000000FBFBFBFB00FBFBFB00000000000000000000000000000000000000000000000000FBFBFBFB000000000000000000000000000000000000000000000000000000FBFBFBFB00FBFBFB000000000000000000000000000000000000000000000000FBFB
310
FBFB00000000FBFB0000000000000000000000000000000000000000000000FBFB00000000000000FBFB000000000000000000000000000000000000000000FBFB000000000000000000FB0000000000000000000000000000000000000000FBFB000000000000000000FB0000000000000000000000000000000000000000
310
FBFB00000000000000000000FB00000000000000000000000000000000000000FBFB00000000000000000000FB00000000000000000000000000000000000000FBFB0000000000000000000000FB000000000000000000000000000000000000FBFB0000000000000000000000FB0000000000000000000000000000000000
310
00FBFB0000000000000000000000FB000000000000000000000000000000000000FBFB000000000000000000000000FB0000000000000000000000000000FBFBFBFAFB000000000000000000000000FB0000000000000000000000000000FBFBFBFAFBFBFBFBFBFBFBFBFBFBFBFBFBFB0000000000000000000000000000F9
310
F9F9F90000000000000000000000000000000000000000000000000000000000000000000000000000000000000000000000000000000000
 70
     0
280
     2
281
     0
1001
AcDbDynamicBlockGUID
1000
{47533AF4-394F-0846-9231-E48A2065694C}
  0
BLOCK_RECORD
  5
3702
330
1
100
AcDbSymbolTableRecord
100
AcDbBlockTableRecord
  2
A$Ca6472db2
 70
     0
280
     2
281
     0
1001
AcDbDynamicBlockGUID
1000
{49CD3F79-8DDA-4A4C-BD75-22DBC1D75AE6}
  0
BLOCK_RECORD
  5
3711
330
1
100
AcDbSymbolTableRecord
100
AcDbBlockTableRecord
  2
A$C44fdb021
 70
     0
280
     2
281
     0
1001
AcDbDynamicBlockGUID
1000
{1F9924C1-C021-CE46-9A86-6DAE40916669}
  0
BLOCK_RECORD
  5
3720
330
1
100
AcDbSymbolTableRecord
100
AcDbBlockTableRecord
  2
A$C7a0669ab
 70
     0
280
     2
281
     0
  0
BLOCK_RECORD
  5
3802
330
1
100
AcDbSymbolTableRecord
100
AcDbBlockTableRecord
  2
A$C59e2465d
 70
     0
280
     2
281
     0
  0
BLOCK_RECORD
  5
3A7C
330
1
100
AcDbSymbolTableRecord
100
AcDbBlockTableRecord
  2
A$C127d1240
 70
     0
280
     2
281
     0
  0
BLOCK_RECORD
  5
3C78
330
1
100
AcDbSymbolTableRecord
100
AcDbBlockTableRecord
  2
A$C519f2308
 70
     0
280
     2
281
     0
1001
AcDbDynamicBlockGUID
1000
{1EDA0A8F-33A8-BE49-9E0E-A4A7A3BD55CD}
  0
BLOCK_RECORD
  5
3C82
330
1
100
AcDbSymbolTableRecord
100
AcDbBlockTableRecord
  2
klozet1
 70
     0
280
     2
281
     0
  0
BLOCK_RECORD
  5
3C8E
330
1
100
AcDbSymbolTableRecord
100
AcDbBlockTableRecord
  2
90
310
28000000280000002800000001002000000000000019000001000000010000000000000000000000000000FF000000FF000000FF000000FF000000FF000000FF000000FF000000FF000000FF000000FF000000FF000000FF000000FF000000FF000000FF000000FF000000FF000000FF000000FF000000FF000000FF000000
310
FF000000FF000000FF000000FF000000FF000000FF000000FF000000FF000000FF000000FF000000FF000000FF000000FF000000FF000000FF000000FF000000FF000000FF000000FF000000FF000000FF000000FF000000FF000000FF000000FF000000FF000000FF000000FF000000FF000000FF000000FF000000FF0000
310
00FF000000FF000000FF000000FF000000FF000000FF000000FF000000FF000000FF000000FF000000FF000000FF000000FF000000FF000000FF000000FF000000FF000000FF000000FF000000FF000000FF000000FF000000FF000000FF000000FF000000FF000000FF000000FF000000FF000000FF000000FF000000FF00
310
0000FF000000FF000000FF000000FF000000FF000000FF000000FF000000FF000000FF000000FF000000FF000000FF000000FF000000FF000000FF000000FF000000FF000000FF000000FF000000FF000000FF000000FF000000FF000000FF000000FF000000FF000000FF000000FFBFFF00FFBFFF00FFBFFF00FFBFFF00FF
310
BFFF00FF000000FF000000FF000000FF000000FF000000FF000000FF000000FF000000FF000000FF000000FF000000FF000000FF000000FF000000FF000000FF000000FF000000FF000000FF000000FF000000FF000000FF000000FF000000FF000000FF000000FF000000FF000000FF000000FF000000FF000000FF000000
310
FF000000FF000000FF000000FF000000FFBFFF00FF000000FF000000FF000000FFBFFF00FF000000FF000000FF000000FF000000FF808080FF808080FF808080FF808080FF808080FF808080FF808080FF808080FF808080FF808080FF808080FF808080FF808080FF808080FF808080FF808080FF808080FF808080FF8080
310
80FF808080FF808080FF808080FF808080FF808080FF808080FF808080FF808080FF808080FF808080FF808080FF808080FF808080FFBFFF00FFBFFF00FFBFFF00FFBFFF00FF000000FF000000FF000000FF000000FF808080FF000000FF000000FF000000FF000000FF000000FF000000FF000000FF000000FF000000FF00
310
0000FF000000FF000000FF000000FF000000FF000000FF000000FF000000FF000000FF000000FF000000FF000000FF000000FF000000FF000000FF000000FF000000FF000000FF000000FF000000FF000000FFBFFF00FF000000FFBFFF00FF000000FF000000FF000000FF000000FF000000FF000000FF808080FF000000FF
310
000000FF000000FF000000FF000000FFBFFF00FFBFFF00FF000000FFBFFF00FFBFFF00FFBFFF00FFBFFF00FF000000FFBFFF00FFBFFF00FFBFFF00FFBFFF00FFBFFF00FFBFFF00FFBFFF00FFBFFF00FFBFFF00FFBFFF00FF000000FF000000FF000000FF000000FF000000FF000000FF000000FFBFFF00FF4F4F4FFFBFFF00
310
FF000000FF000000FF000000FF000000FF000000FF000000FF808080FF000000FF000000FF000000FF000000FFBFFF00FFBFFF00FFBFFF00FFBFFF00FFBFFF00FFBFFF00FFBFFF00FFBFFF00FF000000FFBFFF00FFBFFF00FFBFFF00FFBFFF00FFBFFF00FFBFFF00FFBFFF00FFBFFF00FFBFFF00FFBFFF00FF000000FF0000
310
00FF000000FF000000FF000000FF000000FF000000FFBFFF00FF4F4F4FFFBFFF00FF000000FF000000FF000000FF000000FF000000FF000000FF808080FF000000FF000000FF000000FF000000FF000000FFBFFF00FFBFFF00FFBFFF00FFBFFF00FF000000FFBFFF00FFBFFF00FFBFFF00FF000000FFBFFF00FFBFFF00FF00
310
0000FFBFFF00FFBFFF00FF000000FFBFFF00FF000000FFBFFF00FF000000FF000000FF000000FF000000FF000000FF000000FF000000FFBFFF00FF4F4F4FFFBFFF00FF000000FF000000FF000000FF000000FF000000FF000000FF808080FF000000FF000000FF000000FF000000FFBFFF00FFBFFF00FFBFFF00FFBFFF00FF
310
BFFF00FFBFFF00FFBFFF00FFBFFF00FFBFFF00FFBFFF00FF000000FFBFFF00FFBFFF00FFBFFF00FFBFFF00FFBFFF00FFBFFF00FF000000FFBFFF00FF000000FF000000FF000000FF000000FF000000FF000000FF000000FFBFFF00FF4F4F4FFFBFFF00FF000000FF000000FF000000FF000000FF000000FF000000FF808080
310
FF000000FF000000FF000000FF000000FF000000FFBFFF00FFBFFF00FFBFFF00FFBFFF00FFBFFF00FFBFFF00FF000000FFBFFF00FFBFFF00FFBFFF00FFBFFF00FF000000FFBFFF00FFBFFF00FFBFFF00FFBFFF00FFBFFF00FFBFFF00FF000000FF000000FF000000FF000000FF000000FF000000FF000000FFBFFF00FF4F4F
310
4FFFBFFF00FF000000FF000000FF000000FF000000FF000000FF000000FF000000FF808080FF000000FF000000FF000000FF000000FF000000FFBFFF00FF000000FF000000FFBFFF00FF000000FF000000FFBFFF00FFBFFF00FFBFFF00FF000000FF000000FF000000FFBFFF00FF000000FF000000FFBFFF00FF000000FF00
310
0000FF000000FF000000FF000000FF000000FF000000FF000000FFBFFF00FF4F4F4FFFBFFF00FF000000FF000000FF000000FF000000FF000000FF000000FF000000FF808080FF000000FF000000FF000000FF000000FF000000FF000000FF000000FF000000FF000000FF000000FF000000FF000000FF000000FF000000FF
310
000000FF000000FF000000FF000000FF000000FF000000FF000000FF000000FF000000FF000000FF000000FF000000FF000000FF000000FF000000FFBFFF00FF4F4F4FFFBFFF00FF000000FF000000FF000000FF000000FF000000FF000000FF000000FF808080FF000000FF000000FF000000FF000000FF000000FF000000
310
FF000000FF000000FF000000FF000000FF000000FF000000FF000000FF000000FF000000FF000000FF000000FF000000FF000000FF000000FF000000FF000000FF000000FF000000FF000000FF000000FF000000FF000000FF000000FFBFFF00FF4F4F4FFFBFFF00FF000000FF000000FF000000FF000000FF000000FF0000
310
00FF000000FF808080FF000000FF000000FF000000FF000000FF000000FF000000FF000000FF000000FF000000FF000000FF000000FF000000FF000000FF000000FF000000FF000000FF000000FF000000FF000000FF000000FF000000FF000000FF000000FF000000FF000000FF000000FF000000FF000000FF000000FFBF
310
FF00FF4F4F4FFFBFFF00FF000000FF000000FF000000FF000000FF000000FF000000FF000000FF000000FF808080FF000000FF000000FF000000FF000000FF000000FF000000FF000000FF000000FF000000FF000000FF000000FF000000FF000000FF000000FF000000FF000000FF000000FF000000FF000000FF000000FF
310
000000FF000000FF000000FF000000FF000000FF000000FF000000FF000000FFBFFF00FF4F4F4FFFBFFF00FF000000FF000000FF000000FF000000FF000000FF000000FF000000FF000000FF808080FF000000FF000000FF000000FF000000FF000000FF000000FF000000FF000000FF000000FF000000FF000000FF000000
310
FF000000FF000000FF000000FF000000FF000000FF000000FF000000FF000000FF000000FF000000FF000000FF000000FF000000FF000000FF000000FF000000FFBFFF00FF4F4F4FFFBFFF00FF000000FF000000FF000000FF000000FF000000FF000000FF000000FF000000FF808080FF000000FF000000FF000000FF0000
310
00FF000000FF000000FF000000FF000000FF000000FF000000FF000000FF000000FF000000FF000000FF000000FF000000FF000000FF000000FF000000FF000000FF000000FF000000FF000000FF000000FF000000FF000000FF000000FF000000FFBFFF00FF4F4F4FFFBFFF00FF000000FF000000FF000000FF000000FF00
310
0000FF000000FF000000FF000000FF000000FF808080FF000000FF000000FF000000FF000000FF000000FF000000FF000000FF000000FF000000FF000000FF000000FF000000FF000000FF000000FF000000FF000000FF000000FF000000FF000000FF000000FF000000FF000000FF000000FF000000FF000000FF000000FF
310
000000FFBFFF00FF4F4F4FFFBFFF00FF000000FF000000FF000000FF000000FF000000FF000000FF000000FF000000FF000000FF808080FF000000FF000000FF000000FF000000FF000000FF000000FF000000FF000000FF000000FF000000FF000000FF000000FF000000FF000000FF000000FF000000FF000000FF000000
310
FF000000FF000000FF000000FF000000FF000000FF000000FF000000FF000000FF000000FFBFFF00FF4F4F4FFFBFFF00FF000000FF000000FF000000FF000000FF000000FF000000FF000000FF000000FF000000FF000000FF808080FF000000FF000000FF000000FF000000FF000000FF000000FF000000FF000000FF0000
310
00FF000000FF000000FF000000FF000000FF000000FF000000FF000000FF000000FF000000FF000000FF000000FF000000FF000000FF000000FF000000FF000000FF000000FFBFFF00FF4F4F4FFFBFFF00FF000000FF000000FF000000FF000000FF000000FF000000FF000000FF000000FF000000FF000000FF808080FF00
310
0000FF000000FF000000FF000000FF000000FF000000FF000000FF000000FF000000FF000000FF000000FF000000FF000000FF000000FF000000FF000000FF000000FF000000FF000000FF000000FF000000FF000000FF000000FF000000FF000000FF000000FFBFFF00FF4F4F4FFFBFFF00FF000000FF000000FF000000FF
310
000000FF000000FF000000FF000000FF000000FF000000FF000000FF000000FF808080FF000000FF000000FF000000FF000000FF000000FF000000FF000000FF000000FF000000FF000000FF000000FF000000FF000000FF000000FF000000FF000000FF000000FF000000FF000000FF000000FF000000FF000000FF000000
310
FF000000FF000000FFBFFF00FF4F4F4FFFBFFF00FF000000FF000000FF000000FF000000FF000000FF000000FF000000FF000000FF000000FF000000FF000000FF000000FF808080FF000000FF000000FF000000FF000000FF000000FF000000FF000000FF000000FF000000FF000000FF000000FF000000FF000000FF0000
310
00FF000000FF000000FF000000FF000000FF000000FF000000FF000000FF000000FF000000FF000000FFBFFF00FF4F4F4FFFBFFF00FF000000FF000000FF000000FF000000FF000000FF000000FF000000FF000000FF000000FF000000FF000000FF000000FF808080FF000000FF000000FF000000FF000000FF000000FF00
310
0000FF000000FF000000FF000000FF000000FF000000FF000000FF000000FF000000FF000000FF000000FF000000FF000000FF000000FF000000FF000000FF000000FF000000FF000000FFBFFF00FF4F4F4FFFBFFF00FF000000FF000000FF000000FF000000FF000000FF000000FF000000FF000000FF000000FF000000FF
310
000000FF000000FF000000FF808080FF000000FF000000FF000000FF000000FF000000FF000000FF000000FF000000FF000000FF000000FF000000FF000000FF000000FF000000FF000000FF000000FF000000FF000000FF000000FF000000FF000000FF000000FF000000FFBFFF00FF4F4F4FFFBFFF00FF000000FF000000
310
FF000000FF000000FF000000FF000000FF000000FF000000FF000000FF000000FF000000FF000000FF000000FF000000FF808080FF000000FF000000FF000000FF000000FF000000FF000000FF000000FF000000FF000000FF000000FF000000FF000000FF000000FF000000FF000000FF000000FF000000FF000000FF0000
310
00FF000000FF000000FF000000FFBFFF00FF4F4F4FFFBFFF00FF000000FF000000FF000000FF000000FF000000FF000000FF000000FF000000FF000000FF000000FF000000FF000000FF000000FF000000FF000000FF808080FF000000FF000000FF000000FF000000FF000000FF000000FF000000FF000000FF000000FF00
310
0000FF000000FF000000FF000000FF000000FF000000FF000000FF000000FF000000FF000000FF000000FF000000FFBFFF00FF4F4F4FFFBFFF00FF000000FF000000FF000000FF000000FF000000FF000000FF000000FF000000FF000000FF000000FF000000FF000000FF000000FF000000FF000000FF000000FF808080FF
310
000000FF000000FF000000FF000000FF000000FF000000FF000000FF000000FF000000FF000000FF000000FF000000FF000000FF000000FF000000FF000000FF000000FF000000FF000000FF000000FFBFFF00FF4F4F4FFFBFFF00FF000000FF000000FF000000FF000000FF000000FF000000FF000000FF000000FF000000
310
FF000000FF000000FF000000FF000000FF000000FF000000FF000000FF000000FF808080FF000000FF000000FF000000FF000000FF000000FF000000FF000000FF000000FF000000FF000000FF000000FF000000FF000000FF000000FF000000FF000000FF000000FF000000FF000000FFBFFF00FF4F4F4FFFBFFF00FF0000
310
00FF000000FF000000FF000000FF000000FF000000FF000000FF000000FF000000FF000000FF000000FF000000FF000000FF000000FF000000FF000000FF000000FF000000FF808080FF808080FF000000FF000000FF000000FF000000FF000000FF000000FF000000FF000000FF000000FF000000FF000000FF000000FF00
310
0000FF000000FF000000FF000000FF000000FFBFFF00FF4F4F4FFFBFFF00FF000000FF000000FF000000FF000000FF000000FF000000FF000000FF000000FF000000FF000000FF000000FF000000FF000000FF000000FF000000FF000000FF000000FF000000FF000000FF000000FF808080FF808080FF000000FF000000FF
310
000000FF000000FF000000FF000000FF000000FF000000FF000000FF000000FF000000FF000000FF000000FF000000FF000000FFBFFF00FF4F4F4FFFBFFF00FF000000FF000000FF000000FF000000FF000000FF000000FF000000FF000000FF000000FF000000FF000000FF000000FF000000FF000000FF000000FF000000
310
FF000000FF000000FF000000FF000000FF000000FF000000FF808080FF808080FF000000FF000000FF000000FF000000FF000000FF000000FF000000FF000000FF000000FF000000FF000000FF000000FF000000FFBFFF00FF4F4F4FFFBFFF00FF000000FF000000FF000000FF000000FF000000FF000000FF000000FF0000
310
00FF000000FF000000FF000000FF000000FF000000FF000000FF000000FF000000FF000000FF000000FF000000FF000000FF000000FF000000FF000000FF000000FF808080FF808080FF808080FF000000FF000000FF000000FF000000FF000000FF000000FF000000FF000000FF000000FF000000FFBFFF00FF4F4F4FFFBF
310
FF00FF000000FF000000FF000000FF000000FF000000FF000000FF000000FF000000FF000000FF000000FF000000FF000000FF000000FF000000FF000000FF000000FF000000FF000000FF000000FF000000FF000000FF000000FF000000FF000000FF000000FF000000FF000000FF808080FF808080FF808080FF808080FF
310
000000FF000000FF000000FF000000FF000000FF000000FFBFFF00FF000000FFBFFF00FF000000FF000000FF000000FF000000FF000000FF000000FF000000FF000000FF000000FF000000FF000000FF000000FF000000FF000000FF000000FF000000FF000000FF000000FF000000FF000000FF000000FF000000FF000000
310
FF000000FF000000FF000000FF000000FF000000FF000000FF000000FF000000FF808080FF808080FF808080FF808080FF808080FF808080FF808080FFBFFF00FFBFFF00FFBFFF00FFBFFF00FF000000FF000000FF000000FF000000FF000000FF000000FF000000FF000000FF000000FF000000FF000000FF000000FF0000
310
00FF000000FF000000FF000000FF000000FF000000FF000000FF000000FF000000FF000000FF000000FF000000FF000000FF000000FF000000FF000000FF000000FF000000FF000000FF000000FF000000FF000000FF000000FFBFFF00FF000000FF000000FF000000FFBFFF00FF000000FF000000FF000000FF000000FF00
310
0000FF000000FF000000FF000000FF000000FF000000FF000000FF000000FF000000FF000000FF000000FF000000FF000000FF000000FF000000FF000000FF000000FF000000FF000000FF000000FF000000FF000000FF000000FF000000FF000000FF000000FF000000FF000000FF000000FF000000FF000000FFBFFF00FF
310
BFFF00FFBFFF00FFBFFF00FFBFFF00FF000000FF000000FF000000FF000000FF000000FF000000FF000000FF000000FF000000FF000000FF000000FF000000FF000000FF000000FF000000FF000000FF000000FF000000FF000000FF000000FF000000FF000000FF000000FF000000FF000000FF000000FF000000FF000000
310
FF000000FF000000FF000000FF000000FF000000FF000000FF000000FF000000FF000000FF000000FF000000FF000000FF000000FF000000FF000000FF000000FF000000FF000000FF000000FF000000FF000000FF000000FF000000FF000000FF000000FF000000FF000000FF000000FF000000FF000000FF000000FF0000
310
00FF000000FF000000FF000000FF000000FF000000FF000000FF000000FF000000FF000000FF000000FF000000FF000000FF000000FF000000FF000000FF000000FF000000FF000000FF000000FF000000FF000000FF000000FF
 70
     0
280
     2
281
     0
  0
BLOCK_RECORD
  5
105CAF
330
1
100
AcDbSymbolTableRecord
100
AcDbBlockTableRecord
  2
kitchen sink3
310
28000000200000002000000001002000000000000010000001000000010000000000000000000000636363FF636363FF636363FF636363FF636363FF636363FF636363FF636363FF636363FF636363FF636363FF636363FF636363FF636363FF636363FF636363FF636363FF636363FF636363FF636363FF636363FF636363
310
FF636363FF636363FF636363FF636363FF636363FF636363FF636363FF636363FF636363FF636363FF636363FF636363FF636363FF636363FF636363FF636363FF636363FF636363FF636363FF636363FF636363FF636363FF636363FF636363FF636363FF636363FF636363FF636363FF636363FF636363FF636363FF6363
310
63FF636363FF636363FF636363FF636363FF636363FF636363FF636363FF636363FF636363FF636363FF636363FF636363FF636363FF636363FF636363FF636363FF636363FF636363FF636363FF636363FF636363FF636363FF636363FF636363FF636363FF636363FF636363FF636363FF636363FF636363FF636363FF63
310
6363FF636363FF636363FF636363FF636363FF636363FF636363FF636363FF636363FF636363FF636363FF636363FF636363FF636363FF636363FF636363FF636363FF636363FF636363FF636363FF636363FF636363FF636363FF636363FF636363FF636363FF636363FF636363FF636363FF636363FF636363FF636363FF
310
636363FF636363FF636363FF636363FF636363FF636363FF636363FF636363FF636363FF636363FF636363FF636363FF636363FF636363FF636363FF636363FF636363FF636363FF636363FF636363FF636363FF636363FF636363FF636363FF636363FF636363FF636363FF636363FF636363FF636363FF636363FF636363
310
FF636363FF636363FF636363FF636363FF636363FF636363FF636363FF636363FF636363FF636363FF636363FF636363FF636363FF636363FF636363FF636363FF636363FF636363FF636363FF636363FF636363FF636363FF636363FF636363FF636363FF636363FF636363FF636363FF636363FF636363FF636363FF6363
310
63FF636363FF636363FF636363FF636363FF636363FF636363FF636363FF636363FF636363FF636363FF636363FF636363FF636363FFFFFFFFFFFFFFFFFFFFFFFFFFFFFFFFFFFFFFFFFFFFFFFFFFFFFFFFFFFFFFFFFFFFFFFFFFFFFFFFFFFFFFFFFFFFFFFFFFFFFFFFFFFFFFFFFFFFFFFFFFFFFFFFFFFFFFFFFFFFFFFFFFFF
310
FFFFFFFFFFFFFFFFFFFFFFFFFFFFFFFFFFFFFFFFFFFFFFFFFFFFFFFFFFFFFFFFFFFFFFFFFFFFFF636363FF636363FF636363FFFFFFFFFFFFFFFFFF636363FF636363FF636363FF636363FF636363FF636363FF636363FF636363FF636363FF636363FF636363FF636363FF636363FF636363FF636363FF636363FF636363FF
310
636363FF636363FF636363FF636363FF636363FF636363FF636363FF636363FF636363FFFFFFFFFFFFFFFFFF636363FF636363FFFFFFFFFF636363FFFFFFFFFFFFFFFFFFFFFFFFFFFFFFFFFFFFFFFFFFFFFFFFFFFFFFFFFFFFFFFFFFFFFFFFFFFFFFFFFFFFFFFFFFFFFFFFFFFFFFFFFFFFFFFFFFFFFFFFFFFFFFFFFFFFFFFF
310
FFFFFFFFFFFFFFFFFFFFFFFFFFFFFFFFFFFFFFFFFFFFFFFFFFFFFFFFFFFFFFFFFFFFFFFFFF636363FFFFFFFFFF636363FF636363FFFFFFFFFF636363FFFFFFFFFF636363FF636363FF636363FF636363FF636363FF636363FF636363FF636363FF636363FF636363FF636363FFFFFFFFFFFFFFFFFF636363FF636363FF6363
310
63FF636363FF636363FF636363FF636363FF636363FF636363FF636363FF636363FFFFFFFFFF636363FFFFFFFFFF636363FF636363FFFFFFFFFF636363FFFFFFFFFF636363FF636363FF636363FF636363FF636363FF636363FF636363FF636363FF636363FF636363FF636363FFFFFFFFFFFFFFFFFF636363FF636363FF63
310
6363FF636363FF636363FF636363FF636363FF636363FF636363FF636363FF636363FFFFFFFFFF636363FFFFFFFFFF636363FF636363FFFFFFFFFF636363FFFFFFFFFF636363FF636363FF636363FF636363FF636363FF636363FF636363FF636363FF636363FF636363FF636363FFFFFFFFFFFFFFFFFF636363FF636363FF
310
636363FF636363FF636363FF636363FF636363FF636363FF636363FF636363FF636363FFFFFFFFFF636363FFFFFFFFFF636363FF636363FFFFFFFFFF636363FFFFFFFFFF636363FF636363FF636363FF636363FF636363FF636363FF636363FF636363FF636363FF636363FF636363FFFFFFFFFFFFFFFFFF636363FF636363
310
FF636363FF636363FF636363FF636363FF636363FF636363FF636363FF636363FF636363FFFFFFFFFF636363FFFFFFFFFF636363FF636363FFFFFFFFFF636363FFFFFFFFFF636363FF636363FF636363FF636363FFFFFFFFFFFFFFFFFFFFFFFFFF636363FF636363FF636363FF636363FFFFFFFFFFFFFFFFFF636363FF6363
310
63FF636363FF636363FFFFFFFFFFFFFFFFFFFFFFFFFF636363FF636363FF636363FF636363FFFFFFFFFF636363FFFFFFFFFF636363FF636363FFFFFFFFFF636363FFFFFFFFFF636363FF636363FF636363FF636363FFFFFFFFFFFFFFFFFFFFFFFFFF636363FF636363FF636363FF636363FFFFFFFFFFFFFFFFFF636363FF63
310
6363FF636363FF636363FFFFFFFFFFFFFFFFFFFFFFFFFF636363FF636363FF636363FF636363FFFFFFFFFF636363FFFFFFFFFF636363FF636363FFFFFFFFFF636363FFFFFFFFFF636363FF636363FF636363FF636363FFFFFFFFFFFFFFFFFF636363FF636363FF636363FF636363FF636363FFFFFFFFFFFFFFFFFF636363FF
310
636363FF636363FF636363FF636363FFFFFFFFFF636363FF636363FF636363FF636363FF636363FFFFFFFFFF636363FFFFFFFFFF636363FF636363FFFFFFFFFF636363FFFFFFFFFF636363FF636363FF636363FF636363FF636363FF636363FF636363FF636363FF636363FF636363FF636363FFFFFFFFFFFFFFFFFF636363
310
FF636363FF636363FF636363FF636363FF636363FF636363FF636363FF636363FF636363FF636363FFFFFFFFFF636363FFFFFFFFFF636363FF636363FFFFFFFFFF636363FFFFFFFFFF636363FF636363FF636363FF636363FF636363FF636363FF636363FF636363FF636363FF636363FF636363FFFFFFFFFFFFFFFFFF6363
310
63FF636363FF636363FF636363FF636363FF636363FF636363FF636363FF636363FF636363FF636363FFFFFFFFFF636363FFFFFFFFFF636363FF636363FFFFFFFFFF636363FFFFFFFFFF636363FF636363FF636363FF636363FF636363FF636363FF636363FF636363FF636363FF636363FF636363FFFFFFFFFFFFFFFFFF63
310
6363FF636363FF636363FF636363FF636363FF636363FF636363FF636363FF636363FF636363FF636363FFFFFFFFFF636363FFFFFFFFFF636363FF636363FFFFFFFFFF636363FFFFFFFFFF636363FF636363FF636363FF636363FF636363FF636363FF636363FF636363FF636363FF636363FF636363FFFFFFFFFFFFFFFFFF
310
636363FF636363FF636363FF636363FF636363FF636363FF636363FF636363FF636363FF636363FF636363FFFFFFFFFF636363FFFFFFFFFF636363FF636363FFFFFFFFFF636363FFFFFFFFFFFFFFFFFFFFFFFFFFFFFFFFFFFFFFFFFFFFFFFFFFFFFFFFFFFFFFFFFFFFFFFFFFFFFFFFFFFFFFFFFFFFFFFFFFFFFFFFFFFFFFFF
310
FFFFFFFFFFFFFFFFFFFFFFFFFFFFFFFFFFFFFFFFFFFFFFFFFFFFFFFFFFFFFFFFFFFFFFFFFFFFFFFFFFFFFFFFFFFFFFFFFF636363FFFFFFFFFF636363FF636363FFFFFFFFFFFFFFFFFFFFFFFFFFFFFFFFFFFFFFFFFFFFFFFFFFFFFFFFFFFFFFFFFFFFFFFFFFFFFFFFFFFFFFFFFFFFFFFFFFFFFFFFFFFFFFFFFFFFFFFFFFFFFF
310
FFFFFFFFFFFFFFFFFFFFFFFFFFFFFFFFFFFFFFFFFFFFFFFFFFFFFFFFFFFFFFFFFFFFFFFFFFFFFFFFFFFFFFFFFFFFFFFFFFFFFFFFFFFFFFFFFFFF636363FF636363FFFFFFFFFF636363FF636363FF636363FF636363FF636363FF636363FF636363FF636363FF636363FF636363FF636363FF636363FF636363FF636363FF63
310
6363FF636363FF636363FF636363FF636363FF636363FF636363FF636363FF636363FF636363FF636363FF636363FF636363FF636363FFFFFFFFFF636363FF636363FFFFFFFFFF636363FF636363FF636363FF636363FF636363FF636363FF636363FF636363FF636363FF636363FF636363FF636363FF636363FF636363FF
310
636363FF636363FF636363FF636363FF636363FF636363FF636363FF636363FF636363FF636363FF636363FF636363FF636363FF636363FFFFFFFFFF636363FF636363FFFFFFFFFFFFFFFFFF636363FF636363FF636363FF636363FF636363FF636363FF636363FF636363FF636363FF636363FF636363FF636363FF636363
310
FF636363FF636363FF636363FF636363FF636363FF636363FF636363FF636363FF636363FF636363FF636363FF636363FF636363FFFFFFFFFFFFFFFFFF636363FF636363FF636363FFFFFFFFFFFFFFFFFFFFFFFFFFFFFFFFFFFFFFFFFFFFFFFFFFFFFFFFFFFFFFFFFFFFFFFFFFFFFFFFFFFFFFFFFFFFFFFFFFFFFFFFFFFFFF
310
FFFFFFFFFFFFFFFFFFFFFFFFFFFFFFFFFFFFFFFFFFFFFFFFFFFFFFFFFFFFFFFFFFFFFFFFFFFFFFFFFFFFFFFFFFFFFFFFFFFFFFFFFFFFFFFFFFFF636363FF636363FF636363FF636363FF636363FF636363FF636363FF636363FF636363FF636363FF636363FF636363FF636363FF636363FF636363FF636363FF636363FF63
310
6363FF636363FF636363FF636363FF636363FF636363FF636363FF636363FF636363FF636363FF636363FF636363FF636363FF636363FF636363FF636363FF636363FF636363FF636363FF636363FF636363FF636363FF636363FF636363FF636363FF636363FF636363FF636363FF636363FF636363FF636363FF636363FF
310
636363FF636363FF636363FF636363FF636363FF636363FF636363FF636363FF636363FF636363FF636363FF636363FF636363FF636363FF636363FF636363FF636363FF636363FF636363FF636363FF636363FF636363FF636363FF636363FF636363FF636363FF636363FF636363FF636363FF636363FF636363FF636363
310
FF636363FF636363FF636363FF636363FF636363FF636363FF636363FF636363FF636363FF636363FF636363FF636363FF636363FF636363FF636363FF636363FF636363FF636363FF636363FF636363FF636363FF636363FF636363FF636363FF636363FF636363FF636363FF636363FF636363FF636363FF636363FF6363
310
63FF636363FF636363FF636363FF636363FF636363FF636363FF636363FF636363FF636363FF636363FF636363FF636363FF636363FF636363FF636363FF636363FF636363FF636363FF636363FF636363FF636363FF636363FF636363FF636363FF636363FF636363FF636363FF636363FF636363FF636363FF636363FF63
310
6363FF636363FF636363FF636363FF636363FF636363FF636363FF636363FF636363FF636363FF636363FF636363FF636363FF636363FF636363FF636363FF636363FF636363FF636363FF636363FF636363FF636363FF636363FF636363FF636363FF636363FF636363FF636363FF636363FF636363FF636363FF636363FF
310
636363FF636363FF636363FF636363FF636363FF636363FF636363FF636363FF636363FF636363FF636363FF636363FF636363FF636363FF636363FF636363FF636363FF636363FF
 70
     0
280
     2
281
     0
  0
BLOCK_RECORD
  5
11603D
330
1
100
AcDbSymbolTableRecord
100
AcDbBlockTableRecord
  2
prz
310
28000000280000002800000001002000000000000019000001000000010000000000000000000000302821FF302821FF302821FF302821FF302821FF302821FF302821FF302821FF302821FF302821FF302821FF302821FF302821FF302821FF302821FF302821FF302821FF302821FF302821FF302821FF302821FF302821
310
FF302821FF302821FF302821FF302821FF302821FF302821FF302821FF302821FF302821FF302821FF302821FF302821FF302821FF302821FF302821FF302821FF302821FF302821FF302821FF302821FF302821FF302821FF302821FF302821FF302821FF302821FF302821FF302821FF302821FF302821FF302821FF3028
310
21FF302821FF302821FF302821FF302821FF302821FF302821FF302821FF302821FF302821FF302821FF302821FF302821FF302821FF302821FF302821FF302821FF302821FF302821FF302821FF302821FF302821FF302821FF302821FF302821FF302821FF302821FF302821FF302821FF302821FF302821FF302821FF30
310
2821FF302821FF302821FF302821FF302821FF302821FF302821FF302821FF302821FF302821FF302821FF302821FF302821FF302821FF302821FF302821FF302821FF302821FF302821FF302821FF302821FF302821FF302821FF302821FF302821FF302821FF302821FF302821FF302821FF302821FF302821FF302821FF
310
302821FF302821FF302821FF302821FF302821FF302821FF302821FF302821FF302821FF302821FF302821FF302821FF302821FF302821FF302821FF302821FF302821FF302821FF302821FF302821FF302821FF302821FF302821FF302821FF302821FF302821FF302821FF302821FF302821FF302821FF302821FF302821
310
FF302821FF302821FF302821FF302821FF302821FF302821FF302821FF302821FF302821FF302821FF302821FF302821FF302821FF302821FF302821FF302821FF302821FF302821FF302821FF302821FF302821FF302821FF302821FF302821FF302821FF302821FF302821FF302821FF302821FF302821FF302821FF3028
310
21FF302821FF302821FF302821FF302821FF302821FF302821FF302821FF302821FF302821FF302821FF302821FF302821FF302821FF302821FF302821FF302821FF302821FF302821FF302821FF302821FF302821FF302821FF302821FF302821FF302821FF302821FF302821FF302821FF302821FF302821FF302821FF30
310
2821FF302821FF302821FF302821FF302821FF302821FF302821FF302821FF302821FF302821FF302821FF302821FF302821FF302821FF302821FF302821FF302821FF302821FF302821FF302821FF302821FF302821FF302821FF302821FF302821FF302821FF302821FF302821FF302821FF302821FF302821FF302821FF
310
302821FF302821FF302821FF302821FF302821FF302821FF302821FF302821FF302821FF302821FF302821FF302821FF302821FF302821FF302821FF302821FF302821FF302821FF302821FF302821FF302821FF302821FF302821FF302821FF302821FF302821FF302821FF302821FF302821FF302821FF302821FF302821
310
FF302821FF302821FF302821FF302821FF302821FF302821FF302821FF302821FF302821FF302821FF302821FF302821FF302821FF302821FF302821FF302821FF302821FF302821FF302821FF302821FF302821FF302821FF302821FF302821FF302821FF302821FF302821FF302821FF302821FF302821FF302821FF3028
310
21FF302821FF302821FF302821FF302821FF302821FF302821FF302821FF302821FF302821FF302821FF302821FF302821FF302821FF302821FF302821FF302821FF302821FF302821FF302821FF302821FF302821FF302821FF302821FF302821FF302821FF302821FF302821FF302821FF302821FF302821FF302821FF30
310
2821FF302821FF302821FF302821FF302821FF302821FF302821FF302821FF302821FF302821FF302821FF302821FF302821FF302821FF302821FF302821FF302821FF302821FF302821FF302821FF302821FF302821FF302821FF302821FF302821FF302821FF302821FF302821FF302821FF302821FF302821FF302821FF
310
302821FF302821FF302821FF302821FF302821FF302821FF302821FF302821FF302821FF302821FF302821FF302821FF302821FF302821FF302821FF302821FF302821FF302821FF302821FF302821FF302821FF302821FF302821FF302821FF302821FF302821FF302821FF302821FF302821FF302821FF302821FF302821
310
FF302821FF302821FF302821FF302821FF302821FF302821FF302821FF302821FF302821FF302821FF302821FF302821FF302821FF302821FF302821FF302821FF302821FF302821FF302821FF302821FF302821FF302821FF302821FF302821FF302821FF302821FF302821FF302821FF302821FF302821FF302821FF3028
310
21FF302821FF302821FF302821FF302821FF302821FF302821FF302821FFFF7F9FFFFF7F9FFFFF7F9FFFFF7F9FFFFF7F9FFFFF7F9FFFFF7F9FFFFF7F9FFFFF7F9FFFFF7F9FFFFF7F9FFFFF7F9FFFFF7F9FFFFF7F9FFFFF7F9FFFFF7F9FFFFF7F9FFFFF7F9FFFFF7F9FFFFF7F9FFFFF7F9FFFFF7F9FFFFF7F9FFFFF7F9FFFFF
310
7F9FFFFF7F9FFFFF7F9FFFFF7F9FFFFF7F9FFFFF7F9FFFFF7F9FFFFF7F9FFFFF7F9FFFFF7F9FFFFF7F9FFFFF7F9FFF302821FF302821FF302821FF302821FFFF7F9FFF302821FF302821FF302821FF302821FF302821FF302821FF302821FF302821FF302821FF302821FF302821FF302821FF302821FF302821FF302821FF
310
302821FFFF7F9FFF302821FF302821FF302821FF302821FF302821FF302821FF302821FF302821FF302821FF302821FF302821FF302821FF302821FF302821FF302821FF302821FF302821FFFF7F9FFF302821FF302821FF302821FF302821FFFF7F9FFF302821FF302821FF302821FF302821FF302821FF302821FF302821
310
FF302821FF302821FF302821FF302821FF302821FF302821FF302821FF302821FF302821FFFF7F9FFF302821FF302821FF302821FF302821FF302821FF302821FF302821FF302821FF302821FF302821FF302821FF302821FF302821FF302821FF302821FF302821FF302821FFFF7F9FFF302821FF302821FF302821FF3028
310
21FFFF7F9FFF302821FF302821FF302821FF302821FF302821FF302821FFFF7F9FFFFF7F9FFFFF7F9FFFFF7F9FFF302821FF302821FF302821FF302821FF302821FF302821FFFF7F9FFF302821FF302821FF302821FF302821FF302821FF302821FF302821FFFF7F9FFFFF7F9FFFFF7F9FFFFF7F9FFF302821FF302821FF30
310
2821FF302821FF302821FF302821FFFF7F9FFF302821FF302821FF302821FF302821FFFF7F9FFF302821FF302821FF302821FF302821FFFF7F9FFFFF7F9FFF302821FF302821FF302821FF302821FFFF7F9FFFFF7F9FFF302821FF302821FF302821FF302821FFFF7F9FFF302821FF302821FF302821FF302821FF302821FF
310
FF7F9FFFFF7F9FFF302821FF302821FF302821FF302821FFFF7F9FFF302821FF302821FF302821FF302821FF302821FFFF7F9FFF302821FF302821FF302821FF302821FFFF7F9FFF302821FF302821FF302821FFFF7F9FFF302821FF302821FF302821FF302821FF302821FF302821FF302821FFFF7F9FFF302821FF302821
310
FF302821FF302821FFFF7F9FFF302821FF302821FF302821FF302821FFFF7F9FFF302821FF302821FF302821FF302821FF302821FF302821FF302821FFFF7F9FFF302821FF302821FF302821FF302821FFFF7F9FFF302821FF302821FF302821FF302821FFFF7F9FFF302821FF302821FF302821FFFF7F9FFF302821FF3028
310
21FF302821FF302821FF302821FF302821FF302821FF302821FFFF7F9FFF302821FF302821FF302821FFFF7F9FFF302821FF302821FF302821FF302821FFFF7F9FFF302821FF302821FF302821FF302821FF302821FF302821FF302821FF302821FFFF7F9FFF302821FF302821FF302821FFFF7F9FFF302821FF302821FF30
310
2821FF302821FFFF7F9FFF302821FF302821FF302821FFFF7F9FFF302821FF302821FF302821FF302821FF302821FF302821FF302821FF302821FF302821FFFF7F9FFF302821FF302821FFFF7F9FFF302821FF302821FF302821FFFF7F9FFF302821FF302821FF302821FF302821FF302821FF302821FF302821FF302821FF
310
302821FFFF7F9FFFFF7F9FFF302821FF302821FFFF7F9FFF302821FF302821FF302821FF302821FFFF7F9FFF302821FF302821FFFF7F9FFF302821FF302821FF302821FF302821FF302821FF302821FF302821FF302821FF302821FF302821FFFF7F9FFF302821FF302821FFFF7F9FFF302821FF302821FF302821FFFF7F9F
310
FF302821FF302821FF302821FF302821FF302821FF302821FF302821FF302821FF302821FF302821FFFF7F9FFF302821FF302821FFFF7F9FFF302821FF302821FF302821FF302821FFFF7F9FFF302821FF302821FFFF7F9FFF302821FF302821FF302821FF302821FF302821FF302821FF302821FF302821FF302821FF3028
310
21FFFF7F9FFF302821FF302821FFFF7F9FFF302821FF302821FF302821FFFF7F9FFF302821FF302821FF302821FF302821FF302821FF302821FF302821FF302821FF302821FF302821FFFF7F9FFF302821FF302821FFFF7F9FFF302821FF302821FF302821FF302821FFFF7F9FFF302821FF302821FF302821FFFF7F9FFF30
310
2821FF302821FF302821FF302821FF302821FF302821FF302821FF302821FF302821FFFF7F9FFF302821FF302821FFFF7F9FFF302821FF302821FF302821FFFF7F9FFF302821FF302821FF302821FF302821FF302821FF302821FF302821FF302821FF302821FFFF7F9FFFFF7F9FFF302821FF302821FFFF7F9FFF302821FF
310
302821FF302821FF302821FFFF7F9FFF302821FF302821FF302821FFFF7F9FFF302821FF302821FF302821FF302821FF302821FF302821FF302821FF302821FFFF7F9FFF302821FF302821FF302821FFFF7F9FFF302821FF302821FF302821FF302821FFFF7F9FFF302821FF302821FF302821FF302821FF302821FF302821
310
FF302821FF302821FFFF7F9FFF302821FF302821FF302821FFFF7F9FFF302821FF302821FF302821FF302821FFFF7F9FFF302821FF302821FF302821FFFF7F9FFF302821FF302821FF302821FF302821FF302821FF302821FF302821FFFF7F9FFF302821FF302821FF302821FF302821FFFF7F9FFF302821FF302821FF3028
310
21FF302821FFFF7F9FFF302821FF302821FF302821FF302821FF302821FF302821FF302821FFFF7F9FFF302821FF302821FF302821FF302821FFFF7F9FFF302821FF302821FF302821FF302821FFFF7F9FFF302821FF302821FF302821FF302821FFFF7F9FFFFF7F9FFF302821FF302821FF302821FF302821FFFF7F9FFFFF
310
7F9FFF302821FF302821FF302821FF302821FFFF7F9FFF302821FF302821FF302821FF302821FF302821FFFF7F9FFFFF7F9FFF302821FF302821FF302821FF302821FFFF7F9FFF302821FF302821FF302821FF302821FF302821FFFF7F9FFF302821FF302821FF302821FF302821FFFF7F9FFF302821FF302821FF302821FF
310
302821FF302821FF302821FFFF7F9FFFFF7F9FFFFF7F9FFFFF7F9FFF302821FF302821FF302821FF302821FF302821FF302821FFFF7F9FFF302821FF302821FF302821FF302821FF302821FF302821FF302821FFFF7F9FFFFF7F9FFFFF7F9FFFFF7F9FFF302821FF302821FF302821FF302821FF302821FF302821FFFF7F9F
310
FF302821FF302821FF302821FF302821FFFF7F9FFF302821FF302821FF302821FF302821FF302821FF302821FF302821FF302821FF302821FF302821FF302821FF302821FF302821FF302821FF302821FF302821FFFF7F9FFF302821FF302821FF302821FF302821FF302821FF302821FF302821FF302821FF302821FF3028
310
21FF302821FF302821FF302821FF302821FF302821FF302821FF302821FFFF7F9FFF302821FF302821FF302821FF302821FFFF7F9FFF302821FF302821FF302821FF302821FF302821FF302821FF302821FF302821FF302821FF302821FF302821FF302821FF302821FF302821FF302821FF302821FFFF7F9FFF302821FF30
310
2821FF302821FF302821FF302821FF302821FF302821FF302821FF302821FF302821FF302821FF302821FF302821FF302821FF302821FF302821FF302821FFFF7F9FFF302821FF302821FF302821FF302821FFFF7F9FFFFF7F9FFFFF7F9FFFFF7F9FFFFF7F9FFFFF7F9FFFFF7F9FFFFF7F9FFFFF7F9FFFFF7F9FFFFF7F9FFF
310
FF7F9FFFFF7F9FFFFF7F9FFFFF7F9FFFFF7F9FFFFF7F9FFFFF7F9FFFFF7F9FFFFF7F9FFFFF7F9FFFFF7F9FFFFF7F9FFFFF7F9FFFFF7F9FFFFF7F9FFFFF7F9FFFFF7F9FFFFF7F9FFFFF7F9FFFFF7F9FFFFF7F9FFFFF7F9FFFFF7F9FFFFF7F9FFFFF7F9FFF302821FF302821FF302821FF302821FF302821FF302821FF302821
310
FF302821FF302821FF302821FF302821FF302821FF302821FF302821FF302821FF302821FF302821FF302821FF302821FF302821FF302821FF302821FF302821FF302821FF302821FF302821FF302821FF302821FF302821FF302821FF302821FF302821FF302821FF302821FF302821FF302821FF302821FF302821FF3028
310
21FF302821FF302821FF302821FF302821FF302821FF302821FF302821FF302821FF302821FF302821FF302821FF302821FF302821FF302821FF302821FF302821FF302821FF302821FF302821FF302821FF302821FF302821FF302821FF302821FF302821FF302821FF302821FF302821FF302821FF302821FF302821FF30
310
2821FF302821FF302821FF302821FF302821FF302821FF302821FF302821FF302821FF302821FF302821FF302821FF302821FF302821FF302821FF302821FF302821FF302821FF302821FF302821FF302821FF302821FF302821FF302821FF302821FF302821FF302821FF302821FF302821FF302821FF302821FF302821FF
310
302821FF302821FF302821FF302821FF302821FF302821FF302821FF302821FF302821FF302821FF302821FF302821FF302821FF302821FF302821FF302821FF302821FF302821FF302821FF302821FF302821FF302821FF302821FF302821FF302821FF302821FF302821FF302821FF302821FF302821FF302821FF302821
310
FF302821FF302821FF302821FF302821FF302821FF302821FF302821FF302821FF302821FF302821FF302821FF302821FF302821FF302821FF302821FF302821FF302821FF302821FF302821FF302821FF302821FF302821FF302821FF302821FF302821FF302821FF302821FF302821FF302821FF302821FF302821FF3028
310
21FF302821FF302821FF302821FF302821FF302821FF302821FF302821FF302821FF302821FF302821FF302821FF302821FF302821FF302821FF302821FF302821FF302821FF302821FF302821FF302821FF302821FF302821FF302821FF302821FF302821FF302821FF302821FF302821FF302821FF302821FF302821FF30
310
2821FF302821FF302821FF302821FF302821FF302821FF302821FF302821FF302821FF302821FF302821FF302821FF302821FF302821FF302821FF302821FF302821FF302821FF302821FF302821FF302821FF302821FF302821FF302821FF302821FF302821FF302821FF302821FF302821FF302821FF302821FF302821FF
310
302821FF302821FF302821FF302821FF302821FF302821FF302821FF302821FF302821FF302821FF302821FF302821FF302821FF302821FF302821FF302821FF302821FF302821FF302821FF302821FF302821FF302821FF302821FF302821FF302821FF302821FF302821FF302821FF302821FF302821FF302821FF302821
310
FF302821FF302821FF302821FF302821FF302821FF302821FF302821FF302821FF302821FF302821FF302821FF302821FF302821FF302821FF302821FF302821FF302821FF302821FF302821FF302821FF302821FF302821FF302821FF302821FF302821FF302821FF302821FF302821FF302821FF302821FF302821FF3028
310
21FF302821FF302821FF302821FF302821FF302821FF302821FF302821FF302821FF302821FF302821FF302821FF302821FF302821FF302821FF302821FF302821FF302821FF302821FF302821FF302821FF302821FF302821FF302821FF302821FF302821FF302821FF302821FF302821FF302821FF302821FF302821FF30
310
2821FF302821FF302821FF302821FF302821FF302821FF302821FF302821FF302821FF302821FF302821FF302821FF302821FF302821FF302821FF302821FF302821FF302821FF302821FF302821FF302821FF302821FF302821FF302821FF302821FF302821FF302821FF302821FF302821FF302821FF302821FF302821FF
310
302821FF302821FF302821FF302821FF302821FF302821FF302821FF302821FF302821FF302821FF302821FF302821FF302821FF302821FF302821FF302821FF302821FF302821FF302821FF302821FF302821FF302821FF302821FF302821FF302821FF302821FF302821FF302821FF302821FF302821FF302821FF302821
310
FF302821FF302821FF302821FF302821FF302821FF302821FF302821FF302821FF302821FF302821FF302821FF302821FF302821FF302821FF302821FF302821FF302821FF302821FF302821FF302821FF302821FF302821FF302821FF302821FF302821FF302821FF302821FF302821FF302821FF302821FF302821FF3028
310
21FF302821FF302821FF302821FF302821FF302821FF302821FF302821FF302821FF302821FF302821FF302821FF302821FF302821FF302821FF302821FF302821FF302821FF302821FF302821FF302821FF302821FF302821FF
 70
     0
280
     2
281
     0
  0
BLOCK_RECORD
  5
116369
330
1
100
AcDbSymbolTableRecord
100
AcDbBlockTableRecord
  2
ggggg
310
28000000280000002800000001002000000000000019000001000000010000000000000000000000302821FF302821FF302821FF302821FF302821FF302821FF302821FF302821FF302821FF302821FF302821FF302821FF302821FF302821FF302821FF302821FF302821FF302821FF302821FF302821FF302821FF302821
310
FF302821FF302821FF302821FF302821FF302821FF302821FF302821FF302821FF302821FF302821FF302821FF302821FF302821FF302821FF302821FF302821FF302821FF302821FF302821FF302821FF302821FF302821FF302821FF302821FF302821FF302821FF302821FF302821FF302821FF302821FF302821FF3028
310
21FF302821FF302821FF302821FF302821FF302821FF302821FF302821FF302821FF302821FF302821FF302821FF302821FF302821FF302821FF302821FF302821FF302821FF302821FF302821FF302821FF302821FF302821FF302821FF302821FF302821FF302821FF302821FF302821FF302821FF302821FF302821FF30
310
2821FFFF7F9FFFFF7F9FFFFF7F9FFFFF7F9FFFFF7F9FFFFF7F9FFFFF7F9FFFFF7F9FFFFF7F9FFFFF7F9FFFFF7F9FFFFF7F9FFFFF7F9FFFFF7F9FFFFF7F9FFFFF7F9FFFFF7F9FFFFF7F9FFFFF7F9FFFFF7F9FFFFF7F9FFFFF7F9FFFFF7F9FFFFF7F9FFFFF7F9FFFFF7F9FFFFF7F9FFFFF7F9FFF302821FF302821FF302821FF
310
302821FF302821FF302821FF302821FF302821FF302821FF302821FF302821FFFF7F9FFF302821FF302821FF302821FF302821FF302821FF302821FF302821FF302821FF302821FF302821FF302821FF302821FF302821FF302821FF302821FF302821FF302821FF302821FF302821FF302821FF302821FF302821FF302821
310
FF302821FF302821FF302821FF302821FF302821FFFF7F9FFF302821FF302821FF302821FF302821FF302821FF302821FF302821FF302821FF302821FFFF7F9FFFFF7F9FFF302821FF302821FF302821FF302821FF302821FF302821FF302821FF302821FF302821FF302821FF302821FF302821FF302821FF302821FF3028
310
21FF302821FF302821FF302821FF302821FF302821FF302821FF302821FF302821FF302821FF302821FF302821FF302821FF302821FFFF7F9FFFFF7F9FFF302821FF302821FF302821FF302821FF302821FF302821FF302821FF302821FF302821FFFF7F9FFF302821FF302821FF302821FF302821FF302821FF302821FF30
310
2821FF302821FF302821FF302821FF302821FF302821FF302821FF302821FF302821FF302821FF302821FF302821FF302821FF302821FF302821FF302821FF302821FF302821FF302821FF302821FF302821FF302821FFFF7F9FFF302821FF302821FF302821FF302821FF302821FF302821FF302821FF302821FF302821FF
310
302821FFFF7F9FFF302821FF302821FF302821FF302821FF302821FF302821FF302821FF302821FF302821FF302821FF302821FF302821FF302821FF302821FF302821FF302821FF302821FF302821FF302821FF302821FF302821FF302821FF302821FF302821FF302821FF302821FF302821FF302821FFFF7F9FFF302821
310
FF302821FF302821FF302821FF302821FF302821FF302821FF302821FF302821FF302821FFFF7F9FFF302821FF302821FF302821FF302821FF302821FF302821FF302821FF302821FF302821FF302821FF302821FFFF7F9FFFFF7F9FFFFF7F9FFF302821FF302821FF302821FF302821FF302821FF302821FF302821FF3028
310
21FF302821FF302821FF302821FF302821FF302821FF302821FFFF7F9FFF302821FF302821FF302821FF302821FF302821FF302821FF302821FF302821FF302821FF302821FFFF7F9FFF302821FF302821FF302821FF302821FF302821FF302821FF302821FFFF7F9FFFFF7F9FFF302821FF302821FF302821FF302821FF30
310
2821FFFF7F9FFFFF7F9FFF302821FF302821FF302821FF302821FF302821FF302821FF302821FF302821FF302821FF302821FF302821FF302821FFFF7F9FFF302821FF302821FF302821FF302821FF302821FF302821FF302821FF302821FF302821FF302821FF302821FFFF7F9FFF302821FF302821FF302821FF302821FF
310
302821FF302821FF302821FF302821FFFF7F9FFF302821FF302821FF302821FF302821FF302821FF302821FFFF7F9FFFFF7F9FFFFF7F9FFF302821FF302821FF302821FF302821FF302821FF302821FF302821FF302821FFFF7F9FFF302821FF302821FF302821FF302821FF302821FF302821FF302821FF302821FF302821
310
FF302821FF302821FF302821FFFF7F9FFF302821FF302821FF302821FF302821FF302821FF302821FF302821FF302821FFFF7F9FFF302821FF302821FF302821FF302821FF302821FF302821FF302821FF302821FFFF7F9FFFFF7F9FFF302821FF302821FF302821FF302821FF302821FF302821FF302821FFFF7F9FFF3028
310
21FF302821FF302821FF302821FF302821FF302821FF302821FF302821FF302821FF302821FF302821FF302821FFFF7F9FFF302821FF302821FF302821FF302821FF302821FF302821FF302821FF302821FF302821FFFF7F9FFF302821FF302821FF302821FF302821FF302821FF302821FF302821FF302821FFFF7F9FFFFF
310
7F9FFF302821FF302821FF302821FF302821FF302821FF302821FFFF7F9FFF302821FF302821FF302821FF302821FF302821FF302821FF302821FF302821FF302821FF302821FF302821FF302821FFFF7F9FFF302821FF302821FF302821FF302821FF302821FF302821FF302821FF302821FF302821FF302821FFFF7F9FFF
310
302821FF302821FF302821FF302821FF302821FF302821FF302821FF302821FF302821FFFF7F9FFF302821FF302821FF302821FF302821FF302821FFFF7F9FFF302821FF302821FF302821FF302821FF302821FF302821FF302821FF302821FF302821FF302821FF302821FF302821FFFF7F9FFF302821FF302821FF302821
310
FF302821FF302821FF302821FF302821FF302821FF302821FF302821FF302821FFFF7F9FFF302821FF302821FF302821FF302821FF302821FF302821FF302821FF302821FFFF7F9FFF302821FF302821FF302821FF302821FF302821FFFF7F9FFF302821FF302821FF302821FF302821FF302821FF302821FF302821FF3028
310
21FF302821FF302821FF302821FF302821FFFF7F9FFF302821FF302821FF302821FF302821FF302821FF302821FF302821FF302821FF302821FF302821FF302821FF302821FFFF7F9FFF302821FF302821FF302821FF302821FF302821FF302821FF302821FF302821FF302821FF302821FF302821FF302821FF302821FFFF
310
7F9FFF302821FF302821FF302821FF302821FF302821FF302821FF302821FF302821FF302821FF302821FF302821FF302821FFFF7F9FFF302821FF302821FF302821FF302821FF302821FF302821FF302821FF302821FF302821FF302821FF302821FF302821FFFF7F9FFF302821FF302821FF302821FF302821FF302821FF
310
302821FF302821FF302821FF302821FF302821FF302821FF302821FF302821FFFF7F9FFF302821FF302821FF302821FF302821FF302821FF302821FF302821FF302821FF302821FF302821FF302821FF302821FF302821FFFF7F9FFF302821FF302821FF302821FF302821FF302821FF302821FF302821FF302821FF302821
310
FF302821FF302821FF302821FFFF7F9FFF302821FF302821FF302821FF302821FF302821FF302821FF302821FF302821FF302821FF302821FF302821FFFF7F9FFF302821FF302821FF302821FF302821FF302821FF302821FF302821FF302821FF302821FF302821FF302821FF302821FF302821FF302821FFFF7F9FFF3028
310
21FF302821FF302821FF302821FF302821FF302821FF302821FF302821FF302821FF302821FF302821FF302821FFFF7F9FFF302821FF302821FF302821FF302821FF302821FF302821FF302821FF302821FF302821FF302821FF302821FFFF7F9FFF302821FF302821FF302821FF302821FF302821FF302821FF302821FF30
310
2821FF302821FF302821FF302821FF302821FF302821FF302821FFFF7F9FFF302821FF302821FF302821FF302821FF302821FF302821FF302821FF302821FF302821FF302821FF302821FF302821FF302821FFFF7F9FFF302821FF302821FF302821FF302821FF302821FF302821FF302821FF302821FF302821FF302821FF
310
FF7F9FFF302821FF302821FF302821FF302821FF302821FF302821FF302821FF302821FF302821FF302821FF302821FF302821FF302821FF302821FFFF7F9FFF302821FF302821FF302821FF302821FF302821FF302821FF302821FF302821FF302821FF302821FF302821FF302821FF302821FFFF7F9FFF302821FF302821
310
FF302821FF302821FF302821FF302821FF302821FF302821FF302821FF302821FFFF7F9FFF302821FF302821FF302821FF302821FF302821FF302821FF302821FF302821FF302821FF302821FF302821FF302821FF302821FF302821FFFF7F9FFF302821FF302821FF302821FF302821FF302821FF302821FF302821FF3028
310
21FF302821FF302821FF302821FF302821FF302821FFFF7F9FFF302821FF302821FF302821FF302821FF302821FF302821FF302821FF302821FF302821FF302821FFFF7F9FFF302821FF302821FF302821FF302821FF302821FF302821FF302821FF302821FF302821FF302821FF302821FF302821FF302821FF302821FFFF
310
7F9FFF302821FF302821FF302821FF302821FF302821FF302821FF302821FF302821FF302821FF302821FF302821FF302821FF302821FF302821FFFF7F9FFF302821FF302821FF302821FF302821FF302821FF302821FF302821FF302821FF302821FFFF7F9FFF302821FF302821FF302821FF302821FF302821FF302821FF
310
302821FF302821FF302821FF302821FF302821FF302821FF302821FF302821FFFF7F9FFF302821FF302821FF302821FF302821FF302821FF302821FF302821FF302821FF302821FF302821FF302821FF302821FF302821FF302821FFFF7F9FFF302821FF302821FF302821FF302821FF302821FF302821FF302821FF302821
310
FF302821FFFF7F9FFF302821FF302821FF302821FF302821FF302821FF302821FF302821FF302821FF302821FF302821FF302821FF302821FF302821FF302821FF302821FFFF7F9FFF302821FF302821FF302821FF302821FF302821FF302821FF302821FF302821FF302821FF302821FF302821FF302821FF302821FF3028
310
21FF302821FF302821FF302821FF302821FF302821FF302821FF302821FF302821FFFF7F9FFF302821FF302821FF302821FF302821FF302821FF302821FF302821FF302821FF302821FF302821FF302821FF302821FF302821FF302821FF302821FF302821FFFF7F9FFF302821FF302821FF302821FF302821FF302821FF30
310
2821FF302821FF302821FF302821FF302821FF302821FF302821FF302821FF302821FF302821FF302821FF302821FF302821FF302821FF302821FF302821FF302821FFFF7F9FFF302821FF302821FF302821FF302821FF302821FF302821FF302821FF302821FF302821FF302821FF302821FF302821FF302821FF302821FF
310
302821FF302821FFFF7F9FFF302821FF302821FF302821FF302821FF302821FF302821FF302821FF302821FF302821FF302821FF302821FF302821FF302821FF302821FF302821FF302821FF302821FF302821FF302821FF302821FF302821FF302821FFFF7F9FFF302821FF302821FF302821FF302821FF302821FF302821
310
FF302821FF302821FF302821FF302821FF302821FF302821FF302821FF302821FF302821FF302821FFFF7F9FFF302821FF302821FF302821FF302821FF302821FF302821FF302821FF302821FF302821FF302821FF302821FF302821FF302821FF302821FF302821FF302821FF302821FF302821FF302821FF302821FF3028
310
21FF302821FFFF7F9FFF302821FF302821FF302821FF302821FF302821FF302821FF302821FF302821FF302821FF302821FF302821FF302821FF302821FF302821FF302821FF302821FFFF7F9FFFFF7F9FFF302821FF302821FF302821FF302821FF302821FF302821FF302821FF302821FF302821FF302821FF302821FF30
310
2821FF302821FF302821FF302821FF302821FF302821FF302821FF302821FF302821FFFF7F9FFFFF7F9FFF302821FF302821FF302821FF302821FF302821FF302821FF302821FF302821FF302821FF302821FF302821FF302821FF302821FF302821FF302821FF302821FF302821FFFF7F9FFFFF7F9FFFFF7F9FFFFF7F9FFF
310
FF7F9FFFFF7F9FFFFF7F9FFFFF7F9FFFFF7F9FFFFF7F9FFFFF7F9FFFFF7F9FFFFF7F9FFFFF7F9FFFFF7F9FFFFF7F9FFFFF7F9FFFFF7F9FFFFF7F9FFFFF7F9FFFFF7F9FFFFF7F9FFF302821FF302821FF302821FF302821FF302821FF302821FF302821FF302821FF302821FF302821FF302821FF302821FF302821FF302821
310
FF302821FF302821FF302821FF302821FF302821FF302821FF302821FF302821FFFF7F9FFF302821FF302821FFFF7F9FFF302821FF302821FF302821FF302821FF302821FF302821FFFF7F9FFF302821FF302821FFFF7F9FFF302821FF302821FF302821FF302821FF302821FF302821FF302821FF302821FF302821FF3028
310
21FF302821FF302821FF302821FF302821FF302821FF302821FF302821FF302821FF302821FF302821FF302821FF302821FF302821FF302821FF302821FF302821FFFF7F9FFF302821FF302821FFFF7F9FFF302821FF302821FF302821FF302821FF302821FF302821FFFF7F9FFF302821FF302821FFFF7F9FFF302821FF30
310
2821FF302821FF302821FF302821FF302821FF302821FF302821FF302821FF302821FF302821FF302821FF302821FF302821FF302821FFFF7F9FFFFF7F9FFFFF7F9FFFFF7F9FFF302821FF302821FF302821FF302821FF302821FF302821FF302821FFFF7F9FFF302821FF302821FFFF7F9FFF302821FF302821FF302821FF
310
302821FF302821FF302821FFFF7F9FFF302821FF302821FFFF7F9FFF302821FF302821FF302821FF302821FF302821FF302821FF302821FFFF7F9FFFFF7F9FFFFF7F9FFFFF7F9FFF302821FF302821FF302821FF302821FFFF7F9FFF302821FF302821FF302821FFFF7F9FFFFF7F9FFF302821FF302821FF302821FF302821
310
FF302821FFFF7F9FFF302821FF302821FFFF7F9FFF302821FF302821FF302821FF302821FF302821FF302821FFFF7F9FFF302821FF302821FFFF7F9FFF302821FF302821FF302821FF302821FF302821FFFF7F9FFFFF7F9FFF302821FF302821FF302821FFFF7F9FFF302821FF302821FF302821FF302821FFFF7F9FFFFF7F
310
9FFFFF7F9FFF302821FF302821FF302821FFFF7F9FFFFF7F9FFFFF7F9FFF302821FF302821FFFF7F9FFF302821FF302821FFFF7F9FFF302821FF302821FF302821FF302821FF302821FF302821FFFF7F9FFF302821FF302821FFFF7F9FFF302821FF302821FFFF7F9FFFFF7F9FFFFF7F9FFF302821FF302821FF302821FFFF
310
7F9FFFFF7F9FFFFF7F9FFF302821FF302821FF302821FF302821FF302821FF302821FF302821FFFF7F9FFFFF7F9FFF302821FF302821FF302821FF302821FFFF7F9FFFFF7F9FFFFF7F9FFFFF7F9FFFFF7F9FFFFF7F9FFFFF7F9FFFFF7F9FFFFF7F9FFFFF7F9FFFFF7F9FFFFF7F9FFFFF7F9FFFFF7F9FFFFF7F9FFFFF7F9FFF
310
FF7F9FFFFF7F9FFF302821FF302821FF302821FF302821FFFF7F9FFFFF7F9FFF302821FF302821FF302821FF302821FF302821FF302821FF302821FF302821FF302821FF302821FF302821FF302821FFFF7F9FFFFF7F9FFFFF7F9FFF302821FF302821FF302821FF302821FF302821FF302821FF302821FF302821FF302821
310
FF302821FF302821FF302821FF302821FF302821FF302821FF302821FF302821FF302821FF302821FF302821FFFF7F9FFFFF7F9FFFFF7F9FFF302821FF302821FF302821FF302821FF302821FF302821FF302821FF302821FF302821FF302821FF302821FF302821FF302821FF302821FF302821FF302821FF302821FFFF7F
310
9FFFFF7F9FFFFF7F9FFFFF7F9FFFFF7F9FFF302821FF302821FF302821FF302821FF302821FF302821FF302821FF302821FF302821FF302821FFFF7F9FFFFF7F9FFFFF7F9FFFFF7F9FFFFF7F9FFF302821FF302821FF302821FF302821FF302821FF302821FF302821FF302821FF302821FF302821FF302821FF302821FF30
310
2821FF302821FF302821FF302821FF302821FF302821FF302821FF302821FF302821FF302821FF302821FF302821FF302821FFFF7F9FFFFF7F9FFFFF7F9FFFFF7F9FFFFF7F9FFFFF7F9FFFFF7F9FFFFF7F9FFFFF7F9FFFFF7F9FFF302821FF302821FF302821FF302821FF302821FF302821FF302821FF302821FF302821FF
310
302821FF302821FF302821FF302821FF302821FF302821FF302821FF302821FF302821FF302821FF302821FF302821FF302821FF302821FF302821FF302821FF302821FF302821FF302821FF302821FF302821FF302821FF302821FF302821FF302821FF302821FF302821FF302821FF302821FF302821FF302821FF302821
310
FF302821FF302821FF302821FF302821FF302821FF302821FF302821FF302821FF302821FF302821FF302821FF302821FF302821FF302821FF302821FF302821FF302821FF302821FF302821FF302821FF302821FF302821FF302821FF302821FF302821FF302821FF302821FF302821FF302821FF302821FF302821FF3028
310
21FF302821FF302821FF302821FF302821FF302821FF302821FF302821FF302821FF302821FF302821FF302821FF302821FF302821FF302821FF302821FF302821FF302821FF302821FF302821FF302821FF302821FF302821FF
 70
     0
280
     2
281
     0
  0
BLOCK_RECORD
  5
116439
330
1
100
AcDbSymbolTableRecord
100
AcDbBlockTableRecord
  2
hjdjd
310
28000000280000002800000001002000000000000019000001000000010000000000000000000000302821FF302821FF302821FF302821FF302821FF302821FF302821FF302821FF302821FF302821FF302821FF302821FF302821FF302821FF302821FF302821FF302821FF302821FF302821FF302821FF302821FF302821
310
FF302821FF302821FF302821FF302821FF302821FF302821FF302821FF302821FF302821FF302821FF302821FF302821FF302821FF302821FF302821FF302821FF302821FF302821FF302821FF302821FF302821FF302821FF302821FF302821FF302821FF302821FF302821FF302821FF302821FF302821FF302821FF3028
310
21FF302821FF302821FF302821FF302821FF302821FF302821FF302821FF302821FF302821FF302821FF302821FF302821FF302821FF302821FF302821FF302821FF302821FF302821FF302821FF302821FF302821FF302821FF302821FF302821FF302821FF302821FF302821FF302821FF302821FF302821FF302821FF30
310
2821FF302821FF302821FF302821FF302821FF302821FF302821FF302821FF302821FF302821FF302821FF302821FF302821FF302821FF302821FF302821FF302821FF302821FFFFFFFFFFFFFFFFFFFFFFFFFFFFFFFFFFFFFFFFFFFFFFFFFF302821FF302821FF302821FF302821FF302821FF302821FF302821FF302821FF
310
302821FF302821FF302821FF302821FF302821FF302821FF302821FF302821FF302821FF302821FF302821FF302821FF302821FF302821FF302821FF302821FF302821FF302821FF302821FFFFFFFFFFFFFFFFFFFFFFFFFFFFFFFFFFFFFFFFFFFFFFFFFFFFFFFFFF302821FF302821FF302821FF302821FF302821FFFFFFFF
310
FFFFFFFFFF302821FF302821FF302821FF302821FF302821FF302821FF302821FF302821FF302821FF302821FF302821FF302821FF302821FF302821FF302821FF302821FF302821FF302821FF302821FF302821FFFFFFFFFFFFFFFFFFFFFFFFFFFFFFFFFFFFFFFFFFFFFFFFFF302821FF302821FF302821FF302821FF3028
310
21FF302821FF302821FF302821FF302821FF302821FF302821FF302821FF302821FFFFFFFFFF302821FF302821FF302821FF302821FF302821FF302821FF302821FF302821FF302821FF302821FF302821FF302821FF302821FF302821FF302821FF302821FF302821FF302821FF302821FFFFFFFFFF302821FF302821FF30
310
2821FF302821FF302821FF302821FF302821FF302821FF302821FF302821FF302821FF302821FF302821FF302821FF302821FF302821FF302821FF302821FF302821FFFFFFFFFFFFFFFFFFFFFFFFFFFFFFFFFF302821FF302821FF302821FF302821FF302821FF302821FF302821FF302821FF302821FF302821FF302821FF
310
FFFFFFFFFFFFFFFFFFFFFFFFFFFFFFFFFFFFFFFF302821FF302821FF302821FF302821FF302821FF302821FF302821FF302821FF302821FF302821FF302821FF302821FF302821FF302821FF302821FF302821FF302821FF302821FF302821FF302821FF302821FF302821FF302821FFFFFFFFFFFFFFFFFFFFFFFFFFFFFFFF
310
FF302821FF302821FF302821FF302821FF302821FF302821FF302821FF302821FFFFFFFFFFFFFFFFFFFFFFFFFF302821FFFFFFFFFFFFFFFFFFFFFFFFFF302821FF302821FF302821FF302821FF302821FF302821FF302821FF302821FF302821FF302821FF302821FFFFFFFFFFFFFFFFFFFFFFFFFFFFFFFFFFFFFFFFFFFFFF
310
FFFFFFFFFFFFFFFFFFFFFFFFFFFFFFFFFFFFFFFFFFFF302821FF302821FFFFFFFFFFFFFFFFFF302821FF302821FF302821FF302821FF302821FF302821FF302821FFFFFFFFFFFFFFFFFF302821FF302821FF302821FF302821FFFFFFFFFFFFFFFFFFFFFFFFFFFFFFFFFFFFFFFFFFFFFFFFFFFFFFFFFFFFFFFFFFFFFFFFFFFF
310
FFFFFFFFFFFFFFFFFFFFFF302821FF302821FF302821FF302821FF302821FF302821FF302821FF302821FF302821FF302821FF302821FF302821FF302821FF302821FFFFFFFFFF302821FF302821FF302821FF302821FF302821FF302821FFFFFFFFFFFFFFFFFFFFFFFFFFFFFFFFFFFFFFFFFFFFFFFFFFFFFFFFFFFFFFFFFF
310
FFFFFFFFFFFFFFFFFFFFFFFFFFFFFFFFFFFFFFFFFFFFFFFFFFFFFFFFFFFFFFFFFFFFFFFFFFFFFFFF302821FF302821FF302821FF302821FF302821FF302821FF302821FF302821FF302821FF302821FF302821FF302821FF302821FF302821FF302821FFFFFFFFFF302821FF302821FF302821FF302821FF302821FF302821
310
FFFFFFFFFFFFFFFFFFFFFFFFFFFFFFFFFF302821FF302821FF302821FF302821FF302821FF302821FF302821FF302821FF302821FF302821FF302821FF302821FF302821FFFFFFFFFF302821FF302821FF302821FF302821FF302821FF302821FF302821FF302821FF302821FF302821FF302821FF302821FF302821FF3028
310
21FF302821FFFFFFFFFF302821FF302821FF302821FF302821FF302821FF302821FFFFFFFFFF302821FFFFFFFFFFFFFFFFFF302821FF302821FF302821FF302821FF302821FF302821FF302821FF302821FF302821FF302821FF302821FF302821FF302821FFFFFFFFFF302821FF302821FF302821FF302821FF302821FF30
310
2821FF302821FF302821FF302821FF302821FF302821FF302821FF302821FF302821FF302821FFFFFFFFFF302821FF302821FF302821FF302821FF302821FF302821FFFFFFFFFF302821FFFFFFFFFFFFFFFFFF302821FF302821FF302821FF302821FF302821FF302821FF302821FF302821FF302821FF302821FF302821FF
310
302821FF302821FFFFFFFFFF302821FF302821FF302821FF302821FF302821FF302821FF302821FF302821FF302821FF302821FF302821FF302821FF302821FF302821FF302821FF302821FFFFFFFFFF302821FF302821FF302821FF302821FF302821FFFFFFFFFFFFFFFFFF302821FFFFFFFFFF302821FF302821FF302821
310
FF302821FF302821FF302821FF302821FF302821FF302821FF302821FF302821FF302821FF302821FFFFFFFFFF302821FF302821FF302821FF302821FF302821FF302821FF302821FF302821FF302821FF302821FF302821FF302821FF302821FF302821FF302821FF302821FFFFFFFFFF302821FF302821FF302821FF3028
310
21FF302821FFFFFFFFFFFFFFFFFF302821FFFFFFFFFF302821FF302821FF302821FF302821FF302821FF302821FF302821FF302821FF302821FF302821FF302821FF302821FF302821FFFFFFFFFF302821FF302821FF302821FF302821FF302821FF302821FF302821FF302821FF302821FF302821FF302821FF302821FF30
310
2821FF302821FF302821FF302821FFFFFFFFFF302821FF302821FF302821FF302821FF302821FFFFFFFFFFFFFFFFFF302821FF302821FFFFFFFFFF302821FF302821FF302821FF302821FF302821FF302821FF302821FF302821FF302821FF302821FF302821FF302821FFFFFFFFFF302821FF302821FF302821FF302821FF
310
302821FF302821FF302821FF302821FF302821FF302821FF302821FF302821FF302821FF302821FF302821FF302821FFFFFFFFFF302821FF302821FF302821FF302821FF302821FFFFFFFFFFFFFFFFFF302821FF302821FFFFFFFFFF302821FF302821FF302821FF302821FF302821FF302821FF302821FF302821FF302821
310
FF302821FF302821FF302821FFFFFFFFFF302821FF302821FF302821FF302821FF302821FF302821FF302821FF302821FF302821FF302821FF302821FF302821FF302821FF302821FF302821FF302821FFFFFFFFFF302821FF302821FF302821FF302821FFFFFFFFFFFFFFFFFFFFFFFFFF302821FF302821FFFFFFFFFFFFFF
310
FFFF302821FF302821FF302821FF302821FF302821FF302821FF302821FF302821FF302821FF302821FF302821FFFFFFFFFF302821FF302821FF302821FF302821FF302821FF302821FF302821FF302821FF302821FF302821FF302821FF302821FF302821FF302821FF302821FF302821FFFFFFFFFF302821FF302821FF30
310
2821FF302821FFFFFFFFFFFFFFFFFFFFFFFFFF302821FF302821FFFFFFFFFFFFFFFFFFFFFFFFFF302821FF302821FF302821FF302821FF302821FF302821FF302821FF302821FF302821FF302821FFFFFFFFFF302821FF302821FF302821FF302821FF302821FF302821FF302821FF302821FF302821FF302821FF302821FF
310
302821FF302821FF302821FF302821FF302821FFFFFFFFFF302821FF302821FF302821FF302821FFFFFFFFFFFFFFFFFFFFFFFFFF302821FF302821FFFFFFFFFFFFFFFFFFFFFFFFFF302821FF302821FF302821FF302821FF302821FF302821FF302821FF302821FF302821FF302821FFFFFFFFFF302821FF302821FF302821
310
FF302821FF302821FF302821FF302821FF302821FF302821FF302821FF302821FF302821FF302821FF302821FF302821FF302821FFFFFFFFFF302821FF302821FF302821FF302821FFFFFFFFFFFFFFFFFFFFFFFFFF302821FF302821FFFFFFFFFFFFFFFFFF302821FF302821FF302821FF302821FF302821FF302821FF3028
310
21FF302821FF302821FF302821FF302821FFFFFFFFFF302821FF302821FF302821FF302821FF302821FF302821FF302821FF302821FF302821FF302821FF302821FF302821FF302821FF302821FF302821FF302821FFFFFFFFFF302821FF302821FF302821FF302821FFFFFFFFFFFFFFFFFFFFFFFFFF302821FF302821FFFF
310
FFFFFF302821FFFFFFFFFF302821FF302821FF302821FF302821FF302821FF302821FF302821FF302821FF302821FF302821FF302821FFFFFFFFFF302821FF302821FF302821FF302821FF302821FF302821FF302821FF302821FF302821FF302821FF302821FF302821FF302821FF302821FF302821FFFFFFFFFF302821FF
310
302821FF302821FF302821FFFFFFFFFFFFFFFFFFFFFFFFFF302821FF302821FFFFFFFFFF302821FFFFFFFFFF302821FF302821FF302821FF302821FF302821FF302821FF302821FF302821FF302821FF302821FF302821FFFFFFFFFF302821FF302821FF302821FF302821FF302821FF302821FF302821FF302821FF302821
310
FF302821FF302821FF302821FF302821FF302821FF302821FFFFFFFFFF302821FF302821FF302821FF302821FF302821FFFFFFFFFFFFFFFFFF302821FF302821FFFFFFFFFF302821FF302821FF302821FF302821FF302821FF302821FF302821FF302821FF302821FF302821FF302821FF302821FF302821FFFFFFFFFF3028
310
21FF302821FF302821FF302821FF302821FF302821FF302821FF302821FF302821FF302821FF302821FF302821FF302821FF302821FF302821FFFFFFFFFF302821FF302821FF302821FF302821FF302821FFFFFFFFFFFFFFFFFF302821FFFFFFFFFF302821FF302821FF302821FF302821FF302821FF302821FF302821FF30
310
2821FF302821FF302821FF302821FF302821FF302821FF302821FFFFFFFFFF302821FF302821FF302821FF302821FF302821FF302821FF302821FF302821FF302821FF302821FF302821FF302821FF302821FF302821FF302821FFFFFFFFFF302821FF302821FF302821FF302821FF302821FFFFFFFFFFFFFFFFFF302821FF
310
FFFFFFFF302821FF302821FF302821FF302821FF302821FF302821FF302821FF302821FF302821FF302821FF302821FF302821FF302821FF302821FFFFFFFFFF302821FF302821FF302821FF302821FF302821FF302821FF302821FF302821FF302821FF302821FF302821FF302821FF302821FF302821FF302821FFFFFFFF
310
FF302821FF302821FF302821FF302821FF302821FFFFFFFFFFFFFFFFFF302821FFFFFFFFFF302821FF302821FF302821FF302821FF302821FF302821FF302821FF302821FF302821FF302821FF302821FF302821FF302821FF302821FFFFFFFFFF302821FF302821FF302821FF302821FF302821FF302821FF302821FF3028
310
21FF302821FF302821FF302821FF302821FF302821FF302821FF302821FFFFFFFFFF302821FF302821FF302821FF302821FF302821FFFFFFFFFF302821FFFFFFFFFFFFFFFFFF302821FF302821FF302821FF302821FF302821FF302821FF302821FF302821FF302821FF302821FF302821FF302821FF302821FF302821FF30
310
2821FFFFFFFFFF302821FF302821FF302821FF302821FF302821FF302821FF302821FF302821FF302821FF302821FF302821FF302821FF302821FF302821FFFFFFFFFF302821FF302821FF302821FF302821FF302821FFFFFFFFFF302821FFFFFFFFFFFFFFFFFF302821FF302821FF302821FF302821FF302821FF302821FF
310
302821FF302821FF302821FF302821FF302821FF302821FF302821FF302821FF302821FFFFFFFFFF302821FF302821FF302821FF302821FF302821FF302821FF302821FF302821FF302821FF302821FF302821FF302821FF302821FFFFFFFFFF302821FF302821FF302821FF302821FF302821FF302821FFFFFFFFFFFFFFFF
310
FFFFFFFFFFFFFFFFFF302821FF302821FF302821FF302821FF302821FF302821FF302821FF302821FF302821FFFFFFFFFFFFFFFFFFFFFFFFFFFFFFFFFFFFFFFFFFFFFFFFFFFFFFFFFF302821FF302821FF302821FF302821FF302821FF302821FF302821FF302821FF302821FF302821FF302821FF302821FF302821FFFFFF
310
FFFF302821FF302821FF302821FF302821FF302821FF302821FFFFFFFFFFFFFFFFFFFFFFFFFFFFFFFFFF302821FF302821FFFFFFFFFFFFFFFFFFFFFFFFFFFFFFFFFFFFFFFFFFFFFFFFFFFFFFFFFF302821FF302821FF302821FF302821FF302821FF302821FF302821FF302821FF302821FF302821FF302821FF302821FF30
310
2821FF302821FF302821FF302821FF302821FF302821FF302821FF302821FFFFFFFFFF302821FF302821FF302821FF302821FF302821FF302821FF302821FFFFFFFFFFFFFFFFFFFFFFFFFFFFFFFFFFFFFFFFFF302821FFFFFFFFFFFFFFFFFFFFFFFFFFFFFFFFFFFFFFFFFFFFFFFFFFFFFFFFFFFFFFFFFFFFFFFFFFFFFFFFFF
310
FFFFFFFFFFFFFFFF302821FF302821FF302821FF302821FF302821FF302821FF302821FF302821FF302821FF302821FF302821FF302821FF302821FF302821FFFFFFFFFF302821FF302821FF302821FF302821FF302821FF302821FF302821FFFFFFFFFFFFFFFFFFFFFFFFFF302821FFFFFFFFFFFFFFFFFFFFFFFFFF302821
310
FF302821FF302821FF302821FF302821FF302821FF302821FF302821FF302821FF302821FF302821FFFFFFFFFFFFFFFFFFFFFFFFFFFFFFFFFFFFFFFFFFFFFFFFFFFFFFFFFFFFFFFFFFFFFFFFFFFFFFFFFFFFFFFFFFFFFFFFFF302821FFFFFFFFFFFFFFFFFF302821FF302821FF302821FF302821FF302821FF302821FF3028
310
21FFFFFFFFFFFFFFFFFFFFFFFFFFFFFFFFFFFFFFFFFF302821FF302821FF302821FF302821FF302821FF302821FF302821FF302821FF302821FF302821FF302821FF302821FF302821FF302821FF302821FF302821FF302821FF302821FF302821FF302821FF302821FF302821FF302821FFFFFFFFFF302821FFFFFFFFFFFF
310
FFFFFF302821FF302821FF302821FF302821FF302821FF302821FF302821FF302821FF302821FF302821FF302821FF302821FF302821FFFFFFFFFF302821FF302821FF302821FF302821FF302821FF302821FF302821FF302821FF302821FF302821FF302821FF302821FF302821FF302821FF302821FF302821FF302821FF
310
302821FF302821FFFFFFFFFFFFFFFFFFFFFFFFFFFFFFFFFF302821FF302821FF302821FF302821FF302821FF302821FF302821FF302821FF302821FF302821FF302821FF302821FF302821FF302821FF302821FF302821FF302821FFFFFFFFFFFFFFFFFFFFFFFFFFFFFFFFFFFFFFFFFFFFFFFFFF302821FF302821FF302821
310
FF302821FF302821FF302821FF302821FF302821FF302821FF302821FF302821FF302821FF302821FFFFFFFFFF302821FF302821FF302821FF302821FF302821FF302821FF302821FF302821FF302821FF302821FF302821FF302821FF302821FF302821FF302821FF302821FF302821FF302821FF302821FF302821FF3028
310
21FF302821FF302821FF302821FF302821FF302821FFFFFFFFFFFFFFFFFFFFFFFFFFFFFFFFFFFFFFFFFFFFFFFFFFFFFFFFFF302821FF302821FF302821FF302821FF302821FFFFFFFFFFFFFFFFFF302821FF302821FF302821FF302821FF302821FF302821FF302821FF302821FF302821FF302821FF302821FF302821FF30
310
2821FF302821FF302821FF302821FF302821FF302821FF302821FF302821FF302821FF302821FF302821FF302821FF302821FF302821FF302821FF302821FF302821FF302821FF302821FF302821FF302821FFFFFFFFFFFFFFFFFFFFFFFFFFFFFFFFFFFFFFFFFFFFFFFFFF302821FF302821FF302821FF302821FF302821FF
310
302821FF302821FF302821FF302821FF302821FF302821FF302821FF302821FF302821FF302821FF302821FF302821FF302821FF302821FF302821FF302821FF302821FF302821FF302821FF302821FF302821FF302821FF302821FF302821FF302821FF302821FF302821FF302821FF302821FF302821FF302821FF302821
310
FF302821FF302821FF302821FF302821FF302821FF302821FF302821FF302821FF302821FF302821FF302821FF302821FF302821FF302821FF302821FF302821FF302821FF302821FF302821FF302821FF302821FF302821FF302821FF302821FF302821FF302821FF302821FF302821FF302821FF302821FF302821FF3028
310
21FF302821FF302821FF302821FF302821FF302821FF302821FF302821FF302821FF302821FF302821FF302821FF302821FF302821FF302821FF302821FF302821FF302821FF302821FF302821FF302821FF302821FF302821FF
 70
     0
280
     2
281
     0
1001
AcDbDynamicBlockGUID
1000
{27947E0E-052F-2D44-A5A8-CFCC78049099}
  0
BLOCK_RECORD
  5
117257
330
1
100
AcDbSymbolTableRecord
100
AcDbBlockTableRecord
  2
tekkdq
310
28000000280000002800000001002000000000000019000001000000010000000000000000000000302821FF302821FF302821FF302821FF302821FF302821FF302821FF302821FF302821FF302821FF302821FF302821FF302821FF302821FF302821FF302821FF302821FF302821FF302821FF302821FF302821FF302821
310
FF302821FF302821FF302821FF302821FF302821FF302821FF302821FF302821FF302821FF302821FF302821FF302821FF302821FF302821FF302821FF302821FF302821FF302821FF302821FF302821FF302821FF302821FF302821FF302821FF302821FF302821FF302821FF302821FF302821FF302821FF302821FF3028
310
21FF302821FF302821FF302821FF302821FF302821FF302821FF302821FF302821FF302821FF302821FF302821FF302821FF302821FF302821FF302821FF302821FF302821FF302821FF302821FF302821FF302821FF302821FF302821FF302821FF302821FF302821FF302821FF302821FF302821FF302821FF302821FF30
310
2821FF302821FF302821FF302821FF302821FF302821FF302821FF302821FF302821FF302821FF302821FF302821FF302821FF302821FF302821FF302821FF302821FFFF7F9FFF302821FF302821FF302821FF302821FF302821FF302821FF302821FF302821FF302821FF302821FF302821FF302821FF302821FF302821FF
310
302821FF302821FF302821FF302821FF302821FF302821FF302821FF302821FF302821FF302821FF302821FF302821FF302821FF302821FF302821FF302821FF302821FF302821FF302821FF302821FF302821FF302821FF302821FF302821FFFF7F9FFF302821FFFF7F9FFFFF7F9FFF302821FF302821FF302821FF302821
310
FF302821FF302821FF302821FF302821FF302821FF302821FF302821FF302821FF302821FF302821FF302821FF302821FF302821FF302821FF302821FF302821FF302821FF302821FF302821FF302821FF302821FF302821FF302821FF302821FF302821FF302821FF302821FF302821FF302821FF302821FFFF7F9FFFFF7F
310
9FFF302821FF302821FFFF7F9FFFFF7F9FFF302821FF302821FF302821FF302821FF302821FF302821FF302821FF302821FF302821FF302821FF302821FF302821FF302821FF302821FF302821FF302821FF302821FF302821FF302821FF302821FF302821FF302821FF302821FF302821FF302821FF302821FF302821FF30
310
2821FF302821FF302821FF302821FF302821FF302821FFFF7F9FFFFF7F9FFF302821FF302821FFFF7F9FFF302821FF302821FFFF7F9FFF302821FF302821FF302821FF302821FF302821FF302821FF302821FF302821FF302821FF302821FF302821FF302821FF302821FF302821FF302821FF302821FF302821FF302821FF
310
302821FF302821FF302821FF302821FF302821FF302821FF302821FF302821FF302821FF302821FF302821FF302821FF302821FFFF7F9FFFFF7F9FFF302821FF302821FFFF7F9FFF302821FFFF7F9FFFFF7F9FFF302821FF302821FF302821FF302821FF302821FF302821FF302821FF302821FF302821FF302821FF302821
310
FF302821FF302821FF302821FF302821FF302821FF302821FF302821FF302821FF302821FF302821FF302821FF302821FF302821FF302821FF302821FF302821FF302821FF302821FF302821FF302821FFFF7F9FFFFF7F9FFF302821FF302821FFFF7F9FFF302821FFFF7F9FFF302821FFFF7F9FFFFF7F9FFF302821FF3028
310
21FF302821FF302821FF302821FF302821FF302821FF302821FF302821FF302821FF302821FF302821FF302821FF302821FF302821FF302821FF302821FF302821FF302821FF302821FF302821FF302821FF302821FF302821FF302821FF302821FF302821FF302821FF302821FFFF7F9FFFFF7F9FFF302821FF302821FFFF
310
7F9FFF302821FFFF7F9FFF302821FF302821FF302821FFFF7F9FFFFF7F9FFF302821FF302821FF302821FF302821FF302821FF302821FF302821FF302821FF302821FF302821FF302821FF302821FF302821FF302821FF302821FF302821FF302821FF302821FF302821FF302821FF302821FF302821FF302821FF302821FF
310
302821FF302821FF302821FFFF7F9FFFFF7F9FFF302821FF302821FFFF7F9FFFFF7F9FFFFF7F9FFFFF7F9FFFFF7F9FFFFF7F9FFFFF7F9FFFFF7F9FFFFF7F9FFFFF7F9FFFFF7F9FFF302821FF302821FF302821FF302821FF302821FF302821FF302821FF302821FF302821FF302821FF302821FF302821FF302821FF302821
310
FF302821FF302821FF302821FF302821FF302821FF302821FF302821FF302821FF302821FF302821FFFF7F9FFFFF7F9FFF302821FF302821FFFF7F9FFFFF7F9FFF302821FF302821FF302821FF302821FF302821FF302821FFFF7F9FFF302821FFFF7F9FFF302821FFFF7F9FFF302821FF302821FF302821FF302821FF3028
310
21FF302821FF302821FF302821FF302821FF302821FF302821FF302821FF302821FF302821FF302821FF302821FF302821FF302821FF302821FF302821FF302821FF302821FFFF7F9FFFFF7F9FFF302821FF302821FFFF7F9FFFFF7F9FFF302821FF302821FF302821FF302821FFFF7F9FFF302821FF302821FF302821FFFF
310
7F9FFF302821FFFF7F9FFF302821FFFF7F9FFF302821FF302821FF302821FF302821FF302821FF302821FF302821FF302821FF302821FF302821FF302821FF302821FF302821FF302821FF302821FF302821FF302821FF302821FF302821FF302821FFFF7F9FFFFF7F9FFF302821FFFF7F9FFFFF7F9FFFFF7F9FFFFF7F9FFF
310
302821FF302821FF302821FFFF7F9FFF302821FFFF7F9FFF302821FF302821FFFF7F9FFF302821FF302821FFFF7F9FFF302821FFFF7F9FFF302821FF302821FF302821FF302821FF302821FF302821FF302821FF302821FF302821FF302821FF302821FF302821FF302821FF302821FF302821FF302821FF302821FF302821
310
FFFF7F9FFFFF7F9FFF302821FFFF7F9FFF302821FF302821FF302821FFFF7F9FFF302821FF302821FF302821FFFF7F9FFF302821FF302821FFFF7F9FFF302821FF302821FFFF7F9FFF302821FFFF7F9FFFFF7F9FFF302821FFFF7F9FFF302821FF302821FF302821FF302821FF302821FF302821FF302821FF302821FF3028
310
21FF302821FF302821FF302821FF302821FF302821FF302821FF302821FFFF7F9FFFFF7F9FFF302821FF302821FFFF7F9FFF302821FF302821FF302821FF302821FFFF7F9FFF302821FF302821FFFF7F9FFF302821FF302821FFFF7F9FFF302821FF302821FFFF7F9FFF302821FF302821FFFF7F9FFFFF7F9FFFFF7F9FFF30
310
2821FF302821FF302821FF302821FF302821FF302821FF302821FF302821FF302821FF302821FF302821FF302821FF302821FF302821FF302821FFFF7F9FFFFF7F9FFF302821FF302821FFFF7F9FFFFF7F9FFF302821FF302821FF302821FF302821FFFF7F9FFFFF7F9FFF302821FFFF7F9FFFFF7F9FFF302821FFFF7F9FFF
310
302821FF302821FFFF7F9FFF302821FF302821FF302821FFFF7F9FFF302821FFFF7F9FFF302821FF302821FF302821FF302821FF302821FF302821FF302821FF302821FF302821FF302821FF302821FF302821FF302821FFFF7F9FFFFF7F9FFF302821FF302821FFFF7F9FFFFF7F9FFFFF7F9FFFFF7F9FFF302821FFFF7F9F
310
FFFF7F9FFFFF7F9FFFFF7F9FFF302821FF302821FFFF7F9FFFFF7F9FFF302821FFFF7F9FFFFF7F9FFFFF7F9FFFFF7F9FFF302821FF302821FF302821FFFF7F9FFF302821FFFF7F9FFF302821FF302821FF302821FF302821FF302821FF302821FF302821FF302821FF302821FF302821FF302821FFFF7F9FFFFF7F9FFF3028
310
21FF302821FFFF7F9FFF302821FFFF7F9FFF302821FF302821FFFF7F9FFFFF7F9FFFFF7F9FFFFF7F9FFFFF7F9FFF302821FFFF7F9FFFFF7F9FFF302821FFFF7F9FFF302821FFFF7F9FFFFF7F9FFFFF7F9FFFFF7F9FFF302821FF302821FF302821FFFF7F9FFF302821FFFF7F9FFF302821FF302821FF302821FF302821FF30
310
2821FF302821FF302821FF302821FF302821FF302821FFFF7F9FFF302821FF302821FFFF7F9FFF302821FF302821FFFF7F9FFF302821FF302821FF302821FF302821FF302821FFFF7F9FFF302821FFFF7F9FFFFF7F9FFF302821FF302821FFFF7F9FFF302821FFFF7F9FFFFF7F9FFFFF7F9FFF302821FFFF7F9FFF302821FF
310
302821FF302821FFFF7F9FFF302821FF302821FF302821FF302821FF302821FF302821FF302821FF302821FF302821FF302821FFFF7F9FFF302821FF302821FFFF7F9FFF302821FFFF7F9FFFFF7F9FFFFF7F9FFF302821FF302821FF302821FF302821FFFF7F9FFFFF7F9FFFFF7F9FFF302821FFFF7F9FFF302821FF302821
310
FF302821FFFF7F9FFF302821FFFF7F9FFFFF7F9FFF302821FF302821FFFF7F9FFF302821FFFF7F9FFF302821FF302821FF302821FF302821FF302821FF302821FF302821FF302821FF302821FF302821FFFF7F9FFF302821FF302821FFFF7F9FFF302821FFFF7F9FFF302821FF302821FFFF7F9FFF302821FF302821FF3028
310
21FFFF7F9FFF302821FFFF7F9FFFFF7F9FFFFF7F9FFF302821FF302821FF302821FF302821FF302821FFFF7F9FFFFF7F9FFFFF7F9FFF302821FF302821FF302821FFFF7F9FFF302821FF302821FF302821FF302821FF302821FF302821FF302821FF302821FF302821FF302821FF302821FF302821FFFF7F9FFFFF7F9FFF30
310
2821FFFF7F9FFF302821FF302821FFFF7F9FFFFF7F9FFF302821FF302821FFFF7F9FFFFF7F9FFF302821FF302821FF302821FF302821FFFF7F9FFF302821FF302821FF302821FF302821FFFF7F9FFF302821FFFF7F9FFF302821FF302821FFFF7F9FFF302821FF302821FF302821FF302821FF302821FF302821FF302821FF
310
302821FF302821FF302821FF302821FF302821FF302821FFFF7F9FFFFF7F9FFF302821FFFF7F9FFFFF7F9FFF302821FF302821FFFF7F9FFF302821FF302821FF302821FFFF7F9FFFFF7F9FFF302821FF302821FF302821FF302821FFFF7F9FFF302821FF302821FF302821FF302821FFFF7F9FFFFF7F9FFF302821FFFF7F9F
310
FFFF7F9FFF302821FF302821FF302821FF302821FF302821FF302821FF302821FF302821FF302821FF302821FF302821FF302821FF302821FF302821FF302821FFFF7F9FFF302821FFFF7F9FFFFF7F9FFF302821FFFF7F9FFFFF7F9FFF302821FF302821FF302821FFFF7F9FFFFF7F9FFF302821FF302821FF302821FF3028
310
21FFFF7F9FFF302821FF302821FF302821FF302821FFFF7F9FFFFF7F9FFFFF7F9FFF302821FF302821FF302821FF302821FF302821FF302821FF302821FF302821FF302821FF302821FF302821FF302821FF302821FF302821FF302821FF302821FF302821FF302821FF302821FFFF7F9FFFFF7F9FFF302821FF302821FFFF
310
7F9FFFFF7F9FFF302821FF302821FFFF7F9FFFFF7F9FFFFF7F9FFF302821FF302821FF302821FFFF7F9FFF302821FF302821FF302821FFFF7F9FFF302821FF302821FF302821FF302821FF302821FF302821FF302821FF302821FF302821FF302821FF302821FF302821FF302821FF302821FF302821FF302821FF302821FF
310
302821FF302821FF302821FF302821FF302821FFFF7F9FFFFF7F9FFF302821FF302821FF302821FFFF7F9FFFFF7F9FFFFF7F9FFFFF7F9FFFFF7F9FFFFF7F9FFFFF7F9FFF302821FF302821FFFF7F9FFF302821FF302821FFFF7F9FFFFF7F9FFF302821FF302821FF302821FF302821FF302821FF302821FF302821FF302821
310
FF302821FF302821FF302821FF302821FF302821FF302821FF302821FF302821FF302821FF302821FF302821FF302821FF302821FFFF7F9FFF302821FFFF7F9FFF302821FF302821FF302821FF302821FFFF7F9FFFFF7F9FFF302821FFFF7F9FFFFF7F9FFFFF7F9FFFFF7F9FFFFF7F9FFFFF7F9FFF302821FF302821FFFF7F
310
9FFFFF7F9FFFFF7F9FFF302821FF302821FF302821FF302821FF302821FF302821FF302821FF302821FF302821FF302821FF302821FF302821FF302821FF302821FF302821FF302821FF302821FF302821FF302821FF302821FFFF7F9FFF302821FFFF7F9FFF302821FF302821FF302821FF302821FFFF7F9FFFFF7F9FFF30
310
2821FF302821FFFF7F9FFF302821FF302821FFFF7F9FFFFF7F9FFF302821FFFF7F9FFF302821FF302821FFFF7F9FFF302821FF302821FF302821FF302821FF302821FF302821FF302821FF302821FF302821FF302821FF302821FF302821FF302821FF302821FF302821FF302821FF302821FF302821FF302821FF302821FF
310
FF7F9FFF302821FFFF7F9FFF302821FF302821FF302821FF302821FFFF7F9FFFFF7F9FFFFF7F9FFFFF7F9FFFFF7F9FFFFF7F9FFF302821FFFF7F9FFF302821FF302821FFFF7F9FFF302821FFFF7F9FFFFF7F9FFFFF7F9FFF302821FF302821FF302821FF302821FF302821FF302821FF302821FF302821FF302821FF302821
310
FF302821FF302821FF302821FF302821FF302821FF302821FF302821FF302821FF302821FFFF7F9FFF302821FFFF7F9FFF302821FF302821FF302821FF302821FFFF7F9FFFFF7F9FFFFF7F9FFFFF7F9FFF302821FF302821FF302821FFFF7F9FFF302821FFFF7F9FFFFF7F9FFF302821FF302821FF302821FFFF7F9FFF3028
310
21FF302821FF302821FF302821FF302821FF302821FF302821FF302821FF302821FF302821FF302821FF302821FF302821FF302821FF302821FF302821FF302821FF302821FF302821FFFF7F9FFFFF7F9FFFFF7F9FFF302821FF302821FF302821FF302821FFFF7F9FFF302821FF302821FF302821FF302821FF302821FFFF
310
7F9FFF302821FF302821FFFF7F9FFFFF7F9FFF302821FF302821FFFF7F9FFF302821FF302821FF302821FF302821FF302821FF302821FF302821FF302821FF302821FF302821FF302821FF302821FF302821FF302821FF302821FF302821FF302821FF302821FF302821FF302821FF302821FFFF7F9FFFFF7F9FFF302821FF
310
302821FFFF7F9FFF302821FF302821FF302821FF302821FF302821FF302821FFFF7F9FFFFF7F9FFFFF7F9FFF302821FF302821FFFF7F9FFFFF7F9FFF302821FF302821FF302821FF302821FF302821FF302821FF302821FF302821FF302821FF302821FF302821FF302821FF302821FF302821FF302821FF302821FF302821
310
FF302821FF302821FF302821FF302821FF302821FF302821FFFF7F9FFFFF7F9FFFFF7F9FFF302821FF302821FF302821FF302821FF302821FF302821FF302821FFFF7F9FFFFF7F9FFF302821FFFF7F9FFF302821FF302821FF302821FF302821FF302821FF302821FF302821FF302821FF302821FF302821FF302821FF3028
310
21FF302821FF302821FF302821FF302821FF302821FF302821FF302821FF302821FF302821FF302821FF302821FF302821FF302821FF302821FF302821FFFF7F9FFFFF7F9FFF302821FF302821FF302821FF302821FF302821FF302821FF302821FF302821FFFF7F9FFFFF7F9FFFFF7F9FFF302821FF302821FF302821FF30
310
2821FF302821FF302821FF302821FF302821FF302821FF302821FF302821FF302821FF302821FF302821FF302821FF302821FF302821FF302821FF302821FF302821FF302821FF302821FF302821FF302821FF302821FF302821FF302821FF302821FF302821FF302821FF302821FF302821FF302821FF302821FF302821FF
310
302821FF302821FF302821FFFF7F9FFF302821FFFF7F9FFF302821FF302821FF302821FF302821FF302821FF302821FF302821FF302821FF302821FF302821FF302821FF302821FF302821FF302821FF302821FF302821FF302821FF302821FF302821FF302821FF302821FF302821FF302821FF302821FF302821FF302821
310
FF302821FF302821FF302821FF302821FF302821FF302821FF302821FF302821FF302821FF302821FF302821FFFF7F9FFF302821FFFF7F9FFF302821FF302821FF302821FF302821FF302821FF302821FF302821FF302821FF302821FF302821FF302821FF302821FF302821FF302821FF302821FF302821FF302821FF3028
310
21FF302821FF302821FF302821FF302821FF302821FF302821FF302821FF302821FF302821FF302821FF302821FF302821FF302821FF302821FF302821FF302821FF302821FF302821FF302821FFFF7F9FFF302821FF302821FFFF7F9FFF302821FF302821FF302821FF302821FF302821FF302821FF302821FF302821FF30
310
2821FF302821FF302821FF302821FF302821FF302821FF302821FF302821FF302821FF302821FF302821FF302821FF302821FF302821FF302821FF302821FF302821FF302821FF302821FF302821FF302821FF302821FF302821FF302821FF302821FF302821FF302821FF302821FF302821FFFF7F9FFFFF7F9FFF302821FF
310
302821FF302821FF302821FF302821FF302821FF302821FF302821FF302821FF302821FF302821FF302821FF302821FF302821FF302821FF302821FF302821FF302821FF302821FF302821FF302821FF302821FF302821FF302821FF302821FF302821FF302821FF302821FF302821FF302821FF302821FF302821FF302821
310
FF302821FF302821FF302821FF302821FF302821FF302821FF302821FF302821FF302821FF302821FF302821FF302821FF302821FF302821FF302821FF302821FF302821FF302821FF302821FF302821FF302821FF302821FF302821FF302821FF302821FF302821FF302821FF302821FF302821FF302821FF302821FF3028
310
21FF302821FF302821FF302821FF302821FF302821FF302821FF302821FF302821FF302821FF302821FF302821FF302821FF302821FF302821FF302821FF302821FF302821FF302821FF302821FF302821FF302821FF302821FF
 70
     0
280
     2
281
     0
  0
BLOCK_RECORD
  5
117342
330
1
100
AcDbSymbolTableRecord
100
AcDbBlockTableRecord
  2
bbbbb
310
28000000280000002800000001002000000000000019000001000000010000000000000000000000302821FF302821FF302821FF302821FF302821FF302821FF302821FF302821FF302821FF302821FF302821FF302821FF302821FF302821FF302821FF302821FF302821FF302821FF302821FF302821FF302821FF302821
310
FF302821FF302821FF302821FF302821FF302821FF302821FF302821FF302821FF302821FF302821FF302821FF302821FF302821FF302821FF302821FF302821FF302821FF302821FF302821FF302821FF302821FF302821FF302821FF302821FF302821FF302821FF302821FF302821FF302821FF302821FF302821FF3028
310
21FF302821FF302821FF302821FF302821FF302821FF302821FF302821FF302821FF302821FF302821FF302821FF302821FF302821FF302821FF302821FF302821FF302821FF302821FF302821FF302821FF302821FF302821FF302821FF302821FF302821FF302821FF302821FF302821FF302821FF302821FF302821FF30
310
2821FF302821FF302821FF302821FF302821FF302821FF302821FF302821FF302821FF302821FF302821FF302821FF302821FF302821FF302821FF302821FF302821FF302821FF302821FF302821FF302821FF302821FF302821FFFF7F9FFFFF7F9FFFFF7F9FFFFF7F9FFFFF7F9FFF302821FF302821FF302821FF302821FF
310
302821FF302821FF302821FF302821FF302821FF302821FF302821FF302821FF302821FF302821FF302821FF302821FF302821FF302821FF302821FF302821FF302821FF302821FFFF7F9FFFFF7F9FFFFF7F9FFFFF7F9FFFFF7F9FFFFF7F9FFFFF7F9FFFFF7F9FFFFF7F9FFFFF7F9FFFFF7F9FFFFF7F9FFFFF7F9FFFFF7F9F
310
FF302821FFFF7F9FFF302821FFFF7F9FFF302821FF302821FF302821FF302821FF302821FF302821FF302821FF302821FF302821FF302821FF302821FF302821FF302821FF302821FF302821FF302821FF302821FF302821FF302821FF302821FF302821FFFF7F9FFFFF7F9FFFFF7F9FFFFF7F9FFFFF7F9FFFFF7F9FFFFF7F
310
9FFFFF7F9FFFFF7F9FFFFF7F9FFFFF7F9FFFFF7F9FFFFF7F9FFFFF7F9FFFFF7F9FFF302821FFFF7F9FFF302821FFFF7F9FFF302821FF302821FF302821FF302821FF302821FF302821FF302821FF302821FF302821FF302821FF302821FF302821FF302821FF302821FF302821FF302821FF302821FF302821FF302821FF30
310
2821FF302821FFFF7F9FFF302821FF302821FF302821FF302821FF302821FF302821FF302821FF302821FF302821FF302821FF302821FF302821FF302821FFFF7F9FFF302821FFFF7F9FFF302821FFFF7F9FFF302821FF302821FF302821FF302821FF302821FF302821FF302821FF302821FF302821FF302821FF302821FF
310
302821FF302821FF302821FF302821FF302821FF302821FF302821FF302821FF302821FF302821FFFF7F9FFF302821FF302821FF302821FF302821FF302821FF302821FF302821FF302821FF302821FF302821FF302821FF302821FF302821FFFF7F9FFF302821FFFF7F9FFF302821FFFF7F9FFF302821FF302821FF302821
310
FF302821FF302821FF302821FF302821FF302821FF302821FF302821FF302821FF302821FF302821FF302821FF302821FF302821FF302821FF302821FF302821FF302821FF302821FFFF7F9FFFFF7F9FFFFF7F9FFFFF7F9FFFFF7F9FFFFF7F9FFFFF7F9FFFFF7F9FFFFF7F9FFFFF7F9FFFFF7F9FFFFF7F9FFFFF7F9FFFFF7F
310
9FFFFF7F9FFF302821FFFF7F9FFF302821FFFF7F9FFF302821FF302821FF302821FF302821FF302821FF302821FF302821FF302821FF302821FF302821FF302821FF302821FF302821FF302821FF302821FF302821FF302821FF302821FF302821FF302821FF302821FFFF7F9FFF302821FF302821FF302821FF302821FF30
310
2821FF302821FF302821FF302821FF302821FF302821FF302821FF302821FFFF7F9FFF302821FF302821FFFF7F9FFF302821FFFF7F9FFF302821FF302821FF302821FF302821FF302821FF302821FF302821FF302821FF302821FF302821FF302821FF302821FF302821FF302821FF302821FF302821FF302821FF302821FF
310
302821FF302821FF302821FFFF7F9FFF302821FF302821FF302821FF302821FF302821FF302821FF302821FF302821FF302821FF302821FF302821FF302821FFFF7F9FFF302821FF302821FFFF7F9FFF302821FFFF7F9FFF302821FF302821FF302821FF302821FF302821FF302821FF302821FF302821FF302821FF302821
310
FF302821FF302821FF302821FF302821FF302821FF302821FF302821FF302821FF302821FF302821FF302821FFFF7F9FFF302821FF302821FF302821FF302821FF302821FF302821FF302821FF302821FF302821FF302821FF302821FF302821FFFF7F9FFF302821FF302821FFFF7F9FFF302821FFFF7F9FFF302821FF3028
310
21FF302821FF302821FF302821FF302821FF302821FF302821FF302821FF302821FF302821FF302821FF302821FF302821FF302821FF302821FF302821FF302821FF302821FF302821FF302821FFFF7F9FFF302821FF302821FF302821FF302821FF302821FF302821FF302821FF302821FF302821FF302821FF302821FF30
310
2821FFFF7F9FFF302821FF302821FFFF7F9FFF302821FFFF7F9FFF302821FF302821FF302821FF302821FF302821FF302821FF302821FF302821FF302821FF302821FF302821FF302821FF302821FF302821FF302821FF302821FF302821FF302821FF302821FF302821FF302821FFFF7F9FFF302821FF302821FF302821FF
310
302821FF302821FF302821FF302821FF302821FF302821FF302821FF302821FF302821FFFF7F9FFF302821FF302821FFFF7F9FFF302821FFFF7F9FFF302821FF302821FF302821FF302821FF302821FF302821FF302821FF302821FF302821FF302821FF302821FF302821FF302821FF302821FF302821FF302821FF302821
310
FF302821FF302821FF302821FF302821FFFF7F9FFF302821FF302821FF302821FF302821FF302821FF302821FF302821FF302821FF302821FF302821FF302821FF302821FFFF7F9FFF302821FF302821FFFF7F9FFF302821FFFF7F9FFF302821FF302821FF302821FF302821FF302821FF302821FF302821FF302821FF3028
310
21FF302821FF302821FF302821FF302821FF302821FF302821FF302821FF302821FF302821FF302821FF302821FF302821FFFF7F9FFF302821FF302821FF302821FF302821FF302821FF302821FF302821FF302821FF302821FF302821FF302821FF302821FFFF7F9FFF302821FF302821FFFF7F9FFF302821FFFF7F9FFF30
310
2821FF302821FF302821FF302821FF302821FF302821FF302821FF302821FF302821FF302821FF302821FF302821FF302821FF302821FF302821FF302821FF302821FF302821FF302821FF302821FF302821FFFF7F9FFF302821FF302821FF302821FF302821FF302821FF302821FF302821FF302821FF302821FF302821FF
310
302821FF302821FFFF7F9FFF302821FF302821FFFF7F9FFF302821FFFF7F9FFF302821FF302821FF302821FF302821FF302821FF302821FF302821FF302821FF302821FF302821FF302821FF302821FF302821FF302821FF302821FF302821FF302821FF302821FF302821FF302821FF302821FFFF7F9FFF302821FF302821
310
FF302821FF302821FF302821FF302821FF302821FF302821FF302821FF302821FF302821FF302821FFFF7F9FFF302821FF302821FFFF7F9FFF302821FFFF7F9FFF302821FF302821FF302821FF302821FF302821FF302821FF302821FF302821FF302821FF302821FF302821FF302821FF302821FF302821FF302821FF3028
310
21FF302821FF302821FF302821FF302821FF302821FFFF7F9FFF302821FF302821FF302821FF302821FF302821FF302821FF302821FF302821FF302821FF302821FF302821FF302821FFFF7F9FFF302821FF302821FFFF7F9FFF302821FFFF7F9FFF302821FF302821FF302821FF302821FF302821FF302821FF302821FF30
310
2821FF302821FF302821FF302821FF302821FF302821FF302821FF302821FF302821FF302821FF302821FF302821FF302821FF302821FFFF7F9FFF302821FF302821FF302821FF302821FF302821FF302821FF302821FF302821FF302821FF302821FF302821FF302821FFFF7F9FFF302821FF302821FFFF7F9FFF302821FF
310
FF7F9FFF302821FF302821FF302821FF302821FF302821FF302821FF302821FF302821FF302821FF302821FF302821FF302821FF302821FF302821FF302821FF302821FF302821FF302821FF302821FF302821FF302821FFFF7F9FFF302821FF302821FF302821FF302821FF302821FF302821FF302821FF302821FF302821
310
FF302821FF302821FF302821FFFF7F9FFF302821FF302821FFFF7F9FFF302821FFFF7F9FFF302821FF302821FF302821FF302821FF302821FF302821FF302821FF302821FF302821FF302821FF302821FF302821FF302821FF302821FF302821FF302821FF302821FF302821FF302821FF302821FF302821FFFF7F9FFFFF7F
310
9FFFFF7F9FFFFF7F9FFFFF7F9FFFFF7F9FFFFF7F9FFFFF7F9FFFFF7F9FFFFF7F9FFFFF7F9FFFFF7F9FFFFF7F9FFFFF7F9FFF302821FF302821FFFF7F9FFF302821FFFF7F9FFF302821FF302821FF302821FF302821FF302821FF302821FF302821FF302821FF302821FF302821FF302821FF302821FF302821FF302821FF30
310
2821FF302821FF302821FF302821FF302821FF302821FF302821FFFF7F9FFF302821FF302821FF302821FF302821FFFF7F9FFFFF7F9FFF302821FF302821FF302821FFFF7F9FFF302821FF302821FFFF7F9FFF302821FF302821FFFF7F9FFF302821FFFF7F9FFF302821FF302821FF302821FF302821FF302821FF302821FF
310
302821FF302821FF302821FF302821FF302821FF302821FF302821FF302821FF302821FF302821FF302821FF302821FF302821FFFF7F9FFFFF7F9FFFFF7F9FFFFF7F9FFFFF7F9FFFFF7F9FFFFF7F9FFF302821FF302821FFFF7F9FFF302821FF302821FF302821FFFF7F9FFF302821FFFF7F9FFF302821FF302821FFFF7F9F
310
FF302821FFFF7F9FFF302821FF302821FF302821FF302821FF302821FF302821FF302821FF302821FF302821FF302821FF302821FF302821FF302821FF302821FFFF7F9FFFFF7F9FFFFF7F9FFFFF7F9FFFFF7F9FFFFF7F9FFFFF7F9FFFFF7F9FFFFF7F9FFFFF7F9FFFFF7F9FFF302821FFFF7F9FFFFF7F9FFF302821FF3028
310
21FF302821FF302821FFFF7F9FFF302821FFFF7F9FFF302821FF302821FFFF7F9FFF302821FFFF7F9FFF302821FF302821FF302821FF302821FF302821FF302821FF302821FF302821FF302821FF302821FF302821FF302821FF302821FF302821FF302821FFFF7F9FFFFF7F9FFFFF7F9FFFFF7F9FFFFF7F9FFF302821FF30
310
2821FF302821FFFF7F9FFFFF7F9FFFFF7F9FFF302821FFFF7F9FFF302821FF302821FF302821FF302821FFFF7F9FFF302821FFFF7F9FFF302821FF302821FFFF7F9FFF302821FFFF7F9FFF302821FF302821FF302821FF302821FF302821FF302821FF302821FF302821FF302821FF302821FF302821FF302821FF302821FF
310
302821FF302821FF302821FF302821FF302821FFFF7F9FFFFF7F9FFFFF7F9FFFFF7F9FFFFF7F9FFFFF7F9FFF302821FF302821FFFF7F9FFFFF7F9FFFFF7F9FFFFF7F9FFFFF7F9FFF302821FFFF7F9FFF302821FFFF7F9FFF302821FF302821FFFF7F9FFF302821FFFF7F9FFF302821FF302821FF302821FF302821FF302821
310
FF302821FF302821FF302821FF302821FF302821FF302821FF302821FF302821FF302821FF302821FF302821FF302821FF302821FF302821FF302821FFFF7F9FFFFF7F9FFFFF7F9FFFFF7F9FFFFF7F9FFFFF7F9FFFFF7F9FFFFF7F9FFF302821FF302821FF302821FFFF7F9FFFFF7F9FFF302821FFFF7F9FFF302821FF3028
310
21FFFF7F9FFF302821FFFF7F9FFF302821FF302821FF302821FF302821FF302821FF302821FF302821FF302821FF302821FF302821FF302821FF302821FF302821FF302821FF302821FF302821FF302821FF302821FF302821FF302821FF302821FFFF7F9FFF302821FF302821FF302821FFFF7F9FFFFF7F9FFFFF7F9FFF30
310
2821FF302821FF302821FFFF7F9FFFFF7F9FFF302821FFFF7F9FFF302821FF302821FFFF7F9FFF302821FFFF7F9FFF302821FF302821FF302821FF302821FF302821FF302821FF302821FF302821FF302821FF302821FF302821FF302821FF302821FF302821FF302821FF302821FF302821FF302821FF302821FF302821FF
310
302821FFFF7F9FFF302821FFFF7F9FFFFF7F9FFF302821FFFF7F9FFFFF7F9FFFFF7F9FFFFF7F9FFFFF7F9FFFFF7F9FFFFF7F9FFF302821FFFF7F9FFF302821FF302821FFFF7F9FFF302821FFFF7F9FFF302821FF302821FF302821FF302821FF302821FF302821FF302821FF302821FF302821FF302821FF302821FF302821
310
FF302821FF302821FF302821FF302821FF302821FF302821FFFF7F9FFFFF7F9FFFFF7F9FFFFF7F9FFFFF7F9FFF302821FF302821FF302821FFFF7F9FFF302821FF302821FF302821FF302821FFFF7F9FFF302821FF302821FFFF7F9FFF302821FF302821FFFF7F9FFF302821FFFF7F9FFF302821FF302821FF302821FF3028
310
21FF302821FF302821FF302821FF302821FF302821FF302821FF302821FF302821FF302821FF302821FF302821FF302821FF302821FF302821FFFF7F9FFFFF7F9FFF302821FF302821FFFF7F9FFFFF7F9FFFFF7F9FFF302821FF302821FFFF7F9FFF302821FF302821FF302821FFFF7F9FFF302821FF302821FFFF7F9FFF30
310
2821FF302821FFFF7F9FFF302821FFFF7F9FFF302821FF302821FF302821FF302821FF302821FF302821FF302821FF302821FF302821FF302821FF302821FF302821FF302821FF302821FF302821FF302821FF302821FF302821FFFF7F9FFFFF7F9FFFFF7F9FFFFF7F9FFFFF7F9FFF302821FF302821FFFF7F9FFFFF7F9FFF
310
FF7F9FFF302821FF302821FFFF7F9FFFFF7F9FFF302821FF302821FFFF7F9FFF302821FF302821FFFF7F9FFF302821FFFF7F9FFF302821FF302821FF302821FF302821FF302821FF302821FF302821FF302821FF302821FF302821FF302821FF302821FF302821FF302821FF302821FF302821FF302821FFFF7F9FFFFF7F9F
310
FF302821FFFF7F9FFFFF7F9FFFFF7F9FFFFF7F9FFFFF7F9FFFFF7F9FFF302821FF302821FF302821FF302821FFFF7F9FFFFF7F9FFFFF7F9FFFFF7F9FFFFF7F9FFFFF7F9FFF302821FFFF7F9FFF302821FFFF7F9FFF302821FF302821FF302821FF302821FF302821FF302821FF302821FF302821FF302821FF302821FF3028
310
21FF302821FF302821FF302821FF302821FF302821FF302821FFFF7F9FFF302821FFFF7F9FFFFF7F9FFFFF7F9FFF302821FF302821FF302821FF302821FFFF7F9FFFFF7F9FFFFF7F9FFFFF7F9FFF302821FF302821FF302821FF302821FF302821FFFF7F9FFF302821FFFF7F9FFF302821FFFF7F9FFF302821FF302821FF30
310
2821FF302821FF302821FF302821FF302821FF302821FF302821FF302821FF302821FF302821FF302821FF302821FF302821FF302821FF302821FF302821FFFF7F9FFF302821FF302821FFFF7F9FFF302821FF302821FF302821FF302821FF302821FF302821FF302821FF302821FF302821FF302821FF302821FF302821FF
310
302821FFFF7F9FFF302821FFFF7F9FFF302821FFFF7F9FFF302821FF302821FF302821FF302821FF302821FF302821FF302821FF302821FF302821FF302821FF302821FF302821FF302821FF302821FF302821FF302821FF302821FF302821FF302821FF302821FF302821FFFF7F9FFFFF7F9FFFFF7F9FFFFF7F9FFFFF7F9F
310
FFFF7F9FFFFF7F9FFFFF7F9FFFFF7F9FFFFF7F9FFFFF7F9FFFFF7F9FFFFF7F9FFFFF7F9FFFFF7F9FFF302821FFFF7F9FFF302821FFFF7F9FFF302821FF302821FF302821FF302821FF302821FF302821FF302821FF302821FF302821FF302821FF302821FF302821FF302821FF302821FF302821FF302821FF302821FF3028
310
21FF302821FF302821FF302821FF302821FFFF7F9FFFFF7F9FFFFF7F9FFFFF7F9FFFFF7F9FFFFF7F9FFFFF7F9FFFFF7F9FFFFF7F9FFFFF7F9FFFFF7F9FFFFF7F9FFFFF7F9FFFFF7F9FFF302821FFFF7F9FFF302821FFFF7F9FFF302821FF302821FF302821FF302821FF302821FF302821FF302821FF302821FF302821FF30
310
2821FF302821FF302821FF302821FF302821FF302821FF302821FF302821FF302821FF302821FF302821FF302821FF302821FF302821FF302821FF302821FF302821FF302821FF302821FF302821FF302821FF302821FF302821FF302821FF302821FF302821FFFF7F9FFFFF7F9FFFFF7F9FFFFF7F9FFFFF7F9FFF302821FF
310
302821FF302821FF302821FF302821FF302821FF302821FF302821FF302821FF302821FF302821FF302821FF302821FF302821FF302821FF302821FF302821FF302821FF302821FF302821FF302821FF302821FF302821FF302821FF302821FF302821FF302821FF302821FF302821FF302821FF302821FF302821FF302821
310
FF302821FF302821FF302821FF302821FF302821FF302821FF302821FF302821FF302821FF302821FF302821FF302821FF302821FF302821FF302821FF302821FF302821FF302821FF302821FF302821FF302821FF302821FF302821FF302821FF302821FF302821FF302821FF302821FF302821FF302821FF302821FF3028
310
21FF302821FF302821FF302821FF302821FF302821FF302821FF302821FF302821FF302821FF302821FF302821FF302821FF302821FF302821FF302821FF302821FF302821FF302821FF302821FF302821FF302821FF302821FF
 70
     0
280
     2
281
     0
  0
BLOCK_RECORD
  5
132D06
330
1
100
AcDbSymbolTableRecord
100
AcDbBlockTableRecord
  2
*D20
 70
     0
280
     2
281
     0
  0
BLOCK_RECORD
  5
132D10
330
1
100
AcDbSymbolTableRecord
100
AcDbBlockTableRecord
  2
*D21
 70
     0
280
     2
281
     0
  0
BLOCK_RECORD
  5
132D1A
330
1
100
AcDbSymbolTableRecord
100
AcDbBlockTableRecord
  2
*D22
 70
     0
280
     2
281
     0
  0
BLOCK_RECORD
  5
132D24
330
1
100
AcDbSymbolTableRecord
100
AcDbBlockTableRecord
  2
*D23
 70
     0
280
     2
281
     0
  0
BLOCK_RECORD
  5
132D2E
330
1
100
AcDbSymbolTableRecord
100
AcDbBlockTableRecord
  2
*D24
 70
     0
280
     2
281
     0
  0
BLOCK_RECORD
  5
132D38
330
1
100
AcDbSymbolTableRecord
100
AcDbBlockTableRecord
  2
*D25
 70
     0
280
     2
281
     0
  0
BLOCK_RECORD
  5
132D42
330
1
100
AcDbSymbolTableRecord
100
AcDbBlockTableRecord
  2
*D26
 70
     0
280
     2
281
     0
  0
BLOCK_RECORD
  5
132D4C
330
1
100
AcDbSymbolTableRecord
100
AcDbBlockTableRecord
  2
*D27
 70
     0
280
     2
281
     0
  0
BLOCK_RECORD
  5
132D56
330
1
100
AcDbSymbolTableRecord
100
AcDbBlockTableRecord
  2
*D28
 70
     0
280
     2
281
     0
  0
BLOCK_RECORD
  5
132D60
330
1
100
AcDbSymbolTableRecord
100
AcDbBlockTableRecord
  2
*D29
 70
     0
280
     2
281
     0
  0
BLOCK_RECORD
  5
132D6A
330
1
100
AcDbSymbolTableRecord
100
AcDbBlockTableRecord
  2
*D30
 70
     0
280
     2
281
     0
  0
BLOCK_RECORD
  5
132D74
330
1
100
AcDbSymbolTableRecord
100
AcDbBlockTableRecord
  2
*D31
 70
     0
280
     2
281
     0
  0
BLOCK_RECORD
  5
132D7E
330
1
100
AcDbSymbolTableRecord
100
AcDbBlockTableRecord
  2
*D32
 70
     0
280
     2
281
     0
  0
BLOCK_RECORD
  5
132D88
330
1
100
AcDbSymbolTableRecord
100
AcDbBlockTableRecord
  2
*D33
 70
     0
280
     2
281
     0
  0
BLOCK_RECORD
  5
132D92
330
1
100
AcDbSymbolTableRecord
100
AcDbBlockTableRecord
  2
*D34
 70
     0
280
     2
281
     0
  0
BLOCK_RECORD
  5
132E05
330
1
100
AcDbSymbolTableRecord
100
AcDbBlockTableRecord
  2
*D35
 70
     0
280
     2
281
     0
  0
BLOCK_RECORD
  5
132E0F
330
1
100
AcDbSymbolTableRecord
100
AcDbBlockTableRecord
  2
*D36
 70
     0
280
     2
281
     0
  0
BLOCK_RECORD
  5
1330B4
330
1
100
AcDbSymbolTableRecord
100
AcDbBlockTableRecord
  2
315BC
310
28000000200000002000000001002000000000000010000001000000010000000000000000000000000000FF000000FF000000FF000000FF000000FF000000FF000000FF000000FF000000FF000000FF000000FF000000FF000000FF000000FF000000FF000000FF000000FF000000FF000000FF000000FF000000FF000000
310
FF000000FF000000FF000000FF000000FF000000FF000000FF000000FF000000FF000000FF000000FF000000FF000000FF000000FF000000FF000000FF000000FF000000FF000000FF000000FF000000FF000000FF000000FF000000FF000000FFFFFF00FFFFFF00FF000000FF000000FF000000FF000000FF000000FF0000
310
00FF000000FF000000FF000000FF000000FF000000FF000000FF000000FF000000FF000000FF000000FF000000FF000000FF000000FF000000FF000000FF000000FF000000FF000000FF000000FF000000FFFFFF00FFFFFF00FFFFFF00FFFFFF00FFFFFF00FFFFFF00FFFFFF00FFFFFF00FFFFFF00FFFFFF00FFFFFF00FF00
310
0000FF000000FF000000FF000000FF000000FF000000FF000000FF000000FF000000FF000000FF000000FF000000FF000000FF000000FF000000FF000000FF000000FF000000FF000000FF000000FF000000FFFFFF00FF000000FF000000FFFFFF00FF000000FF000000FFFFFF00FF000000FF000000FF000000FFFFFF00FF
310
000000FF000000FF000000FF000000FF000000FF000000FF000000FF000000FF000000FF000000FF000000FF000000FF000000FF000000FF000000FF000000FF000000FF000000FF000000FF000000FFFFFF00FF000000FF000000FF000000FFFFFF00FF000000FF000000FFFFFF00FF000000FF000000FF000000FF000000
310
FFFFFF00FF000000FF000000FF000000FF000000FF000000FF000000FF000000FF000000FF000000FF000000FF000000FF000000FF000000FF000000FF000000FF000000FF000000FFFFFF00FFFFFF00FFFFFF00FF000000FF000000FF000000FFFFFF00FF000000FF000000FFFFFF00FF000000FF000000FF000000FF0000
310
00FF000000FFFFFF00FFFFFF00FFFFFF00FF000000FF000000FF000000FF000000FF000000FF000000FF000000FF000000FF000000FF000000FF000000FF000000FF000000FF000000FFFFFF00FF000000FFFFFF00FF000000FF000000FF000000FFFFFF00FF000000FF000000FFFFFF00FF000000FF000000FF000000FF00
310
0000FF000000FFFFFF00FF000000FFFFFF00FF000000FF000000FF000000FF000000FF000000FF000000FF000000FF000000FF000000FF000000FF000000FF000000FF000000FF000000FFFFFF00FF000000FFFFFF00FF000000FF000000FF000000FFFFFF00FF000000FF000000FFFFFF00FF000000FF000000FF000000FF
310
000000FF000000FFFFFF00FF000000FFFFFF00FF000000FF000000FF000000FF000000FF000000FF000000FF000000FF000000FF000000FF000000FF000000FF000000FF000000FF000000FFFFFF00FF000000FFFFFF00FF000000FF000000FF000000FFFFFF00FF000000FF000000FFFFFF00FF000000FF000000FF000000
310
FF000000FF000000FFFFFF00FF000000FFFFFF00FF000000FF000000FF000000FF000000FF000000FF000000FF000000FF000000FF000000FF000000FF000000FF000000FF000000FF000000FFFFFF00FF000000FFFFFF00FF000000FF000000FF000000FFFFFF00FF000000FF000000FFFFFF00FF000000FF000000FF0000
310
00FF000000FF000000FFFFFF00FF000000FFFFFF00FF000000FF000000FF000000FF000000FF000000FF000000FF000000FF000000FF000000FF000000FF000000FF000000FF000000FF000000FFFFFF00FF000000FFFFFF00FF000000FF000000FF000000FFFFFF00FF000000FF000000FFFFFF00FF000000FF000000FF00
310
0000FF000000FF000000FFFFFF00FF000000FFFFFF00FF000000FF000000FF000000FF000000FF000000FF000000FF000000FF000000FF000000FF000000FF000000FF000000FF000000FF000000FFFFFF00FF000000FFFFFF00FF000000FF000000FF000000FFFFFF00FF000000FF000000FFFFFF00FF000000FF000000FF
310
000000FF000000FF000000FFFFFF00FF000000FFFFFF00FF000000FF000000FF000000FF000000FF000000FF000000FF000000FF000000FF000000FF000000FF000000FF000000FF000000FF000000FFFFFF00FF000000FFFFFF00FF000000FF000000FF000000FFFFFF00FF000000FF000000FFFFFF00FF000000FF000000
310
FF000000FF000000FF000000FFFFFF00FF000000FFFFFF00FF000000FF000000FF000000FF000000FF000000FF000000FF000000FF000000FF000000FF000000FF000000FF000000FF000000FF000000FFFFFF00FF000000FFFFFF00FF000000FF000000FF000000FFFFFF00FF000000FF000000FFFFFF00FF000000FF0000
310
00FF000000FF000000FF000000FFFFFF00FF000000FFFFFF00FF000000FF000000FF000000FF000000FF000000FF000000FF000000FF000000FF000000FF000000FF000000FF000000FF000000FF000000FFFFFF00FF000000FFFFFF00FF000000FF000000FF000000FFFFFF00FF000000FF000000FFFFFF00FF000000FF00
310
0000FF000000FF000000FF000000FFFFFF00FF000000FFFFFF00FF000000FF000000FF000000FF000000FF000000FF000000FF000000FF000000FF000000FF000000FF000000FF000000FF000000FF000000FFFFFF00FF000000FFFFFF00FF000000FF000000FF000000FFFFFF00FF000000FF000000FFFFFF00FF000000FF
310
000000FF000000FF000000FF000000FFFFFF00FF000000FFFFFF00FF000000FF000000FF000000FF000000FF000000FF000000FF000000FF000000FF000000FF000000FF000000FF000000FF000000FF000000FFFFFF00FF000000FFFFFF00FF000000FF000000FF000000FFFFFF00FF000000FF000000FFFFFF00FF000000
310
FF000000FF000000FF000000FF000000FFFFFF00FF000000FFFFFF00FF000000FF000000FF000000FF000000FF000000FF000000FF000000FF000000FF000000FF000000FF000000FF000000FF000000FF000000FFFFFF00FF000000FFFFFF00FF000000FF000000FF000000FFFFFF00FF000000FF000000FFFFFF00FF0000
310
00FF000000FF000000FF000000FF000000FFFFFF00FF000000FFFFFF00FF000000FF000000FF000000FF000000FF000000FF000000FF000000FF000000FF000000FF000000FF000000FF000000FF000000FF000000FFFFFF00FF000000FFFFFF00FF000000FF000000FF000000FFFFFF00FF000000FF000000FFFFFF00FF00
310
0000FF000000FF000000FF000000FF000000FFFFFF00FF000000FFFFFF00FF000000FF000000FF000000FF000000FF000000FF000000FF000000FF000000FF000000FF000000FF000000FF000000FF000000FF000000FFFFFF00FF000000FFFFFF00FF000000FF000000FF000000FFFFFF00FF000000FF000000FFFFFF00FF
310
000000FF000000FF000000FF000000FF000000FFFFFF00FF000000FFFFFF00FF000000FF000000FF000000FF000000FF000000FF000000FF000000FF000000FF000000FF000000FF000000FF000000FF000000FF000000FFFFFF00FF000000FFFFFF00FF000000FF000000FF000000FFFFFF00FF000000FF000000FFFFFF00
310
FF000000FF000000FF000000FF000000FF000000FFFFFF00FF000000FFFFFF00FF000000FF000000FF000000FF000000FF000000FF000000FF000000FF000000FF000000FF000000FF000000FF000000FF000000FF000000FFFFFF00FF000000FFFFFF00FF000000FF000000FF000000FFFFFF00FF000000FF000000FFFFFF
310
00FF000000FF000000FF000000FF000000FF000000FFFFFF00FF000000FFFFFF00FF000000FF000000FF000000FF000000FF000000FF000000FF000000FF000000FF000000FF000000FF000000FF000000FF000000FF000000FFFFFF00FF000000FFFFFF00FF000000FF000000FF000000FFFFFF00FF000000FF000000FFFF
310
FF00FF000000FF000000FF000000FF000000FF000000FFFFFF00FF000000FFFFFF00FF000000FF000000FF000000FF000000FF000000FF000000FF000000FF000000FF000000FF000000FF000000FF000000FF000000FF000000FFFFFF00FF000000FFFFFF00FF000000FF000000FF000000FFFFFF00FF000000FF000000FF
310
FFFF00FF000000FF000000FF000000FF000000FF000000FFFFFF00FF000000FFFFFF00FF000000FF000000FF000000FF000000FF000000FF000000FF000000FF000000FF000000FF000000FF000000FF000000FF000000FF000000FFFFFF00FF000000FFFFFF00FF000000FF000000FF000000FFFFFF00FF000000FF000000
310
FFFFFF00FF000000FF000000FF000000FF000000FF000000FFFFFF00FF000000FFFFFF00FF000000FF000000FF000000FF000000FF000000FF000000FF000000FF000000FF000000FF000000FF000000FF000000FF000000FF000000FFFFFF00FF000000FFFFFF00FF000000FF000000FF000000FFFFFF00FF000000FF0000
310
00FFFFFF00FF000000FF000000FF000000FF000000FF000000FFFFFF00FF000000FFFFFF00FF000000FF000000FF000000FF000000FF000000FF000000FF000000FF000000FF000000FF000000FF000000FF000000FF000000FF000000FFFFFF00FFFFFF00FFFFFF00FF000000FF000000FF000000FFFFFF00FF000000FF00
310
0000FFFFFF00FF000000FF000000FF000000FF000000FF000000FFFFFF00FFFFFF00FFFFFF00FF000000FF000000FF000000FF000000FF000000FF000000FF000000FF000000FF000000FF000000FF000000FF000000FF000000FF000000FF000000FF000000FFFFFF00FF000000FF000000FF000000FFFFFF00FF000000FF
310
000000FFFFFF00FF000000FF000000FF000000FF000000FFFFFF00FF000000FF000000FF000000FF000000FF000000FF000000FF000000FF000000FF000000FF000000FF000000FF000000FF000000FF000000FF000000FF000000FF000000FF000000FF000000FF000000FFFFFF00FF000000FF000000FFFFFF00FF000000
310
FF000000FFFFFF00FF000000FF000000FF000000FFFFFF00FF000000FF000000FF000000FF000000FF000000FF000000FF000000FF000000FF000000FF000000FF000000FF000000FF000000FF000000FF000000FF000000FF000000FF000000FF000000FF000000FF000000FFFFFF00FFFFFF00FFFFFF00FFFFFF00FFFFFF
310
00FFFFFF00FFFFFF00FFFFFF00FFFFFF00FFFFFF00FFFFFF00FF000000FF000000FF000000FF000000FF000000FF000000FF000000FF000000FF000000FF000000FF000000FF000000FF000000FF000000FF000000FF000000FF000000FF000000FF000000FF000000FF000000FF000000FF000000FF000000FF000000FFFF
310
FF00FFFFFF00FF000000FF000000FF000000FF000000FF000000FF000000FF000000FF000000FF000000FF000000FF000000FF000000FF000000FF000000FF000000FF000000FF000000FF000000FF000000FF000000FF000000FF000000FF000000FF000000FF000000FF000000FF000000FF000000FF000000FF000000FF
310
000000FF000000FF000000FF000000FF000000FF000000FF000000FF000000FF000000FF000000FF000000FF000000FF000000FF000000FF000000FF000000FF000000FF000000FF
 70
     0
280
     2
281
     2
  0
BLOCK_RECORD
  5
1330C4
330
1
100
AcDbSymbolTableRecord
100
AcDbBlockTableRecord
  2
500x300
310
28000000200000002000000001002000000000000010000001000000010000000000000000000000000000FF000000FF000000FF000000FF000000FF000000FF000000FF000000FF000000FF000000FF000000FF000000FF000000FF000000FF000000FF000000FF000000FF000000FF000000FF000000FF000000FF000000
310
FF000000FF000000FF000000FF000000FF000000FF000000FF000000FF000000FF000000FF000000FF000000FF000000FF000000FF000000FF000000FF000000FF000000FF000000FF000000FF000000FF000000FF000000FF000000FF000000FF000000FF000000FF000000FF000000FF000000FF000000FF000000FF0000
310
00FF000000FF000000FF000000FF000000FF000000FF000000FF000000FF000000FF000000FF000000FF000000FF000000FF000000FF000000FF000000FF000000FF000000FF000000FF000000FF000000FF000000FF000000FF000000FF000000FF000000FF000000FF000000FF000000FF000000FF000000FF000000FF00
310
0000FF000000FF000000FF000000FF000000FF000000FF000000FF000000FF000000FF000000FF000000FF000000FF000000FF000000FF000000FF000000FF000000FF000000FF000000FF000000FF000000FF000000FF000000FF000000FF000000FF000000FF000000FF000000FF000000FF000000FF000000FF000000FF
310
000000FF000000FF000000FF000000FF000000FF000000FF000000FF000000FF000000FF000000FF000000FF000000FF000000FF000000FFFFFF00FFFFFF00FFFFFF00FFFFFF00FFFFFF00FFFFFF00FFFFFF00FFFFFF00FFFFFF00FFFFFF00FFFFFF00FFFFFF00FFFFFF00FFFFFF00FFFFFF00FFFFFF00FFFFFF00FFFFFF00
310
FFFFFF00FFFFFF00FFFFFF00FFFFFF00FFFFFF00FFFFFF00FFFFFF00FFFFFF00FF000000FF000000FF000000FF000000FF000000FF000000FFFFFF00FF000000FF000000FF000000FF000000FF000000FF000000FF000000FF000000FF000000FF000000FF000000FF000000FF000000FF000000FF000000FF000000FF0000
310
00FF000000FF000000FF000000FF000000FF000000FF000000FF000000FFFFFF00FF000000FF000000FF000000FF000000FFFFFF00FFFFFF00FFFFFF00FF000000FF000000FF000000FF000000FF000000FF000000FF000000FF000000FF000000FF000000FF000000FF000000FF000000FF000000FF000000FF000000FF00
310
0000FF000000FF000000FF000000FF000000FF000000FF000000FF000000FFFFFF00FFFFFF00FFFFFF00FF000000FF000000FFFFFF00FF000000FFFFFF00FF000000FF000000FF000000FFFFFF00FFFFFF00FFFFFF00FFFFFF00FFFFFF00FFFFFF00FF000000FF000000FF000000FF000000FF000000FF000000FF000000FF
310
000000FF000000FF000000FF000000FF000000FF000000FF000000FF000000FFFFFF00FF000000FFFFFF00FF000000FF000000FFFFFF00FF000000FFFFFF00FF000000FF000000FF000000FFFFFF00FF000000FF000000FF000000FF000000FFFFFF00FF000000FF000000FF000000FF000000FF000000FF000000FF000000
310
FF000000FF000000FF000000FF000000FF000000FF000000FF000000FF000000FFFFFF00FF000000FFFFFF00FF000000FF000000FFFFFF00FF000000FFFFFF00FF000000FF000000FF000000FFFFFF00FF000000FF000000FF000000FF000000FFFFFF00FF000000FF000000FF000000FF000000FF000000FF000000FF0000
310
00FF000000FF000000FF000000FF000000FF000000FF000000FF000000FF000000FFFFFF00FF000000FFFFFF00FF000000FF000000FFFFFF00FF000000FFFFFF00FF000000FF000000FF000000FFFFFF00FF000000FF000000FF000000FF000000FFFFFF00FF000000FF000000FF000000FF000000FF000000FF000000FF00
310
0000FF000000FF000000FF000000FF000000FF000000FF000000FF000000FF000000FFFFFF00FF000000FFFFFF00FF000000FF000000FFFFFF00FF000000FFFFFF00FF000000FF000000FF000000FFFFFF00FFFFFF00FFFFFF00FFFFFF00FFFFFF00FFFFFF00FF000000FF000000FF000000FF000000FF000000FF000000FF
310
000000FF000000FF000000FF000000FF000000FF000000FF000000FF000000FF000000FFFFFF00FF000000FFFFFF00FF000000FF000000FFFFFF00FF000000FFFFFF00FF000000FF000000FF000000FF000000FF000000FF000000FF000000FF000000FF000000FF000000FF000000FF000000FF000000FF000000FF000000
310
FF000000FF000000FF000000FF000000FF000000FF000000FF000000FF000000FF000000FFFFFF00FF000000FFFFFF00FF000000FF000000FFFFFF00FF000000FFFFFF00FF000000FF000000FF000000FF000000FF000000FF000000FF000000FF000000FF000000FF000000FF000000FF000000FF000000FF000000FF0000
310
00FF000000FF000000FF000000FF000000FF000000FF000000FF000000FF000000FF000000FFFFFF00FF000000FFFFFF00FF000000FF000000FFFFFF00FF000000FFFFFF00FF000000FF000000FF000000FF000000FF000000FF000000FFFFFF00FFFFFF00FFFFFF00FF000000FF000000FF000000FF000000FF000000FF00
310
0000FF000000FF000000FF000000FF000000FF000000FF000000FF000000FF000000FF000000FFFFFF00FF000000FFFFFF00FF000000FF000000FFFFFF00FF000000FFFFFF00FF000000FF000000FF000000FF000000FFFFFF00FFFFFF00FFFFFF00FFFFFF00FFFFFF00FFFFFF00FFFFFF00FF000000FF000000FF000000FF
310
000000FF000000FF000000FF000000FF000000FF000000FF000000FF000000FF000000FF000000FFFFFF00FF000000FFFFFF00FF000000FF000000FFFFFF00FF000000FFFFFF00FF000000FF000000FF000000FFFFFF00FFFFFF00FFFFFF00FF000000FF000000FFFFFF00FFFFFF00FFFFFF00FFFFFF00FF000000FF000000
310
FF000000FF000000FF000000FF000000FF000000FF000000FF000000FF000000FF000000FF000000FFFFFF00FF000000FFFFFF00FF000000FF000000FFFFFF00FF000000FFFFFF00FF000000FF000000FF000000FFFFFF00FFFFFF00FF000000FF000000FF000000FF000000FF000000FFFFFF00FFFFFF00FF000000FF0000
310
00FF000000FF000000FF000000FF000000FF000000FF000000FF000000FF000000FF000000FF000000FFFFFF00FF000000FFFFFF00FF000000FF000000FFFFFF00FF000000FFFFFF00FF000000FF000000FF000000FFFFFF00FFFFFF00FF000000FF000000FF000000FF000000FF000000FFFFFF00FF000000FFFFFF00FF00
310
0000FF000000FF000000FF000000FF000000FF000000FF000000FF000000FF000000FF000000FF000000FFFFFF00FF000000FFFFFF00FF000000FF000000FFFFFF00FF000000FFFFFF00FF000000FF000000FF000000FFFFFF00FF000000FF000000FF000000FF000000FF000000FF000000FFFFFF00FF000000FFFFFF00FF
310
000000FF000000FF000000FF000000FF000000FF000000FF000000FF000000FF000000FF000000FF000000FFFFFF00FF000000FFFFFF00FF000000FF000000FFFFFF00FF000000FFFFFF00FF000000FF000000FF000000FFFFFF00FFFFFF00FF000000FF000000FF000000FF000000FF000000FFFFFF00FFFFFF00FF000000
310
FF000000FF000000FF000000FF000000FF000000FF000000FF000000FF000000FF000000FF000000FF000000FFFFFF00FF000000FFFFFF00FF000000FF000000FFFFFF00FF000000FFFFFF00FF000000FF000000FF000000FFFFFF00FFFFFF00FFFFFF00FF000000FF000000FF000000FFFFFF00FFFFFF00FFFFFF00FF0000
310
00FF000000FF000000FF000000FF000000FF000000FF000000FF000000FF000000FF000000FF000000FF000000FFFFFF00FF000000FFFFFF00FF000000FF000000FFFFFF00FF000000FFFFFF00FF000000FF000000FF000000FF000000FFFFFF00FFFFFF00FFFFFF00FFFFFF00FFFFFF00FFFFFF00FFFFFF00FFFFFF00FF00
310
0000FF000000FF000000FF000000FF000000FF000000FF000000FF000000FF000000FF000000FF000000FF000000FFFFFF00FF000000FFFFFF00FF000000FF000000FFFFFF00FF000000FFFFFF00FF000000FF000000FF000000FF000000FF000000FFFFFF00FFFFFF00FFFFFF00FFFFFF00FFFFFF00FF000000FF000000FF
310
000000FF000000FF000000FF000000FF000000FF000000FF000000FF000000FF000000FF000000FF000000FF000000FFFFFF00FF000000FFFFFF00FF000000FF000000FFFFFF00FF000000FFFFFF00FF000000FF000000FF000000FF000000FF000000FF000000FF000000FF000000FF000000FF000000FF000000FF000000
310
FF000000FF000000FF000000FF000000FF000000FF000000FF000000FF000000FF000000FF000000FF000000FF000000FFFFFF00FF000000FFFFFF00FF000000FF000000FFFFFF00FFFFFF00FFFFFF00FF000000FF000000FF000000FF000000FF000000FF000000FF000000FF000000FF000000FF000000FF000000FF0000
310
00FF000000FF000000FF000000FF000000FF000000FF000000FF000000FF000000FF000000FF000000FF000000FF000000FFFFFF00FFFFFF00FFFFFF00FF000000FF000000FF000000FF000000FFFFFF00FF000000FF000000FF000000FF000000FF000000FF000000FF000000FF000000FF000000FF000000FF000000FF00
310
0000FF000000FF000000FF000000FF000000FF000000FF000000FF000000FF000000FF000000FF000000FF000000FF000000FFFFFF00FF000000FF000000FF000000FF000000FF000000FF000000FFFFFF00FFFFFF00FFFFFF00FFFFFF00FFFFFF00FFFFFF00FFFFFF00FFFFFF00FFFFFF00FFFFFF00FFFFFF00FFFFFF00FF
310
FFFF00FFFFFF00FFFFFF00FFFFFF00FFFFFF00FFFFFF00FFFFFF00FFFFFF00FFFFFF00FFFFFF00FFFFFF00FFFFFF00FFFFFF00FFFFFF00FF000000FF000000FF000000FF000000FF000000FF000000FF000000FF000000FF000000FF000000FF000000FF000000FF000000FF000000FF000000FF000000FF000000FF000000
310
FF000000FF000000FF000000FF000000FF000000FF000000FF000000FF000000FF000000FF000000FF000000FF000000FF000000FF000000FF000000FF000000FF000000FF000000FF000000FF000000FF000000FF000000FF000000FF000000FF000000FF000000FF000000FF000000FF000000FF000000FF000000FF0000
310
00FF000000FF000000FF000000FF000000FF000000FF000000FF000000FF000000FF000000FF000000FF000000FF000000FF000000FF000000FF000000FF000000FF000000FF000000FF000000FF000000FF000000FF000000FF000000FF000000FF000000FF000000FF000000FF000000FF000000FF000000FF000000FF00
310
0000FF000000FF000000FF000000FF000000FF000000FF000000FF000000FF000000FF000000FF000000FF000000FF000000FF000000FF000000FF000000FF000000FF000000FF000000FF000000FF000000FF000000FF000000FF000000FF000000FF000000FF000000FF000000FF000000FF000000FF000000FF000000FF
310
000000FF000000FF000000FF000000FF000000FF000000FF000000FF000000FF000000FF000000FF000000FF000000FF000000FF000000FF000000FF000000FF000000FF000000FF
 70
     0
280
     2
281
     2
  0
BLOCK_RECORD
  5
133151
330
1
100
AcDbSymbolTableRecord
100
AcDbBlockTableRecord
  2
EGZOZ GİZLİ TİP SLOT DİFÜZÖR
310
28000000480000004800000001002000000000000051000001000000010000000000000000000000000000FF000000FF000000FF000000FF000000FF000000FF000000FF000000FF000000FF000000FF000000FF000000FF000000FF000000FF000000FF000000FF000000FF000000FF000000FF000000FF000000FF000000
310
FF000000FF000000FF000000FF000000FF000000FF000000FF000000FF000000FF000000FF000000FF000000FF000000FF000000FF000000FF000000FF000000FF000000FF000000FF000000FF000000FF000000FF000000FF000000FF000000FF000000FF000000FF000000FF000000FF000000FF000000FF000000FF0000
310
00FF000000FF000000FF000000FF000000FF000000FF000000FF000000FF000000FF000000FF000000FF000000FF000000FF000000FF000000FF000000FF000000FF000000FF000000FF000000FF000000FF000000FF000000FF000000FF000000FF000000FF000000FF000000FF000000FF000000FF000000FF000000FF00
310
0000FF000000FF000000FF000000FF000000FF000000FF000000FF000000FF000000FF000000FF000000FF000000FF000000FF000000FF000000FF000000FF000000FF000000FF000000FF000000FF000000FF000000FF000000FF000000FF000000FF000000FF000000FF000000FF000000FF000000FF000000FF000000FF
310
000000FF000000FF000000FF000000FF000000FF000000FF000000FF000000FF000000FF000000FF000000FF000000FF000000FF000000FF000000FF000000FF000000FF000000FF000000FF000000FF000000FF000000FF000000FF000000FF000000FF000000FF000000FF000000FF000000FF000000FF000000FF000000
310
FF000000FF000000FF000000FF000000FF000000FF000000FF000000FF000000FF000000FF000000FF000000FF000000FF000000FF000000FF000000FF000000FF000000FF000000FF000000FF000000FF000000FF000000FF000000FF000000FF000000FF000000FF000000FF000000FF000000FF000000FF000000FF0000
310
00FF000000FF000000FF000000FF000000FF000000FF000000FF000000FF000000FF000000FF000000FF000000FF000000FF000000FF000000FF000000FF000000FF000000FF000000FF000000FF000000FF000000FF000000FF000000FF000000FF000000FF000000FF000000FF000000FF000000FF000000FF000000FF00
310
0000FF000000FF000000FF000000FF000000FF000000FF000000FF000000FF000000FF000000FF000000FF000000FF000000FF000000FF000000FF000000FF000000FF000000FF000000FF000000FF000000FF000000FF000000FF000000FF000000FF000000FF000000FF000000FF000000FF000000FF000000FF000000FF
310
000000FF000000FF000000FF000000FF000000FF000000FF000000FF000000FF000000FF000000FF000000FF000000FF000000FF000000FF000000FF000000FF000000FF000000FF000000FF000000FF000000FF000000FF000000FF000000FF000000FF000000FF000000FF000000FF000000FF000000FF000000FF000000
310
FF000000FF000000FF000000FF000000FF000000FF000000FF000000FF000000FF000000FF000000FF000000FF000000FF000000FF000000FF000000FF000000FF000000FF000000FF000000FF000000FF000000FF000000FF000000FF000000FF000000FF000000FF000000FF000000FF000000FF000000FF000000FF0000
310
00FF000000FF000000FF000000FF000000FF000000FF000000FF000000FF000000FF000000FF000000FF000000FF000000FF000000FF000000FF000000FF000000FF000000FF000000FF000000FF000000FF000000FF000000FF000000FF000000FF000000FF000000FF000000FF000000FF000000FF000000FF000000FF00
310
0000FF000000FF000000FF000000FF000000FF000000FF000000FF000000FF000000FF000000FF000000FF000000FF000000FF000000FF000000FF000000FF000000FF000000FF000000FF000000FF000000FF000000FF000000FF000000FF000000FF000000FF000000FF000000FF000000FF000000FF000000FF000000FF
310
000000FF000000FF000000FF000000FF000000FF000000FF000000FF000000FF000000FF000000FF000000FF000000FF000000FF000000FF000000FF000000FF000000FF000000FF000000FF000000FF000000FF000000FF000000FF000000FF000000FF000000FF000000FF000000FF000000FF000000FF000000FF000000
310
FF000000FF000000FF000000FF000000FF000000FF000000FF000000FF000000FF000000FF000000FF000000FF000000FF000000FF000000FF000000FF000000FF000000FF000000FF000000FF000000FF000000FF000000FF000000FF000000FF000000FF000000FF000000FF000000FF000000FF000000FF000000FF0000
310
00FF000000FF000000FF000000FF000000FF000000FF000000FF000000FF000000FF000000FF000000FF000000FF000000FF000000FF000000FF000000FF000000FF000000FF000000FF000000FF000000FF000000FF000000FF000000FF000000FF000000FF000000FF000000FF000000FF000000FF000000FF000000FF00
310
0000FF000000FF000000FF000000FF000000FF000000FF000000FF000000FF000000FF000000FF000000FF000000FF000000FF000000FF000000FF000000FF000000FF000000FF000000FF000000FF000000FF000000FF000000FF000000FF000000FF000000FF000000FF000000FF000000FF000000FF000000FF000000FF
310
000000FF000000FF000000FF000000FF000000FF000000FF000000FF000000FF000000FF000000FF000000FF000000FF000000FF000000FF000000FF000000FF000000FF000000FF000000FF000000FF000000FF000000FF000000FF000000FF000000FF000000FF000000FF000000FF000000FF000000FF000000FF000000
310
FF000000FF000000FF000000FF000000FF000000FF000000FF000000FF000000FF000000FF000000FF000000FF000000FF000000FF000000FF000000FF000000FF000000FF000000FF000000FF000000FF000000FF000000FF000000FF000000FF000000FF000000FF000000FF000000FF000000FF000000FF000000FF0000
310
00FF000000FF000000FF000000FF000000FF000000FF000000FF000000FF000000FF000000FF000000FF000000FF000000FF000000FF000000FF000000FF000000FF000000FF000000FF000000FF000000FF000000FF000000FF000000FF000000FF000000FF000000FF000000FF000000FF000000FF000000FF000000FF00
310
0000FF000000FF000000FF000000FF000000FF000000FF000000FF000000FF000000FF000000FF000000FF000000FF000000FF000000FF000000FF000000FF000000FF000000FF000000FF000000FF000000FF000000FF000000FF000000FF000000FF000000FF000000FF000000FF000000FF000000FF000000FF000000FF
310
000000FF000000FF000000FF000000FF000000FF000000FF000000FF000000FF000000FF000000FF000000FF000000FF000000FF000000FF000000FF000000FF000000FF000000FF000000FF000000FF000000FF000000FF000000FF000000FF000000FF000000FF000000FF000000FF000000FF000000FF000000FF000000
310
FF000000FF000000FF000000FF000000FF000000FF000000FF000000FF000000FF000000FF000000FF000000FF000000FF000000FF000000FF000000FF000000FF000000FF000000FF000000FF000000FF000000FF000000FF000000FF000000FF000000FF000000FF000000FF000000FF000000FF000000FF000000FF0000
310
00FF000000FF000000FF000000FF000000FF000000FF000000FF000000FF000000FF000000FF000000FF000000FF000000FF000000FF000000FF000000FF000000FF000000FF000000FF000000FF000000FF000000FF000000FF000000FF000000FF000000FF000000FF000000FF000000FF000000FF000000FF000000FF00
310
0000FF000000FF000000FF000000FF000000FF000000FF000000FF000000FF000000FF000000FF000000FF000000FF000000FF000000FF000000FF000000FF000000FF000000FF000000FF000000FF000000FF000000FF000000FF000000FF000000FF000000FF000000FF000000FF000000FF000000FF000000FF000000FF
310
000000FF000000FF000000FF000000FF000000FF000000FF000000FF000000FF000000FF000000FF000000FF000000FF000000FF000000FF000000FF000000FF000000FF000000FF000000FF000000FF000000FF000000FF000000FF000000FF000000FF000000FF000000FF000000FF000000FF000000FF000000FF000000
310
FF000000FF000000FF000000FF000000FF000000FF000000FF000000FF000000FF000000FF000000FF000000FF000000FF000000FF000000FF000000FF000000FF000000FF000000FF000000FF000000FF000000FF000000FF000000FF000000FF000000FF000000FF000000FF000000FF000000FF000000FF000000FF0000
310
00FF000000FF000000FF000000FF000000FF000000FF000000FF000000FF000000FF000000FF000000FF000000FF000000FF000000FF000000FF000000FF000000FF000000FF000000FF000000FF000000FF000000FF000000FF000000FF000000FF000000FF000000FF000000FF000000FF000000FF000000FF000000FF00
310
0000FF000000FF000000FF000000FF000000FF000000FF000000FF000000FF000000FF000000FF000000FF000000FF000000FF000000FF000000FF000000FF000000FF000000FF000000FF000000FF000000FF000000FF000000FF000000FF000000FF000000FF000000FF000000FF000000FF000000FF000000FF000000FF
310
000000FF000000FF000000FF000000FF000000FF000000FF000000FF000000FF000000FF000000FF000000FF000000FF000000FF000000FF000000FF000000FF000000FF000000FF000000FF000000FF000000FF000000FF000000FF000000FF000000FF000000FF000000FF000000FF000000FF000000FF000000FF000000
310
FF000000FF000000FF000000FF000000FF000000FF000000FF000000FF000000FF000000FF000000FF000000FF000000FF000000FF000000FF000000FF000000FF000000FF000000FF000000FF000000FF000000FF000000FF000000FF000000FF000000FF000000FF000000FF000000FF000000FF000000FF000000FF0000
310
00FF000000FF000000FF000000FF000000FF000000FF000000FF000000FF000000FF000000FF000000FF000000FF000000FF000000FF000000FF000000FF000000FF000000FF000000FF000000FF000000FF000000FF000000FF000000FF000000FF000000FF000000FF000000FF000000FF000000FF000000FF000000FF00
310
0000FF000000FF000000FF000000FF000000FF000000FF000000FF000000FF000000FF000000FF000000FF000000FF000000FF000000FF000000FF000000FF000000FF000000FF000000FF000000FF000000FF000000FF000000FF000000FF000000FF000000FF000000FF000000FF000000FF000000FF000000FF000000FF
310
000000FF000000FF000000FF000000FF000000FF000000FF000000FF000000FF000000FF000000FF000000FF000000FF000000FF000000FF000000FF000000FF000000FF000000FF000000FF000000FF000000FF000000FF000000FF000000FF000000FF000000FF000000FF000000FF000000FF000000FF000000FF000000
310
FF000000FF000000FF000000FF000000FF000000FF000000FF000000FF000000FF000000FF000000FF000000FF000000FF000000FF000000FF000000FF000000FF000000FF000000FF000000FF000000FF000000FF000000FF000000FF000000FF000000FF000000FF000000FF000000FF000000FF000000FF000000FF0000
310
00FF000000FF000000FF000000FF000000FF000000FF000000FF000000FF000000FF000000FF000000FF000000FF000000FF000000FF000000FF000000FF000000FF000000FF000000FF000000FF000000FF000000FF000000FF000000FF000000FF000000FF000000FF000000FF000000FF000000FF000000FF000000FF00
310
0000FF000000FF000000FF000000FF000000FF000000FF000000FF000000FF000000FF000000FF000000FF000000FF000000FF000000FF000000FF000000FF000000FF000000FF000000FF000000FF000000FF000000FF000000FF000000FF000000FF000000FF000000FF000000FF000000FF000000FF000000FF000000FF
310
000000FF000000FF000000FF000000FF000000FF000000FF000000FF000000FF000000FF000000FF000000FF000000FF000000FF000000FF000000FF000000FF000000FF000000FF000000FF000000FF000000FF000000FF007FFFFF007FFFFF007FFFFF007FFFFF007FFFFF007FFFFF007FFFFF007FFFFF007FFFFF007FFF
310
FF007FFFFF007FFFFF007FFFFF007FFFFF007FFFFF007FFFFF007FFFFF007FFFFF007FFFFF007FFFFF007FFFFF007FFFFF007FFFFF007FFFFF007FFFFF007FFFFF007FFFFF007FFFFF007FFFFF007FFFFF007FFFFF007FFFFF007FFFFF007FFFFF007FFFFF007FFFFF007FFFFF007FFFFF007FFFFF007FFFFF007FFFFF007F
310
FFFF007FFFFF007FFFFF007FFFFF007FFFFF007FFFFF007FFFFF007FFFFF007FFFFF007FFFFF007FFFFF007FFFFF007FFFFF007FFFFF007FFFFF007FFFFF007FFFFF007FFFFF007FFFFF007FFFFF007FFFFF000000FF000000FF000000FF000000FF000000FF000000FF000000FF000000FF000000FF000000FF007FFFFF00
310
0000FF000000FF000000FF000000FF000000FF000000FF000000FF000000FF000000FF000000FF000000FF000000FF000000FF000000FF000000FF000000FF000000FF000000FF000000FF000000FF000000FF000000FF000000FF000000FF000000FF000000FF000000FF000000FF000000FF000000FF000000FF000000FF
310
000000FF000000FF000000FF000000FF000000FF000000FF000000FF000000FF000000FF000000FF000000FF000000FF000000FF000000FF000000FF000000FF000000FF000000FF000000FF000000FF000000FF000000FF000000FF000000FF000000FF000000FF000000FF000000FF007FFFFF000000FF000000FF000000
310
FF000000FF000000FF000000FF000000FF000000FF000000FF000000FF7F00FFFF7F00FFFF7F00FFFF7F00FFFF7F00FFFF7F00FFFF7F00FFFF7F00FFFF7F00FFFF7F00FFFF7F00FFFF7F00FFFF7F00FFFF7F00FFFF7F00FFFF7F00FFFF7F00FFFF7F00FFFF7F00FFFF7F00FFFF7F00FFFF7F00FFFF7F00FFFF7F00FFFF7F00
310
FFFF7F00FFFF7F00FFFF7F00FFFF7F00FFFF7F00FFFF7F00FFFF7F00FFFF7F00FFFF7F00FFFF7F00FFFF7F00FFFF7F00FFFF7F00FFFF7F00FFFF7F00FFFF7F00FFFF7F00FFFF7F00FFFF7F00FFFF7F00FFFF7F00FFFF7F00FFFF7F00FFFF7F00FFFF7F00FFFF7F00FFFF7F00FFFF7F00FFFF7F00FFFF7F00FFFF7F00FFFF7F
310
00FFFF7F00FFFF7F00FFFF7F00FFFF7F00FFFF7F00FFFF000000FF000000FF000000FF000000FF000000FF000000FF000000FF000000FF000000FF000000FF007FFFFF000000FF000000FF000000FF000000FF000000FF000000FF000000FF000000FF000000FF000000FF000000FF000000FF000000FF000000FF000000FF
310
000000FF000000FF000000FF000000FF000000FF000000FF000000FF000000FF000000FF000000FF000000FF000000FF000000FF000000FF000000FF000000FF000000FF000000FF000000FF000000FF000000FF000000FF000000FF000000FF000000FF000000FF000000FF000000FF000000FF000000FF000000FF000000
310
FF000000FF000000FF000000FF000000FF000000FF000000FF000000FF000000FF000000FF000000FF000000FF000000FF000000FF007FFFFF000000FF000000FF000000FF000000FF000000FF000000FF000000FF000000FF000000FF000000FF7F00FFFF7F00FFFF7F00FFFF7F00FFFF7F00FFFF7F00FFFF7F00FFFF7F00
310
FFFF7F00FFFF7F00FFFF7F00FFFF7F00FFFF7F00FFFF7F00FFFF7F00FFFF7F00FFFF7F00FFFF7F00FFFF7F00FFFF7F00FFFF7F00FFFF7F00FFFF7F00FFFF7F00FFFF7F00FFFF7F00FFFF7F00FFFF7F00FFFF7F00FFFF7F00FFFF7F00FFFF7F00FFFF7F00FFFF7F00FFFF7F00FFFF7F00FFFF7F00FFFF7F00FFFF7F00FFFF7F
310
00FFFF7F00FFFF7F00FFFF7F00FFFF7F00FFFF7F00FFFF7F00FFFF7F00FFFF7F00FFFF7F00FFFF7F00FFFF7F00FFFF7F00FFFF7F00FFFF7F00FFFF7F00FFFF7F00FFFF7F00FFFF7F00FFFF7F00FFFF7F00FFFF7F00FFFF7F00FFFF000000FF000000FF000000FF000000FF000000FF000000FF000000FF000000FF000000FF
310
000000FF007FFFFF000000FF000000FF000000FF000000FF000000FF000000FF000000FF000000FF000000FF000000FF000000FF000000FF000000FF000000FF000000FF000000FF000000FF000000FF000000FF000000FF000000FF000000FF000000FF000000FF000000FF000000FF000000FF000000FF000000FF000000
310
FF000000FF000000FF000000FF000000FF000000FF000000FF000000FF000000FF000000FF000000FF000000FF000000FF000000FF000000FF000000FF000000FF000000FF000000FF000000FF000000FF000000FF000000FF000000FF000000FF000000FF000000FF000000FF000000FF000000FF000000FF007FFFFF0000
310
00FF000000FF000000FF000000FF000000FF000000FF000000FF000000FF000000FF000000FF7F00FFFF7F00FFFF7F00FFFF7F00FFFF7F00FFFF7F00FFFF7F00FFFF7F00FFFF7F00FFFF7F00FFFF7F00FFFF7F00FFFF7F00FFFF7F00FFFF7F00FFFF7F00FFFF7F00FFFF7F00FFFF7F00FFFF7F00FFFF7F00FFFF7F00FFFF7F
310
00FFFF7F00FFFF7F00FFFF7F00FFFF7F00FFFF7F00FFFF7F00FFFF7F00FFFF7F00FFFF7F00FFFF7F00FFFF7F00FFFF7F00FFFF7F00FFFF7F00FFFF7F00FFFF7F00FFFF7F00FFFF7F00FFFF7F00FFFF7F00FFFF7F00FFFF7F00FFFF7F00FFFF7F00FFFF7F00FFFF7F00FFFF7F00FFFF7F00FFFF7F00FFFF7F00FFFF7F00FFFF
310
7F00FFFF7F00FFFF7F00FFFF7F00FFFF7F00FFFF7F00FFFF7F00FFFF7F00FFFF000000FF000000FF000000FF000000FF000000FF000000FF000000FF000000FF000000FF000000FF007FFFFF000000FF000000FF000000FF000000FF000000FF000000FF000000FF000000FF000000FF000000FF000000FF000000FF000000
310
FF000000FF000000FF000000FF000000FF000000FF000000FF000000FF000000FF000000FF000000FF000000FF000000FF000000FF000000FF000000FF000000FF000000FF000000FF000000FF000000FF000000FF000000FF000000FF000000FF000000FF000000FF000000FF000000FF000000FF000000FF000000FF0000
310
00FF000000FF000000FF000000FF000000FF000000FF000000FF000000FF000000FF000000FF000000FF000000FF000000FF000000FF000000FF000000FF007FFFFF000000FF000000FF000000FF000000FF000000FF000000FF000000FF000000FF000000FF000000FF007FFFFF007FFFFF007FFFFF007FFFFF007FFFFF00
310
7FFFFF007FFFFF007FFFFF007FFFFF007FFFFF007FFFFF007FFFFF007FFFFF007FFFFF007FFFFF007FFFFF007FFFFF007FFFFF007FFFFF007FFFFF007FFFFF007FFFFF007FFFFF007FFFFF007FFFFF007FFFFF007FFFFF007FFFFF007FFFFF007FFFFF007FFFFF007FFFFF007FFFFF007FFFFF007FFFFF007FFFFF007FFFFF
310
007FFFFF007FFFFF007FFFFF007FFFFF007FFFFF007FFFFF007FFFFF007FFFFF007FFFFF007FFFFF007FFFFF007FFFFF007FFFFF007FFFFF007FFFFF007FFFFF007FFFFF007FFFFF007FFFFF007FFFFF007FFFFF007FFFFF007FFFFF007FFFFF007FFFFF000000FF000000FF000000FF000000FF000000FF000000FF000000
310
FF000000FF000000FF000000FF000000FF000000FF000000FF000000FF000000FF000000FF000000FF000000FF000000FF000000FF000000FF000000FF000000FF000000FF000000FF000000FF000000FF000000FF000000FF000000FF000000FF000000FF000000FF000000FF000000FF000000FF000000FF000000FF0000
310
00FF000000FF000000FF000000FF000000FF000000FF000000FF000000FF000000FF000000FF000000FF000000FF000000FF000000FF000000FF000000FF000000FF000000FF000000FF000000FF000000FF000000FF000000FF000000FF000000FF000000FF000000FF000000FF000000FF000000FF000000FF000000FF00
310
0000FF000000FF000000FF000000FF000000FF000000FF000000FF000000FF000000FF000000FF000000FF000000FF000000FF000000FF000000FF000000FF000000FF000000FF000000FF000000FF000000FF000000FF000000FF000000FF000000FF000000FF000000FF000000FF000000FF000000FF000000FF000000FF
310
000000FF000000FF000000FF000000FF000000FF000000FF000000FF000000FF000000FF000000FF000000FF000000FF000000FF000000FF000000FF000000FF000000FF000000FF000000FF000000FF000000FF000000FF000000FF000000FF000000FF000000FF000000FF000000FF000000FF000000FF000000FF000000
310
FF000000FF000000FF000000FF000000FF000000FF000000FF000000FF000000FF000000FF000000FF000000FF000000FF000000FF000000FF000000FF000000FF000000FF000000FF000000FF000000FF000000FF000000FF000000FF000000FF000000FF000000FF000000FF000000FF000000FF000000FF000000FF0000
310
00FF000000FF000000FF000000FF000000FF000000FF000000FF000000FF000000FF000000FF000000FF000000FF000000FF000000FF000000FF000000FF000000FF000000FF000000FF000000FF000000FF000000FF000000FF000000FF000000FF000000FF000000FF000000FF000000FF000000FF000000FF000000FF00
310
0000FF000000FF000000FF000000FF000000FF000000FF000000FF000000FF000000FF000000FF000000FF000000FF000000FF000000FF000000FF000000FF000000FF000000FF000000FF000000FF000000FF000000FF000000FF000000FF000000FF000000FF000000FF000000FF000000FF000000FF000000FF000000FF
310
000000FF000000FF000000FF000000FF000000FF000000FF000000FF000000FF000000FF000000FF000000FF000000FF000000FF000000FF000000FF000000FF000000FF000000FF000000FF000000FF000000FF000000FF000000FF000000FF000000FF000000FF000000FF000000FF000000FF000000FF000000FF000000
310
FF000000FF000000FF000000FF000000FF000000FF000000FF000000FF000000FF000000FF000000FF000000FF000000FF000000FF000000FF000000FF000000FF000000FF000000FF000000FF000000FF000000FF000000FF000000FF000000FF000000FF000000FF000000FF000000FF000000FF000000FF000000FF0000
310
00FF000000FF000000FF000000FF000000FF000000FF000000FF000000FF000000FF000000FF000000FF000000FF000000FF000000FF000000FF000000FF000000FF000000FF000000FF000000FF000000FF000000FF000000FF000000FF000000FF000000FF000000FF000000FF000000FF000000FF000000FF000000FF00
310
0000FF000000FF000000FF000000FF000000FF000000FF000000FF000000FF000000FF000000FF000000FF000000FF000000FF000000FF000000FF000000FF000000FF000000FF000000FF000000FF000000FF000000FF000000FF000000FF000000FF000000FF000000FF000000FF000000FF000000FF000000FF000000FF
310
000000FF000000FF000000FF000000FF000000FF000000FF000000FF000000FF000000FF000000FF000000FF000000FF000000FF000000FF000000FF000000FF000000FF000000FF000000FF000000FF000000FF000000FF000000FF000000FF000000FF000000FF000000FF000000FF000000FF000000FF000000FF000000
310
FF000000FF000000FF000000FF000000FF000000FF000000FF000000FF000000FF000000FF000000FF000000FF000000FF000000FF000000FF000000FF000000FF000000FF000000FF000000FF000000FF000000FF000000FF000000FF000000FF000000FF000000FF000000FF000000FF000000FF000000FF000000FF0000
310
00FF000000FF000000FF000000FF000000FF000000FF000000FF000000FF000000FF000000FF000000FF000000FF000000FF000000FF000000FF000000FF000000FF000000FF000000FF000000FF000000FF000000FF000000FF000000FF000000FF000000FF000000FF000000FF000000FF000000FF000000FF000000FF00
310
0000FF000000FF000000FF000000FF000000FF000000FF000000FF000000FF000000FF000000FF000000FF000000FF000000FF000000FF000000FF000000FF000000FF000000FF000000FF000000FF000000FF000000FF000000FF000000FF000000FF000000FF000000FF000000FF000000FF000000FF000000FF000000FF
310
000000FF000000FF000000FF000000FF000000FF000000FF000000FF000000FF000000FF000000FF000000FF000000FF000000FF000000FF000000FF000000FF000000FF000000FF000000FF000000FF000000FF000000FF000000FF000000FF000000FF000000FF000000FF000000FF000000FF000000FF000000FF000000
310
FF000000FF000000FF000000FF000000FF000000FF000000FF000000FF000000FF000000FF000000FF000000FF000000FF000000FF000000FF000000FF000000FF000000FF000000FF000000FF000000FF000000FF000000FF000000FF000000FF000000FF000000FF000000FF000000FF000000FF000000FF000000FF0000
310
00FF000000FF000000FF000000FF000000FF000000FF000000FF000000FF000000FF000000FF000000FF000000FF000000FF000000FF000000FF000000FF000000FF000000FF000000FF000000FF000000FF000000FF000000FF000000FF000000FF000000FF000000FF000000FF000000FF000000FF000000FF000000FF00
310
0000FF000000FF000000FF000000FF000000FF000000FF000000FF000000FF000000FF000000FF000000FF000000FF000000FF000000FF000000FF000000FF000000FF000000FF000000FF000000FF000000FF000000FF000000FF000000FF000000FF000000FF000000FF000000FF000000FF000000FF000000FF000000FF
310
000000FF000000FF000000FF000000FF000000FF000000FF000000FF000000FF000000FF000000FF000000FF000000FF000000FF000000FF000000FF000000FF000000FF000000FF000000FF000000FF000000FF000000FF000000FF000000FF000000FF000000FF000000FF000000FF000000FF000000FF000000FF000000
310
FF000000FF000000FF000000FF000000FF000000FF000000FF000000FF000000FF000000FF000000FF000000FF000000FF000000FF000000FF000000FF000000FF000000FF000000FF000000FF000000FF007FFFFF007FFFFF007FFFFF007FFFFF007FFFFF007FFFFF007FFFFF007FFFFF007FFFFF007FFFFF007FFFFF007F
310
FFFF007FFFFF007FFFFF007FFFFF007FFFFF007FFFFF007FFFFF007FFFFF007FFFFF007FFFFF007FFFFF007FFFFF007FFFFF007FFFFF007FFFFF007FFFFF007FFFFF007FFFFF007FFFFF007FFFFF007FFFFF007FFFFF007FFFFF007FFFFF007FFFFF007FFFFF007FFFFF007FFFFF007FFFFF007FFFFF007FFFFF007FFFFF00
310
7FFFFF007FFFFF007FFFFF007FFFFF007FFFFF007FFFFF007FFFFF007FFFFF007FFFFF007FFFFF007FFFFF007FFFFF007FFFFF007FFFFF007FFFFF007FFFFF007FFFFF007FFFFF007FFFFF000000FF000000FF000000FF000000FF000000FF000000FF000000FF000000FF000000FF000000FF7F00FFFF7F00FFFF7F00FFFF
310
7F00FFFF7F00FFFF7F00FFFF7F00FFFF7F00FFFF7F00FFFF7F00FFFF7F00FFFF7F00FFFF7F00FFFF7F00FFFF7F00FFFF7F00FFFF7F00FFFF7F00FFFF7F00FFFF7F00FFFF7F00FFFF7F00FFFF7F00FFFF7F00FFFF7F00FFFF7F00FFFF7F00FFFF7F00FFFF7F00FFFF7F00FFFF7F00FFFF7F00FFFF7F00FFFF7F00FFFF7F00FF
310
FF7F00FFFF7F00FFFF7F00FFFF7F00FFFF7F00FFFF7F00FFFF7F00FFFF7F00FFFF7F00FFFF7F00FFFF7F00FFFF7F00FFFF7F00FFFF7F00FFFF7F00FFFF7F00FFFF7F00FFFF7F00FFFF7F00FFFF7F00FFFF7F00FFFF7F00FFFF7F00FFFF7F00FFFF7F00FFFF7F00FFFF7F00FFFF000000FF000000FF000000FF000000FF0000
310
00FF000000FF000000FF000000FF000000FF000000FF7F00FFFF7F00FFFF7F00FFFF7F00FFFF7F00FFFF7F00FFFF7F00FFFF7F00FFFF7F00FFFF7F00FFFF7F00FFFF7F00FFFF7F00FFFF7F00FFFF7F00FFFF7F00FFFF7F00FFFF7F00FFFF7F00FFFF7F00FFFF7F00FFFF7F00FFFF7F00FFFF7F00FFFF7F00FFFF7F00FFFF7F
310
00FFFF7F00FFFF7F00FFFF7F00FFFF7F00FFFF7F00FFFF7F00FFFF7F00FFFF7F00FFFF7F00FFFF7F00FFFF7F00FFFF7F00FFFF7F00FFFF7F00FFFF7F00FFFF7F00FFFF7F00FFFF7F00FFFF7F00FFFF7F00FFFF7F00FFFF7F00FFFF7F00FFFF7F00FFFF7F00FFFF7F00FFFF7F00FFFF7F00FFFF7F00FFFF7F00FFFF7F00FFFF
310
7F00FFFF7F00FFFF7F00FFFF7F00FFFF000000FF000000FF000000FF000000FF000000FF000000FF000000FF000000FF000000FF000000FF7F00FFFF7F00FFFF7F00FFFF7F00FFFF7F00FFFF7F00FFFF7F00FFFF7F00FFFF7F00FFFF7F00FFFF7F00FFFF7F00FFFF7F00FFFF7F00FFFF7F00FFFF7F00FFFF7F00FFFF7F00FF
310
FF7F00FFFF7F00FFFF7F00FFFF7F00FFFF7F00FFFF7F00FFFF7F00FFFF7F00FFFF7F00FFFF7F00FFFF7F00FFFF7F00FFFF7F00FFFF7F00FFFF7F00FFFF7F00FFFF7F00FFFF7F00FFFF7F00FFFF7F00FFFF7F00FFFF7F00FFFF7F00FFFF7F00FFFF7F00FFFF7F00FFFF7F00FFFF7F00FFFF7F00FFFF7F00FFFF7F00FFFF7F00
310
FFFF7F00FFFF7F00FFFF7F00FFFF7F00FFFF7F00FFFF7F00FFFF7F00FFFF7F00FFFF7F00FFFF7F00FFFF7F00FFFF7F00FFFF000000FF000000FF000000FF000000FF000000FF000000FF000000FF000000FF000000FF000000FF7F00FFFF7F00FFFF7F00FFFF7F00FFFF7F00FFFF7F00FFFF7F00FFFF7F00FFFF7F00FFFF7F
310
00FFFF7F00FFFF7F00FFFF7F00FFFF7F00FFFF7F00FFFF7F00FFFF7F00FFFF7F00FFFF7F00FFFF7F00FFFF7F00FFFF7F00FFFF7F00FFFF7F00FFFF7F00FFFF7F00FFFF7F00FFFF7F00FFFF7F00FFFF7F00FFFF7F00FFFF7F00FFFF7F00FFFF7F00FFFF7F00FFFF7F00FFFF7F00FFFF7F00FFFF7F00FFFF7F00FFFF7F00FFFF
310
7F00FFFF7F00FFFF7F00FFFF7F00FFFF7F00FFFF7F00FFFF7F00FFFF7F00FFFF7F00FFFF7F00FFFF7F00FFFF7F00FFFF7F00FFFF7F00FFFF7F00FFFF7F00FFFF7F00FFFF7F00FFFF7F00FFFF7F00FFFF7F00FFFF000000FF000000FF000000FF000000FF000000FF000000FF000000FF000000FF000000FF000000FF007FFF
310
FF007FFFFF007FFFFF007FFFFF007FFFFF007FFFFF007FFFFF007FFFFF007FFFFF007FFFFF007FFFFF007FFFFF007FFFFF007FFFFF007FFFFF007FFFFF007FFFFF007FFFFF007FFFFF007FFFFF007FFFFF007FFFFF007FFFFF007FFFFF007FFFFF007FFFFF007FFFFF007FFFFF007FFFFF007FFFFF007FFFFF007FFFFF007F
310
FFFF007FFFFF007FFFFF007FFFFF007FFFFF007FFFFF007FFFFF007FFFFF007FFFFF007FFFFF007FFFFF007FFFFF007FFFFF007FFFFF007FFFFF007FFFFF007FFFFF007FFFFF007FFFFF007FFFFF007FFFFF007FFFFF007FFFFF007FFFFF007FFFFF007FFFFF007FFFFF007FFFFF007FFFFF007FFFFF000000FF000000FF00
310
0000FF000000FF000000FF000000FF000000FF000000FF000000FF000000FF000000FF000000FF000000FF000000FF000000FF000000FF000000FF000000FF000000FF000000FF000000FF000000FF000000FF000000FF000000FF000000FF000000FF000000FF000000FF000000FF000000FF000000FF000000FF000000FF
310
000000FF000000FF000000FF000000FF000000FF000000FF000000FF000000FF000000FF000000FF000000FF000000FF000000FF000000FF000000FF000000FF000000FF000000FF000000FF000000FF000000FF000000FF000000FF000000FF000000FF000000FF000000FF000000FF000000FF000000FF000000FF000000
310
FF000000FF000000FF000000FF000000FF000000FF000000FF000000FF000000FF000000FF000000FF000000FF000000FF000000FF000000FF000000FF000000FF000000FF000000FF000000FF000000FF000000FF000000FF000000FF000000FF000000FF000000FF000000FF000000FF000000FF000000FF000000FF0000
310
00FF000000FF000000FF000000FF000000FF000000FF000000FF000000FF000000FF000000FF000000FF000000FF000000FF000000FF000000FF000000FF000000FF000000FF000000FF000000FF000000FF000000FF000000FF000000FF000000FF000000FF000000FF000000FF000000FF000000FF000000FF000000FF00
310
0000FF000000FF000000FF000000FF000000FF000000FF000000FF000000FF000000FF000000FF000000FF000000FF000000FF000000FF000000FF000000FF000000FF000000FF000000FF000000FF000000FF000000FF000000FF000000FF000000FF000000FF000000FF000000FF000000FF000000FF000000FF000000FF
310
000000FF000000FF000000FF000000FF000000FF000000FF000000FF000000FF000000FF000000FF000000FF000000FF000000FF000000FF000000FF000000FF000000FF000000FF000000FF000000FF000000FF000000FF000000FF000000FF000000FF000000FF000000FF000000FF000000FF000000FF000000FF000000
310
FF000000FF000000FF000000FF000000FF000000FF000000FF000000FF000000FF000000FF000000FF000000FF000000FF000000FF000000FF000000FF000000FF000000FF000000FF000000FF000000FF000000FF000000FF000000FF000000FF000000FF000000FF000000FF000000FF000000FF000000FF000000FF0000
310
00FF000000FF000000FF000000FF000000FF000000FF000000FF000000FF000000FF000000FF000000FF000000FF000000FF000000FF000000FF000000FF000000FF000000FF000000FF000000FF000000FF000000FF000000FF000000FF000000FF000000FF000000FF000000FF000000FF000000FF000000FF000000FF00
310
0000FF000000FF000000FF000000FF000000FF000000FF000000FF000000FF000000FF000000FF000000FF000000FF000000FF000000FF000000FF000000FF000000FF000000FF000000FF000000FF000000FF000000FF000000FF000000FF000000FF000000FF000000FF000000FF000000FF000000FF000000FF000000FF
310
000000FF000000FF000000FF000000FF000000FF000000FF000000FF000000FF000000FF000000FF000000FF000000FF000000FF000000FF000000FF000000FF000000FF000000FF000000FF000000FF000000FF000000FF000000FF000000FF000000FF000000FF000000FF000000FF000000FF000000FF000000FF000000
310
FF000000FF000000FF000000FF000000FF000000FF000000FF000000FF000000FF000000FF000000FF000000FF000000FF000000FF000000FF000000FF000000FF000000FF000000FF000000FF000000FF000000FF000000FF000000FF000000FF000000FF000000FF000000FF000000FF000000FF000000FF000000FF0000
310
00FF000000FF000000FF000000FF000000FF000000FF000000FF000000FF000000FF000000FF000000FF000000FF000000FF000000FF000000FF000000FF000000FF000000FF000000FF000000FF000000FF000000FF000000FF000000FF000000FF000000FF000000FF000000FF000000FF000000FF000000FF000000FF00
310
0000FF000000FF000000FF000000FF000000FF000000FF000000FF000000FF000000FF000000FF000000FF000000FF000000FF000000FF000000FF000000FF000000FF000000FF000000FF000000FF000000FF000000FF000000FF000000FF000000FF000000FF000000FF000000FF000000FF000000FF000000FF000000FF
310
000000FF000000FF000000FF000000FF000000FF000000FF000000FF000000FF000000FF000000FF000000FF000000FF000000FF000000FF000000FF000000FF000000FF000000FF000000FF000000FF000000FF000000FF000000FF000000FF000000FF007FFFFF007FFFFF007FFFFF007FFFFF007FFFFF007FFFFF007FFF
310
FF007FFFFF007FFFFF007FFFFF007FFFFF007FFFFF007FFFFF007FFFFF007FFFFF007FFFFF007FFFFF007FFFFF007FFFFF007FFFFF007FFFFF007FFFFF007FFFFF007FFFFF007FFFFF007FFFFF007FFFFF007FFFFF007FFFFF007FFFFF007FFFFF007FFFFF007FFFFF007FFFFF007FFFFF007FFFFF007FFFFF007FFFFF007F
310
FFFF007FFFFF007FFFFF007FFFFF007FFFFF007FFFFF007FFFFF007FFFFF007FFFFF007FFFFF007FFFFF007FFFFF007FFFFF007FFFFF007FFFFF007FFFFF007FFFFF007FFFFF007FFFFF007FFFFF007FFFFF007FFFFF007FFFFF007FFFFF000000FF000000FF000000FF000000FF000000FF000000FF000000FF000000FF00
310
0000FF000000FF007FFFFF000000FF000000FF000000FF000000FF000000FF000000FF000000FF000000FF000000FF000000FF000000FF000000FF000000FF000000FF000000FF000000FF000000FF000000FF000000FF000000FF000000FF000000FF000000FF000000FF000000FF000000FF000000FF000000FF000000FF
310
000000FF000000FF000000FF000000FF000000FF000000FF000000FF000000FF000000FF000000FF000000FF000000FF000000FF000000FF000000FF000000FF000000FF000000FF000000FF000000FF000000FF000000FF000000FF000000FF000000FF000000FF000000FF000000FF000000FF000000FF000000FF007FFF
310
FF000000FF000000FF000000FF000000FF000000FF000000FF000000FF000000FF000000FF000000FF7F00FFFF7F00FFFF7F00FFFF7F00FFFF7F00FFFF7F00FFFF7F00FFFF7F00FFFF7F00FFFF7F00FFFF7F00FFFF7F00FFFF7F00FFFF7F00FFFF7F00FFFF7F00FFFF7F00FFFF7F00FFFF7F00FFFF7F00FFFF7F00FFFF7F00
310
FFFF7F00FFFF7F00FFFF7F00FFFF7F00FFFF7F00FFFF7F00FFFF7F00FFFF7F00FFFF7F00FFFF7F00FFFF7F00FFFF7F00FFFF7F00FFFF7F00FFFF7F00FFFF7F00FFFF7F00FFFF7F00FFFF7F00FFFF7F00FFFF7F00FFFF7F00FFFF7F00FFFF7F00FFFF7F00FFFF7F00FFFF7F00FFFF7F00FFFF7F00FFFF7F00FFFF7F00FFFF7F
310
00FFFF7F00FFFF7F00FFFF7F00FFFF7F00FFFF7F00FFFF7F00FFFF7F00FFFF7F00FFFF000000FF000000FF000000FF000000FF000000FF000000FF000000FF000000FF000000FF000000FF007FFFFF000000FF000000FF000000FF000000FF000000FF000000FF000000FF000000FF000000FF000000FF000000FF000000FF
310
000000FF000000FF000000FF000000FF000000FF000000FF000000FF000000FF000000FF000000FF000000FF000000FF000000FF000000FF000000FF000000FF000000FF000000FF000000FF000000FF000000FF000000FF000000FF000000FF000000FF000000FF000000FF000000FF000000FF000000FF000000FF000000
310
FF000000FF000000FF000000FF000000FF000000FF000000FF000000FF000000FF000000FF000000FF000000FF000000FF000000FF000000FF000000FF000000FF007FFFFF000000FF000000FF000000FF000000FF000000FF000000FF000000FF000000FF000000FF000000FF007FFFFF007FFFFF007FFFFF007FFFFF007F
310
FFFF007FFFFF007FFFFF007FFFFF007FFFFF007FFFFF007FFFFF007FFFFF007FFFFF007FFFFF007FFFFF007FFFFF007FFFFF007FFFFF007FFFFF007FFFFF007FFFFF007FFFFF007FFFFF007FFFFF007FFFFF007FFFFF007FFFFF007FFFFF007FFFFF007FFFFF007FFFFF007FFFFF007FFFFF007FFFFF007FFFFF007FFFFF00
310
7FFFFF007FFFFF007FFFFF007FFFFF007FFFFF007FFFFF007FFFFF007FFFFF007FFFFF007FFFFF007FFFFF007FFFFF007FFFFF007FFFFF007FFFFF007FFFFF007FFFFF007FFFFF007FFFFF007FFFFF007FFFFF007FFFFF007FFFFF007FFFFF007FFFFF007FFFFF000000FF000000FF000000FF000000FF000000FF000000FF
310
000000FF000000FF000000FF000000FF000000FF000000FF000000FF000000FF000000FF000000FF000000FF000000FF000000FF000000FF000000FF000000FF000000FF000000FF000000FF000000FF000000FF000000FF000000FF000000FF000000FF000000FF000000FF000000FF000000FF000000FF000000FF000000
310
FF000000FF000000FF000000FF000000FF000000FF000000FF000000FF000000FF000000FF000000FF000000FF000000FF000000FF000000FF000000FF000000FF000000FF000000FF000000FF000000FF000000FF000000FF000000FF000000FF000000FF000000FF000000FF000000FF000000FF000000FF000000FF0000
310
00FF000000FF000000FF000000FF000000FF000000FF000000FF000000FF000000FF000000FF000000FF000000FF000000FF000000FF000000FF000000FF000000FF000000FF000000FF000000FF000000FF000000FF000000FF000000FF000000FF000000FF000000FF000000FF000000FF000000FF000000FF000000FF00
310
0000FF000000FF000000FF000000FF000000FF000000FF000000FF000000FF000000FF000000FF000000FF000000FF000000FF000000FF000000FF000000FF000000FF000000FF000000FF000000FF000000FF000000FF000000FF000000FF000000FF000000FF000000FF000000FF000000FF000000FF000000FF000000FF
310
000000FF000000FF000000FF000000FF000000FF000000FF000000FF000000FF000000FF000000FF000000FF000000FF000000FF000000FF000000FF000000FF000000FF000000FF000000FF000000FF000000FF000000FF007FFFFF007FFFFF007FFFFF007FFFFF007FFFFF007FFFFF007FFFFF007FFFFF007FFFFF007FFF
310
FF007FFFFF007FFFFF007FFFFF007FFFFF007FFFFF007FFFFF007FFFFF007FFFFF007FFFFF007FFFFF007FFFFF007FFFFF007FFFFF007FFFFF007FFFFF007FFFFF007FFFFF007FFFFF007FFFFF007FFFFF007FFFFF007FFFFF007FFFFF007FFFFF007FFFFF007FFFFF007FFFFF007FFFFF007FFFFF007FFFFF007FFFFF007F
310
FFFF007FFFFF007FFFFF007FFFFF007FFFFF007FFFFF007FFFFF007FFFFF007FFFFF007FFFFF007FFFFF007FFFFF007FFFFF007FFFFF007FFFFF007FFFFF007FFFFF007FFFFF007FFFFF007FFFFF007FFFFF000000FF000000FF000000FF000000FF000000FF000000FF000000FF000000FF000000FF000000FF007FFFFF00
310
0000FF000000FF000000FF000000FF000000FF000000FF000000FF000000FF000000FF000000FF000000FF000000FF000000FF000000FF000000FF000000FF000000FF000000FF000000FF000000FF000000FF000000FF000000FF000000FF000000FF000000FF000000FF000000FF000000FF000000FF000000FF000000FF
310
000000FF000000FF000000FF000000FF000000FF000000FF000000FF000000FF000000FF000000FF000000FF000000FF000000FF000000FF000000FF000000FF000000FF000000FF000000FF000000FF000000FF000000FF000000FF000000FF000000FF000000FF000000FF000000FF007FFFFF000000FF000000FF000000
310
FF000000FF000000FF000000FF000000FF000000FF000000FF000000FF007FFFFF007FFFFF007FFFFF007FFFFF007FFFFF007FFFFF007FFFFF007FFFFF007FFFFF007FFFFF007FFFFF007FFFFF007FFFFF007FFFFF007FFFFF007FFFFF007FFFFF007FFFFF007FFFFF007FFFFF007FFFFF007FFFFF007FFFFF007FFFFF007F
310
FFFF007FFFFF007FFFFF007FFFFF007FFFFF007FFFFF007FFFFF007FFFFF007FFFFF007FFFFF007FFFFF007FFFFF007FFFFF007FFFFF007FFFFF007FFFFF007FFFFF007FFFFF007FFFFF007FFFFF007FFFFF007FFFFF007FFFFF007FFFFF007FFFFF007FFFFF007FFFFF007FFFFF007FFFFF007FFFFF007FFFFF007FFFFF00
310
7FFFFF007FFFFF007FFFFF007FFFFF007FFFFF007FFFFF000000FF000000FF000000FF000000FF000000FF000000FF000000FF000000FF000000FF000000FF000000FF000000FF000000FF000000FF000000FF000000FF000000FF000000FF000000FF000000FF000000FF000000FF000000FF000000FF000000FF000000FF
310
000000FF000000FF000000FF000000FF000000FF000000FF000000FF000000FF000000FF000000FF000000FF000000FF000000FF000000FF000000FF000000FF000000FF000000FF000000FF000000FF000000FF000000FF000000FF000000FF000000FF000000FF000000FF000000FF000000FF000000FF000000FF000000
310
FF000000FF000000FF000000FF000000FF000000FF000000FF000000FF000000FF000000FF000000FF000000FF000000FF000000FF000000FF000000FF000000FF000000FF000000FF000000FF000000FF000000FF000000FF000000FF000000FF000000FF000000FF000000FF000000FF000000FF000000FF000000FF0000
310
00FF000000FF000000FF000000FF000000FF000000FF000000FF000000FF000000FF000000FF000000FF000000FF000000FF000000FF000000FF000000FF000000FF000000FF000000FF000000FF000000FF000000FF000000FF000000FF000000FF000000FF000000FF000000FF000000FF000000FF000000FF000000FF00
310
0000FF000000FF000000FF000000FF000000FF000000FF000000FF000000FF000000FF000000FF000000FF000000FF000000FF000000FF000000FF000000FF000000FF000000FF000000FF000000FF000000FF000000FF000000FF000000FF000000FF000000FF000000FF000000FF000000FF000000FF000000FF000000FF
310
000000FF000000FF000000FF000000FF000000FF000000FF000000FF000000FF000000FF000000FF000000FF000000FF000000FF000000FF000000FF000000FF000000FF000000FF000000FF000000FF000000FF000000FF000000FF000000FF000000FF000000FF000000FF000000FF000000FF000000FF000000FF000000
310
FF000000FF000000FF000000FF000000FF000000FF000000FF000000FF000000FF000000FF000000FF000000FF000000FF000000FF000000FF000000FF000000FF000000FF000000FF000000FF000000FF000000FF000000FF000000FF000000FF000000FF000000FF000000FF000000FF000000FF000000FF000000FF0000
310
00FF000000FF000000FF000000FF000000FF000000FF000000FF000000FF000000FF000000FF000000FF000000FF000000FF000000FF000000FF000000FF000000FF000000FF000000FF000000FF000000FF000000FF000000FF000000FF000000FF000000FF000000FF000000FF000000FF000000FF000000FF000000FF00
310
0000FF000000FF000000FF000000FF000000FF000000FF000000FF000000FF000000FF000000FF000000FF000000FF000000FF000000FF000000FF000000FF000000FF000000FF000000FF000000FF000000FF000000FF000000FF000000FF000000FF000000FF000000FF000000FF000000FF000000FF000000FF000000FF
310
000000FF000000FF000000FF000000FF000000FF000000FF000000FF000000FF000000FF000000FF000000FF000000FF000000FF000000FF000000FF000000FF000000FF000000FF000000FF000000FF000000FF000000FF000000FF000000FF000000FF000000FF000000FF000000FF000000FF000000FF000000FF000000
310
FF000000FF000000FF000000FF000000FF000000FF000000FF000000FF000000FF000000FF000000FF000000FF000000FF000000FF000000FF000000FF000000FF000000FF000000FF000000FF000000FF000000FF000000FF000000FF000000FF000000FF000000FF000000FF000000FF000000FF000000FF000000FF0000
310
00FF000000FF000000FF000000FF000000FF000000FF000000FF000000FF000000FF000000FF000000FF000000FF000000FF000000FF000000FF000000FF000000FF000000FF000000FF000000FF000000FF000000FF000000FF000000FF000000FF000000FF000000FF000000FF000000FF000000FF000000FF000000FF00
310
0000FF000000FF000000FF000000FF000000FF000000FF000000FF000000FF000000FF000000FF000000FF000000FF000000FF000000FF000000FF000000FF000000FF000000FF000000FF000000FF000000FF000000FF000000FF000000FF000000FF000000FF000000FF000000FF000000FF000000FF000000FF000000FF
310
000000FF000000FF000000FF000000FF000000FF000000FF000000FF000000FF000000FF000000FF000000FF000000FF000000FF000000FF000000FF000000FF000000FF000000FF000000FF000000FF000000FF000000FF000000FF000000FF000000FF000000FF000000FF000000FF000000FF000000FF000000FF000000
310
FF000000FF000000FF000000FF000000FF000000FF000000FF000000FF000000FF000000FF000000FF000000FF000000FF000000FF000000FF000000FF000000FF000000FF000000FF000000FF000000FF000000FF000000FF000000FF000000FF000000FF000000FF000000FF000000FF000000FF000000FF000000FF0000
310
00FF000000FF000000FF000000FF000000FF000000FF000000FF000000FF000000FF000000FF000000FF000000FF000000FF000000FF000000FF000000FF000000FF000000FF000000FF000000FF000000FF000000FF000000FF000000FF000000FF000000FF000000FF000000FF000000FF000000FF000000FF000000FF00
310
0000FF000000FF000000FF000000FF000000FF000000FF000000FF000000FF000000FF000000FF000000FF000000FF000000FF000000FF000000FF000000FF000000FF000000FF000000FF000000FF000000FF000000FF000000FF000000FF000000FF000000FF000000FF000000FF000000FF000000FF000000FF000000FF
310
000000FF000000FF000000FF000000FF000000FF000000FF000000FF000000FF000000FF000000FF000000FF000000FF000000FF000000FF000000FF000000FF000000FF000000FF000000FF000000FF000000FF000000FF000000FF000000FF000000FF000000FF000000FF000000FF000000FF000000FF000000FF000000
310
FF000000FF000000FF000000FF000000FF000000FF000000FF000000FF000000FF000000FF000000FF000000FF000000FF000000FF000000FF000000FF000000FF000000FF000000FF000000FF000000FF000000FF000000FF000000FF000000FF000000FF000000FF000000FF000000FF000000FF000000FF000000FF0000
310
00FF000000FF000000FF000000FF000000FF000000FF000000FF000000FF000000FF000000FF000000FF000000FF000000FF000000FF000000FF000000FF000000FF000000FF000000FF000000FF000000FF000000FF000000FF000000FF000000FF000000FF000000FF000000FF000000FF000000FF000000FF000000FF00
310
0000FF000000FF000000FF000000FF000000FF000000FF000000FF000000FF000000FF000000FF000000FF000000FF000000FF000000FF000000FF000000FF000000FF000000FF000000FF000000FF000000FF000000FF000000FF000000FF000000FF000000FF000000FF000000FF000000FF000000FF000000FF000000FF
310
000000FF000000FF000000FF000000FF000000FF000000FF000000FF000000FF000000FF000000FF000000FF000000FF000000FF000000FF000000FF000000FF000000FF000000FF000000FF000000FF000000FF000000FF000000FF000000FF000000FF000000FF000000FF000000FF000000FF000000FF000000FF000000
310
FF000000FF000000FF000000FF000000FF000000FF000000FF000000FF000000FF000000FF000000FF000000FF000000FF000000FF000000FF000000FF000000FF000000FF000000FF000000FF000000FF000000FF000000FF000000FF000000FF000000FF000000FF000000FF000000FF000000FF000000FF000000FF0000
310
00FF000000FF000000FF000000FF000000FF000000FF000000FF000000FF000000FF000000FF000000FF000000FF000000FF000000FF000000FF000000FF000000FF000000FF000000FF000000FF000000FF000000FF000000FF000000FF000000FF000000FF000000FF000000FF000000FF000000FF000000FF000000FF00
310
0000FF000000FF000000FF000000FF000000FF000000FF000000FF000000FF000000FF000000FF000000FF000000FF000000FF000000FF000000FF000000FF000000FF000000FF000000FF000000FF000000FF000000FF000000FF000000FF000000FF000000FF000000FF000000FF000000FF000000FF000000FF000000FF
310
000000FF000000FF000000FF000000FF000000FF000000FF000000FF000000FF000000FF000000FF000000FF000000FF000000FF000000FF000000FF000000FF000000FF000000FF000000FF000000FF000000FF000000FF000000FF000000FF000000FF000000FF000000FF000000FF000000FF000000FF000000FF000000
310
FF000000FF000000FF000000FF000000FF000000FF000000FF000000FF000000FF000000FF000000FF000000FF000000FF000000FF000000FF000000FF000000FF000000FF000000FF000000FF000000FF000000FF000000FF000000FF000000FF000000FF000000FF000000FF000000FF000000FF000000FF000000FF0000
310
00FF000000FF000000FF000000FF000000FF000000FF000000FF000000FF000000FF000000FF000000FF000000FF000000FF000000FF000000FF000000FF000000FF000000FF000000FF000000FF000000FF000000FF000000FF000000FF000000FF000000FF000000FF000000FF000000FF000000FF000000FF000000FF00
310
0000FF000000FF000000FF000000FF000000FF000000FF000000FF000000FF000000FF000000FF000000FF000000FF000000FF000000FF000000FF000000FF000000FF000000FF000000FF000000FF000000FF000000FF000000FF000000FF000000FF000000FF000000FF000000FF000000FF000000FF000000FF000000FF
310
000000FF000000FF000000FF000000FF000000FF000000FF000000FF000000FF000000FF000000FF000000FF000000FF000000FF000000FF000000FF000000FF000000FF000000FF000000FF000000FF000000FF000000FF000000FF000000FF000000FF000000FF000000FF000000FF000000FF000000FF000000FF000000
310
FF000000FF000000FF000000FF000000FF000000FF000000FF000000FF000000FF000000FF000000FF000000FF000000FF000000FF000000FF000000FF000000FF000000FF000000FF000000FF000000FF000000FF000000FF000000FF000000FF000000FF000000FF000000FF000000FF000000FF000000FF000000FF0000
310
00FF000000FF000000FF000000FF000000FF000000FF000000FF000000FF000000FF000000FF000000FF000000FF000000FF000000FF000000FF000000FF000000FF000000FF000000FF000000FF000000FF000000FF000000FF000000FF000000FF000000FF000000FF000000FF000000FF000000FF000000FF000000FF00
310
0000FF000000FF000000FF000000FF000000FF000000FF000000FF000000FF000000FF000000FF000000FF000000FF000000FF000000FF000000FF000000FF000000FF000000FF000000FF000000FF000000FF000000FF000000FF000000FF000000FF000000FF000000FF000000FF000000FF000000FF000000FF000000FF
310
000000FF000000FF000000FF000000FF000000FF000000FF000000FF000000FF000000FF000000FF000000FF000000FF000000FF000000FF000000FF000000FF000000FF000000FF000000FF000000FF000000FF000000FF000000FF000000FF000000FF000000FF000000FF000000FF000000FF000000FF000000FF000000
310
FF000000FF000000FF000000FF000000FF000000FF000000FF000000FF000000FF000000FF000000FF000000FF000000FF000000FF000000FF000000FF000000FF000000FF000000FF000000FF000000FF000000FF000000FF000000FF000000FF000000FF000000FF000000FF000000FF000000FF000000FF000000FF0000
310
00FF000000FF000000FF000000FF000000FF000000FF000000FF000000FF000000FF000000FF000000FF000000FF000000FF000000FF000000FF000000FF000000FF000000FF000000FF000000FF000000FF000000FF000000FF000000FF000000FF000000FF000000FF000000FF000000FF000000FF000000FF000000FF00
310
0000FF000000FF000000FF000000FF000000FF000000FF000000FF000000FF000000FF000000FF000000FF000000FF000000FF000000FF000000FF000000FF000000FF000000FF000000FF
 70
     0
280
     2
281
     0
1001
AcDbBlockRepETag
1070
     1
1071
       11
1001
AcDbDynamicBlockTrueName
1000
EGZOZ GİZLİ TİP SLOT DİFÜZÖR
1001
AcDbDynamicBlockGUID
1000
{821335C7-D687-AE4E-B2FF-3856759E2B9F}
  0
BLOCK_RECORD
  5
13320D
330
1
100
AcDbSymbolTableRecord
100
AcDbBlockTableRecord
  2
MTY-EGZOST ATIŞ PANJURU
 70
     0
280
     0
281
     0
1001
AcDbBlockRepETag
1070
     1
1071
       18
1001
AcDbDynamicBlockTrueName
1000
MTY-EGZOST ATIŞ PANJURU
1001
AcDbDynamicBlockGUID
1000
{A1C07C0F-A50A-754C-B310-B5219361D048}
  0
BLOCK_RECORD
  5
133357
330
1
100
AcDbSymbolTableRecord
100
AcDbBlockTableRecord
  2
FDUM36KXE6F
 70
     0
280
     2
281
     0
1001
AcDbDynamicBlockGUID
1000
{FBBC63B2-E6E3-47DA-807A-66EA99F08DEB}
  0
BLOCK_RECORD
  5
1F
330
1
100
AcDbSymbolTableRecord
100
AcDbBlockTableRecord
  2
*Model_Space
340
22
 70
     0
280
     2
281
     0
  0
BLOCK_RECORD
  5
D6
330
1
100
AcDbSymbolTableRecord
100
AcDbBlockTableRecord
  2
*Paper_Space
340
D7
 70
     0
280
     2
281
     0
  0
BLOCK_RECORD
  5
D2
330
1
100
AcDbSymbolTableRecord
100
AcDbBlockTableRecord
  2
*Paper_Space0
340
D3
 70
     0
280
     2
281
     0
  0
BLOCK_RECORD
  5
2C1
330
1
100
AcDbSymbolTableRecord
100
AcDbBlockTableRecord
  2
_ArchTick
310
2800000020000000200000000100080000000000000400000000000000000000000000000000000000000000000080000080000000808000800000008000800080800000C0C0C000C0DCC000F0CAA6000020400000206000002080000020A0000020C0000020E00000400000004020000040400000406000004080000040A0
310
000040C0000040E00000600000006020000060400000606000006080000060A0000060C0000060E00000800000008020000080400000806000008080000080A0000080C0000080E00000A0000000A0200000A0400000A0600000A0800000A0A00000A0C00000A0E00000C0000000C0200000C0400000C0600000C0800000C0
310
A00000C0C00000C0E00000E0000000E0200000E0400000E0600000E0800000E0A00000E0C00000E0E00040000000400020004000400040006000400080004000A0004000C0004000E00040200000402020004020400040206000402080004020A0004020C0004020E000404000004040200040404000404060004040800040
310
40A0004040C0004040E00040600000406020004060400040606000406080004060A0004060C0004060E00040800000408020004080400040806000408080004080A0004080C0004080E00040A0000040A0200040A0400040A0600040A0800040A0A00040A0C00040A0E00040C0000040C0200040C0400040C0600040C08000
310
40C0A00040C0C00040C0E00040E0000040E0200040E0400040E0600040E0800040E0A00040E0C00040E0E00080000000800020008000400080006000800080008000A0008000C0008000E00080200000802020008020400080206000802080008020A0008020C0008020E00080400000804020008040400080406000804080
310
008040A0008040C0008040E00080600000806020008060400080606000806080008060A0008060C0008060E00080800000808020008080400080806000808080008080A0008080C0008080E00080A0000080A0200080A0400080A0600080A0800080A0A00080A0C00080A0E00080C0000080C0200080C0400080C0600080C0
310
800080C0A00080C0C00080C0E00080E0000080E0200080E0400080E0600080E0800080E0A00080E0C00080E0E000C0000000C0002000C0004000C0006000C0008000C000A000C000C000C000E000C0200000C0202000C0204000C0206000C0208000C020A000C020C000C020E000C0400000C0402000C0404000C0406000C0
310
408000C040A000C040C000C040E000C0600000C0602000C0604000C0606000C0608000C060A000C060C000C060E000C0800000C0802000C0804000C0806000C0808000C080A000C080C000C080E000C0A00000C0A02000C0A04000C0A06000C0A08000C0A0A000C0A0C000C0A0E000C0C00000C0C02000C0C04000C0C06000
310
C0C08000C0C0A000F0FBFF00A4A0A000808080000000FF0000FF000000FFFF00FF000000FF00FF00FFFF0000FFFFFF00000000FF000000000000000000000000000000000000000000000000000000000000FF00FF00000000000000000000000000000000000000000000000000000000FF000000FF000000000000000000
310
0000000000000000000000000000000000FF0000000000FF0000000000000000000000000000000000000000000000000000FF0000000000FF0000000000000000000000000000000000000000000000000000FF0000000000FF0000000000000000000000000000000000000000000000000000FF0000000000FF00000000
310
00000000000000000000000000000000000000000000FF0000000000FF0000000000000000000000000000000000000000000000000000FF0000000000FF0000000000000000000000000000000000000000000000000000FF0000000000FF0000000000000000000000000000000000000000000000000000FF0000000000
310
FF0000000000000000000000000000000000000000000000000000FF0000000000FF0000000000000000000000000000000000000000000000000000FF0000000000FF0000000000000000000000000000000000000000000000000000FF0000000000FF0000000000000000000000000000000000000000000000000000FF
310
0000000000FF0000000000000000000000000000000000000000000000000000FF0000000000FF0000000000000000000000000000000000000000000000000000FF0000000000FF0000000000000000000000000000000000000000000000000000FF0000000000FF00000000000000000000000000000000000000000000
310
00000000FF0000000000FF0000000000000000000000000000000000000000000000000000FF0000000000FF0000000000000000000000000000000000000000000000000000FF0000000000FF0000000000000000000000000000000000000000000000000000FF0000000000FF0000000000000000000000000000000000
310
000000000000000000FF0000000000FF0000000000000000000000000000000000000000000000000000FF0000000000FF0000000000000000000000000000000000000000000000000000FF0000000000FF0000000000000000000000000000000000000000000000000000FF0000000000FF000000000000000000000000
310
0000000000000000000000000000FF0000000000FF0000000000000000000000000000000000000000000000000000FF0000000000FF0000000000000000000000000000000000000000000000000000FF0000000000FF0000000000000000000000000000000000000000000000000000FF000000FF000000000000000000
310
00000000000000000000000000000000000000FF00FF000000000000000000000000000000000000000000000000000000000000FF000000
 70
     0
280
     2
281
     0
  0
BLOCK_RECORD
  5
37E
330
1
100
AcDbSymbolTableRecord
100
AcDbBlockTableRecord
  2
A$C0d0f490b
 70
     0
280
     2
281
     0
1001
AcDbDynamicBlockGUID
1000
{24B9D3E6-ED55-6042-A2D3-4B5330C28EE5}
  0
BLOCK_RECORD
  5
7C2
330
1
100
AcDbSymbolTableRecord
100
AcDbBlockTableRecord
  2
_None
 70
     0
280
     2
281
     0
  0
BLOCK_RECORD
  5
E85
330
1
100
AcDbSymbolTableRecord
100
AcDbBlockTableRecord
  2
p_klt
310
2800000020000000200000000100080000000000000400000000000000000000000000000000000000000000000080000080000000808000800000008000800080800000C0C0C000C0DCC000F0CAA6000020400000206000002080000020A0000020C0000020E00000400000004020000040400000406000004080000040A0
310
000040C0000040E00000600000006020000060400000606000006080000060A0000060C0000060E00000800000008020000080400000806000008080000080A0000080C0000080E00000A0000000A0200000A0400000A0600000A0800000A0A00000A0C00000A0E00000C0000000C0200000C0400000C0600000C0800000C0
310
A00000C0C00000C0E00000E0000000E0200000E0400000E0600000E0800000E0A00000E0C00000E0E00040000000400020004000400040006000400080004000A0004000C0004000E00040200000402020004020400040206000402080004020A0004020C0004020E000404000004040200040404000404060004040800040
310
40A0004040C0004040E00040600000406020004060400040606000406080004060A0004060C0004060E00040800000408020004080400040806000408080004080A0004080C0004080E00040A0000040A0200040A0400040A0600040A0800040A0A00040A0C00040A0E00040C0000040C0200040C0400040C0600040C08000
310
40C0A00040C0C00040C0E00040E0000040E0200040E0400040E0600040E0800040E0A00040E0C00040E0E00080000000800020008000400080006000800080008000A0008000C0008000E00080200000802020008020400080206000802080008020A0008020C0008020E00080400000804020008040400080406000804080
310
008040A0008040C0008040E00080600000806020008060400080606000806080008060A0008060C0008060E00080800000808020008080400080806000808080008080A0008080C0008080E00080A0000080A0200080A0400080A0600080A0800080A0A00080A0C00080A0E00080C0000080C0200080C0400080C0600080C0
310
800080C0A00080C0C00080C0E00080E0000080E0200080E0400080E0600080E0800080E0A00080E0C00080E0E000C0000000C0002000C0004000C0006000C0008000C000A000C000C000C000E000C0200000C0202000C0204000C0206000C0208000C020A000C020C000C020E000C0400000C0402000C0404000C0406000C0
310
408000C040A000C040C000C040E000C0600000C0602000C0604000C0606000C0608000C060A000C060C000C060E000C0800000C0802000C0804000C0806000C0808000C080A000C080C000C080E000C0A00000C0A02000C0A04000C0A06000C0A08000C0A0A000C0A0C000C0A0E000C0C00000C0C02000C0C04000C0C06000
310
C0C08000C0C0A000F0FBFF00A4A0A000808080000000FF0000FF000000FFFF00FF000000FF00FF00FFFF0000FFFFFF000000000000000000000000000000000000000000000000000000000000000000000000FBFBFBFB00000000000000000000000000000000000000FBFBFB000000000000F9F9FBFB0000000000000000
310
0000000000000000000000FBFBFB000000000000F9F900FB00000000000000000000000000000000000000FBFBF9000000000000F9F900FB00000000000000000000000000000000000000FBFBF9000000000000F9F900FB000000000000000000000000000000FBFBFB00FBFBF9000000000000F9F900FB00000000000000
310
0000000000000000FBFBFBFBFBFBF9000000000000F9F9FAFAFBFBFBFBFBFBFBFBFBFBFBFBFBFBFBFBFBFBFBFAFBF9000000000000F9F9FBFBFBFBFBFBFBFBFBFBFBFBFBFBFBFBFBFBFBFBFBFBFBFB0000000000000000FB000000000000000000000000000000000000FBFBFB00000000000000000000FB00000000000000
310
000000000000000000FBFBFBFBFB00000000000000000000FB0000000000000000000000000000000000000000FB00000000000000000000FB0000000000000000000000000000000000000000FB00000000000000000000FB00000000000000000000000000000000000000FB0000000000000000000000FB000000000000
310
00000000000000000000000000FB0000000000000000000000FB00000000000000000000000000000000000000FB0000000000000000000000FB00000000000000000000000000000000000000FB0000000000000000000000FB00000000000000000000000000000000000000FB0000000000000000000000FB0000000000
310
00000000000000000000000000FB000000000000000000000000FB0000000000000000000000000000000000FB00000000000000000000000000FB0000000000000000000000000000000000FB00000000000000000000000000FB00000000000000000000000000000000FB0000000000000000000000000000FB00000000
310
0000000000000000000000FB000000000000000000000000000000FB0000000000000000000000000000FB00000000000000000000000000000000FB000000000000000000000000FBFB0000000000000000000000000000000000FB0000000000000000000000FB00000000000000000000000000000000000000FB000000
310
00000000000000FB0000000000000000000000000000000000000000FB0000000000000000FBFB000000000000000000000000000000000000000000FB000000000000FBFB0000000000000000000000000000000000000000000000FB0000FBFBFBFB00000000000000000000000000000000000000000000000000FBFBFB
310
0000000000000000000000000000000000000000000000000000000000000000000000000000000000000000000000000000000000000000
 70
     0
280
     2
281
     0
1001
AcDbDynamicBlockGUID
1000
{C76EA066-9EBA-044F-9C08-523061F56169}
  0
ENDTAB
  0
ENDSEC
  0
SECTION
  2
BLOCKS
  0
BLOCK
  5
36AF
330
36AC
100
AcDbEntity
  8
0
100
AcDbBlockBegin
  2
p_hgr
 70
     0
 10
0.0
 20
0.0
 30
0.0
  3
p_hgr
  1

  4

  0
LWPOLYLINE
  5
36B0
330
36AC
100
AcDbEntity
  8
A_ELEV_04
  6
Continuous
 62
   256
 60
     0
 48
1.0
370
    -1
100
AcDbPolyline
 90
        4
 70
     1
 10
4984.2727
 20
29074.6073
 10
4984.2727
 20
29072.6073
 10
4962.2727
 20
29072.6073
 10
4962.2727
 20
29074.6073
  0
LWPOLYLINE
  5
36B1
330
36AC
100
AcDbEntity
  8
A_ELEV_04
  6
Continuous
 62
   256
 60
     0
 48
1.0
370
    -1
100
AcDbPolyline
 90
        4
 70
     1
 10
4984.2727
 20
28856.6073
 10
4984.2727
 20
28854.6073
 10
4962.2727
 20
28854.6073
 10
4962.2727
 20
28856.6073
  0
LWPOLYLINE
  5
36B2
330
36AC
100
AcDbEntity
  8
A_DOOR_WINDOW
  6
Continuous
 62
   256
 60
     0
 48
1.0
370
    -1
100
AcDbPolyline
 90
        7
 10
4984.2727
 20
29072.6073
 10
4986.2727
 20
29072.6073
 10
4986.2727
 20
29070.6073
 10
4962.2727
 20
29070.6073
 10
4962.2727
 20
29070.6073
 10
4962.2727
 20
29072.6073
 10
4984.2727
 20
29072.6073
  0
LWPOLYLINE
  5
36B3
330
36AC
100
AcDbEntity
  8
A_DOOR_WINDOW
  6
Continuous
 62
   256
 60
     0
 48
1.0
370
    -1
100
AcDbPolyline
 90
        7
 10
4984.2727
 20
28858.6073
 10
4986.2727
 20
28858.6073
 10
4986.2727
 20
28856.6073
 10
4962.2727
 20
28856.6073
 10
4962.2727
 20
28856.6073
 10
4962.2727
 20
28858.6073
 10
4984.2727
 20
28858.6073
  0
LWPOLYLINE
  5
36B4
330
36AC
100
AcDbEntity
  8
A_DOOR_WINDOW
  6
Continuous
 62
   256
 60
     0
 48
1.0
370
    -1
100
AcDbPolyline
 90
        6
 10
4962.2727
 20
29070.6073
 10
4962.2727
 20
29066.6073
 10
4983.2727
 20
29066.6073
 10
4983.2727
 20
29068.6073
 10
4986.2727
 20
29068.6073
 10
4986.2727
 20
29070.6073
  0
LWPOLYLINE
  5
36B5
330
36AC
100
AcDbEntity
  8
A_DOOR_WINDOW
  6
Continuous
 62
   256
 60
     0
 48
1.0
370
    -1
100
AcDbPolyline
 90
        6
 10
4962.2727
 20
28858.6073
 10
4962.2727
 20
28862.6073
 10
4983.2727
 20
28862.6073
 10
4983.2727
 20
28860.6073
 10
4986.2727
 20
28860.6073
 10
4986.2727
 20
28858.6073
  0
LINE
  5
36B6
330
36AC
100
AcDbEntity
  8
A_DOOR_WINDOW
  6
Continuous
 62
   256
 60
     0
 48
1.0
370
    -1
100
AcDbLine
 39
0.0
 10
4983.4727
 20
29066.6073
 30
0.0
 11
4983.4727
 21
29068.4073
 31
0.0
  0
LINE
  5
36B7
330
36AC
100
AcDbEntity
  8
A_DOOR_WINDOW
  6
Continuous
 62
   256
 60
     0
 48
1.0
370
    -1
100
AcDbLine
 39
0.0
 10
4983.4727
 20
29068.4073
 30
0.0
 11
4986.2727
 21
29068.4073
 31
0.0
  0
LWPOLYLINE
  5
36B8
330
36AC
100
AcDbEntity
  8
A_DOOR_WINDOW
  6
Continuous
 62
   256
 60
     0
 48
1.0
370
    -1
100
AcDbPolyline
 90
        4
 10
4983.4727
 20
29068.4073
 10
4987.4727
 20
29068.4073
 10
4988.4727
 20
29068.4073
 10
4988.4727
 20
28954.8073
  0
LWPOLYLINE
  5
36B9
330
36AC
100
AcDbEntity
  8
A_DOOR_WINDOW
  6
Continuous
 62
   256
 60
     0
 48
1.0
370
    -1
100
AcDbPolyline
 90
        2
 10
4988.4727
 20
28974.6073
 10
4988.4727
 20
28860.8073
  0
LINE
  5
36BA
330
36AC
100
AcDbEntity
  8
A_DOOR_WINDOW
  6
Continuous
 62
   256
 60
     0
 48
1.0
370
    -1
100
AcDbLine
 39
0.0
 10
4983.4727
 20
28860.8073
 30
0.0
 11
4988.4727
 21
28860.8073
 31
0.0
  0
LINE
  5
36BB
330
36AC
100
AcDbEntity
  8
A_DOOR_WINDOW
  6
Continuous
 62
   256
 60
     0
 48
1.0
370
    -1
100
AcDbLine
 39
0.0
 10
4983.4727
 20
29066.6073
 30
0.0
 11
4983.4727
 21
28953.6073
 31
0.0
  0
LINE
  5
36BC
330
36AC
100
AcDbEntity
  8
A_DOOR_WINDOW
  6
Continuous
 62
   256
 60
     0
 48
1.0
370
    -1
100
AcDbLine
 39
0.0
 10
4983.4727
 20
28973.4073
 30
0.0
 11
4983.4727
 21
28860.8073
 31
0.0
  0
LINE
  5
36BD
330
36AC
100
AcDbEntity
  8
A_DOOR_WINDOW
  6
Continuous
 62
   256
 60
     0
 48
1.0
370
    -1
100
AcDbLine
 39
0.0
 10
4988.4727
 20
28965.6073
 30
0.0
 11
4985.9727
 21
28965.6073
 31
0.0
  0
LWPOLYLINE
  5
36BE
330
36AC
100
AcDbEntity
  8
A_DOOR_WINDOW
  6
Continuous
 62
   256
 60
     0
 48
1.0
370
    -1
100
AcDbPolyline
 90
        4
 10
4988.4727
 20
28965.6073
 10
4985.9727
 20
28965.6073
 10
4985.9727
 20
28964.4073
 10
4983.4727
 20
28964.4073
  0
LWPOLYLINE
  5
36BF
330
36AC
100
AcDbEntity
  8
A_DOOR_WINDOW
  6
Continuous
 62
   256
 60
     0
 48
1.0
370
    -1
100
AcDbPolyline
 90
        4
 10
4988.4727
 20
28965.8073
 10
4985.7727
 20
28965.8073
 10
4985.7727
 20
28964.6073
 10
4983.4727
 20
28964.6073
  0
LWPOLYLINE
  5
36C0
330
36AC
100
AcDbEntity
  8
A_DOOR_WINDOW
  6
Continuous
 62
   256
 60
     0
 48
1.0
370
    -1
100
AcDbPolyline
 90
        5
 10
4983.4727
 20
28964.4073
 10
4983.4727
 20
28962.4073
 10
4981.9727
 20
28962.4073
 10
4981.9727
 20
28966.4073
 10
4983.4727
 20
28966.4073
  0
LINE
  5
36C1
330
36AC
100
AcDbEntity
  8
A_DOOR_WINDOW
  6
Continuous
 62
   256
 60
     0
 48
1.0
370
    -1
100
AcDbLine
 39
0.0
 10
4988.4727
 20
28967.8073
 30
0.0
 11
4989.9727
 21
28967.8073
 31
0.0
  0
LINE
  5
36C2
330
36AC
100
AcDbEntity
  8
A_DOOR_WINDOW
  6
Continuous
 62
   256
 60
     0
 48
1.0
370
    -1
100
AcDbLine
 39
0.0
 10
4989.9727
 20
28967.8073
 30
0.0
 11
4989.9727
 21
28963.8073
 31
0.0
  0
LINE
  5
36C3
330
36AC
100
AcDbEntity
  8
A_DOOR_WINDOW
  6
Continuous
 62
   256
 60
     0
 48
1.0
370
    -1
100
AcDbLine
 39
0.0
 10
4989.9727
 20
28963.8073
 30
0.0
 11
4988.4727
 21
28963.8073
 31
0.0
  0
LINE
  5
36C4
330
36AC
100
AcDbEntity
  8
A_DOOR_WINDOW
  6
Continuous
 62
   256
 60
     0
 48
1.0
370
    -1
100
AcDbLine
 39
0.0
 10
4988.4727
 20
28967.8073
 30
0.0
 11
4988.4727
 21
28963.8073
 31
0.0
  0
LINE
  5
36C5
330
36AC
100
AcDbEntity
  8
A_DOOR_WINDOW
  6
Continuous
 62
   256
 60
     0
 48
1.0
370
    -1
100
AcDbLine
 39
0.0
 10
4983.4727
 20
28966.4073
 30
0.0
 11
4983.4727
 21
28962.4073
 31
0.0
  0
LINE
  5
36C6
330
36AC
100
AcDbEntity
  8
A_DOOR_WINDOW
  6
Continuous
 62
   256
 60
     0
 48
1.0
370
    -1
100
AcDbLine
 39
0.0
 10
4988.7727
 20
28976.2102
 30
0.0
 11
4988.7727
 21
28970.2102
 31
0.0
  0
LINE
  5
36C7
330
36AC
100
AcDbEntity
  8
A_DOOR_WINDOW
  6
Continuous
 62
   256
 60
     0
 48
1.0
370
    -1
100
AcDbLine
 39
0.0
 10
4994.4727
 20
28974.4102
 30
0.0
 11
4994.4727
 21
28983.2102
 31
0.0
  0
LINE
  5
36C8
330
36AC
100
AcDbEntity
  8
A_DOOR_WINDOW
  6
Continuous
 62
   256
 60
     0
 48
1.0
370
    -1
100
AcDbLine
 39
0.0
 10
4996.4727
 20
28974.4102
 30
0.0
 11
4996.4727
 21
28983.2102
 31
0.0
  0
ARC
  5
36C9
330
36AC
100
AcDbEntity
  8
A_DOOR_WINDOW
  6
Continuous
 62
   256
 60
     0
 48
1.0
370
    -1
100
AcDbCircle
 39
0.0
 10
4994.2727
 20
28974.4102
 30
0.0
 40
2.2
100
AcDbArc
 50
270.0
 51
0.0
  0
LINE
  5
36CA
330
36AC
100
AcDbEntity
  8
A_DOOR_WINDOW
  6
Continuous
 62
   256
 60
     0
 48
1.0
370
    -1
100
AcDbLine
 39
0.0
 10
4988.4727
 20
28970.2102
 30
0.0
 11
4988.7727
 21
28970.2102
 31
0.0
  0
LINE
  5
36CB
330
36AC
100
AcDbEntity
  8
A_DOOR_WINDOW
  6
Continuous
 62
   256
 60
     0
 48
1.0
370
    -1
100
AcDbLine
 39
0.0
 10
4994.2727
 20
28972.2102
 30
0.0
 11
4988.7727
 21
28972.2102
 31
0.0
  0
LINE
  5
36CC
330
36AC
100
AcDbEntity
  8
A_DOOR_WINDOW
  6
Continuous
 62
   256
 60
     0
 48
1.0
370
    -1
100
AcDbLine
 39
0.0
 10
4994.2727
 20
28974.2102
 30
0.0
 11
4988.7727
 21
28974.2102
 31
0.0
  0
ARC
  5
36CD
330
36AC
100
AcDbEntity
  8
A_DOOR_WINDOW
  6
Continuous
 62
   256
 60
     0
 48
1.0
370
    -1
100
AcDbCircle
 39
0.0
 10
4995.4727
 20
28983.2102
 30
0.0
 40
1.0
100
AcDbArc
 50
0.0
 51
180.0
  0
LINE
  5
36CE
330
36AC
100
AcDbEntity
  8
A_DOOR_WINDOW
  6
Continuous
 62
   256
 60
     0
 48
1.0
370
    -1
100
AcDbLine
 39
0.0
 10
4988.4727
 20
28976.2102
 30
0.0
 11
4988.7727
 21
28976.2102
 31
0.0
  0
ARC
  5
36CF
330
36AC
100
AcDbEntity
  8
A_DOOR_WINDOW
  6
Continuous
 62
   256
 60
     0
 48
1.0
370
    -1
100
AcDbCircle
 39
0.0
 10
4994.2727
 20
28974.4102
 30
0.0
 40
0.2
100
AcDbArc
 50
270.0
 51
0.0
  0
LINE
  5
36D0
330
36AC
100
AcDbEntity
  8
A_DOOR_WINDOW
  6
Continuous
 62
   256
 60
     0
 48
1.0
370
    -1
100
AcDbLine
 39
0.0
 10
4983.1727
 20
28976.2102
 30
0.0
 11
4983.1727
 21
28970.2102
 31
0.0
  0
LINE
  5
36D1
330
36AC
100
AcDbEntity
  8
A_DOOR_WINDOW
  6
Continuous
 62
   256
 60
     0
 48
1.0
370
    -1
100
AcDbLine
 39
0.0
 10
4977.4727
 20
28974.4102
 30
0.0
 11
4977.4727
 21
28983.2102
 31
0.0
  0
LINE
  5
36D2
330
36AC
100
AcDbEntity
  8
A_DOOR_WINDOW
  6
Continuous
 62
   256
 60
     0
 48
1.0
370
    -1
100
AcDbLine
 39
0.0
 10
4975.4727
 20
28974.4102
 30
0.0
 11
4975.4727
 21
28983.2102
 31
0.0
  0
ARC
  5
36D3
330
36AC
100
AcDbEntity
  8
A_DOOR_WINDOW
  6
Continuous
 62
   256
 60
     0
 48
1.0
370
    -1
100
AcDbCircle
 39
0.0
 10
4977.6727
 20
28974.4102
 30
0.0
 40
2.2
100
AcDbArc
 50
180.0
 51
270.0
  0
LINE
  5
36D4
330
36AC
100
AcDbEntity
  8
A_DOOR_WINDOW
  6
Continuous
 62
   256
 60
     0
 48
1.0
370
    -1
100
AcDbLine
 39
0.0
 10
4983.4727
 20
28970.2102
 30
0.0
 11
4983.1727
 21
28970.2102
 31
0.0
  0
LINE
  5
36D5
330
36AC
100
AcDbEntity
  8
A_DOOR_WINDOW
  6
Continuous
 62
   256
 60
     0
 48
1.0
370
    -1
100
AcDbLine
 39
0.0
 10
4977.6727
 20
28972.2102
 30
0.0
 11
4983.1727
 21
28972.2102
 31
0.0
  0
LINE
  5
36D6
330
36AC
100
AcDbEntity
  8
A_DOOR_WINDOW
  6
Continuous
 62
   256
 60
     0
 48
1.0
370
    -1
100
AcDbLine
 39
0.0
 10
4977.6727
 20
28974.2102
 30
0.0
 11
4983.1727
 21
28974.2102
 31
0.0
  0
ARC
  5
36D7
330
36AC
100
AcDbEntity
  8
A_DOOR_WINDOW
  6
Continuous
 62
   256
 60
     0
 48
1.0
370
    -1
100
AcDbCircle
 39
0.0
 10
4976.4727
 20
28983.2102
 30
0.0
 40
1.0
100
AcDbArc
 50
0.0
 51
180.0
  0
LINE
  5
36D8
330
36AC
100
AcDbEntity
  8
A_DOOR_WINDOW
  6
Continuous
 62
   256
 60
     0
 48
1.0
370
    -1
100
AcDbLine
 39
0.0
 10
4983.4727
 20
28976.2102
 30
0.0
 11
4983.1727
 21
28976.2102
 31
0.0
  0
ARC
  5
36D9
330
36AC
100
AcDbEntity
  8
A_DOOR_WINDOW
  6
Continuous
 62
   256
 60
     0
 48
1.0
370
    -1
100
AcDbCircle
 39
0.0
 10
4977.6727
 20
28974.4102
 30
0.0
 40
0.2
100
AcDbArc
 50
180.0
 51
270.0
  0
LINE
  5
36DA
330
36AC
100
AcDbEntity
  8
A_DOOR_WINDOW
  6
Continuous
 62
   256
 60
     0
 48
1.0
370
    -1
100
AcDbLine
 39
0.0
 10
4988.7727
 20
28953.9227
 30
0.0
 11
4988.7727
 21
28959.9227
 31
0.0
  0
LINE
  5
36DB
330
36AC
100
AcDbEntity
  8
A_DOOR_WINDOW
  6
Continuous
 62
   256
 60
     0
 48
1.0
370
    -1
100
AcDbLine
 39
0.0
 10
4994.4727
 20
28955.7227
 30
0.0
 11
4994.4727
 21
28946.9227
 31
0.0
  0
LINE
  5
36DC
330
36AC
100
AcDbEntity
  8
A_DOOR_WINDOW
  6
Continuous
 62
   256
 60
     0
 48
1.0
370
    -1
100
AcDbLine
 39
0.0
 10
4996.4727
 20
28955.7227
 30
0.0
 11
4996.4727
 21
28946.9227
 31
0.0
  0
ARC
  5
36DD
330
36AC
100
AcDbEntity
  8
A_DOOR_WINDOW
  6
Continuous
 62
   256
 60
     0
 48
1.0
370
    -1
100
AcDbCircle
 39
0.0
 10
4994.2727
 20
28955.7227
 30
0.0
 40
2.2
100
AcDbArc
 50
0.0
 51
90.0
  0
LINE
  5
36DE
330
36AC
100
AcDbEntity
  8
A_DOOR_WINDOW
  6
Continuous
 62
   256
 60
     0
 48
1.0
370
    -1
100
AcDbLine
 39
0.0
 10
4988.4727
 20
28959.9227
 30
0.0
 11
4988.7727
 21
28959.9227
 31
0.0
  0
LINE
  5
36DF
330
36AC
100
AcDbEntity
  8
A_DOOR_WINDOW
  6
Continuous
 62
   256
 60
     0
 48
1.0
370
    -1
100
AcDbLine
 39
0.0
 10
4994.2727
 20
28957.9227
 30
0.0
 11
4988.7727
 21
28957.9227
 31
0.0
  0
LINE
  5
36E0
330
36AC
100
AcDbEntity
  8
A_DOOR_WINDOW
  6
Continuous
 62
   256
 60
     0
 48
1.0
370
    -1
100
AcDbLine
 39
0.0
 10
4994.2727
 20
28955.9227
 30
0.0
 11
4988.7727
 21
28955.9227
 31
0.0
  0
ARC
  5
36E1
330
36AC
100
AcDbEntity
  8
A_DOOR_WINDOW
  6
Continuous
 62
   256
 60
     0
 48
1.0
370
    -1
100
AcDbCircle
 39
0.0
 10
4995.4727
 20
28946.9227
 30
0.0
 40
1.0
100
AcDbArc
 50
180.0
 51
0.0
  0
LINE
  5
36E2
330
36AC
100
AcDbEntity
  8
A_DOOR_WINDOW
  6
Continuous
 62
   256
 60
     0
 48
1.0
370
    -1
100
AcDbLine
 39
0.0
 10
4988.4727
 20
28953.9227
 30
0.0
 11
4988.7727
 21
28953.9227
 31
0.0
  0
ARC
  5
36E3
330
36AC
100
AcDbEntity
  8
A_DOOR_WINDOW
  6
Continuous
 62
   256
 60
     0
 48
1.0
370
    -1
100
AcDbCircle
 39
0.0
 10
4994.2727
 20
28955.7227
 30
0.0
 40
0.2
100
AcDbArc
 50
0.0
 51
90.0
  0
LINE
  5
36E4
330
36AC
100
AcDbEntity
  8
A_DOOR_WINDOW
  6
Continuous
 62
   256
 60
     0
 48
1.0
370
    -1
100
AcDbLine
 39
0.0
 10
4983.1727
 20
28953.9227
 30
0.0
 11
4983.1727
 21
28959.9227
 31
0.0
  0
LINE
  5
36E5
330
36AC
100
AcDbEntity
  8
A_DOOR_WINDOW
  6
Continuous
 62
   256
 60
     0
 48
1.0
370
    -1
100
AcDbLine
 39
0.0
 10
4977.4727
 20
28955.7227
 30
0.0
 11
4977.4727
 21
28946.9227
 31
0.0
  0
LINE
  5
36E6
330
36AC
100
AcDbEntity
  8
A_DOOR_WINDOW
  6
Continuous
 62
   256
 60
     0
 48
1.0
370
    -1
100
AcDbLine
 39
0.0
 10
4975.4727
 20
28955.7227
 30
0.0
 11
4975.4727
 21
28946.9227
 31
0.0
  0
ARC
  5
36E7
330
36AC
100
AcDbEntity
  8
A_DOOR_WINDOW
  6
Continuous
 62
   256
 60
     0
 48
1.0
370
    -1
100
AcDbCircle
 39
0.0
 10
4977.6727
 20
28955.7227
 30
0.0
 40
2.2
100
AcDbArc
 50
90.0
 51
180.0
  0
LINE
  5
36E8
330
36AC
100
AcDbEntity
  8
A_DOOR_WINDOW
  6
Continuous
 62
   256
 60
     0
 48
1.0
370
    -1
100
AcDbLine
 39
0.0
 10
4983.4727
 20
28959.9227
 30
0.0
 11
4983.1727
 21
28959.9227
 31
0.0
  0
LINE
  5
36E9
330
36AC
100
AcDbEntity
  8
A_DOOR_WINDOW
  6
Continuous
 62
   256
 60
     0
 48
1.0
370
    -1
100
AcDbLine
 39
0.0
 10
4977.6727
 20
28957.9227
 30
0.0
 11
4983.1727
 21
28957.9227
 31
0.0
  0
LINE
  5
36EA
330
36AC
100
AcDbEntity
  8
A_DOOR_WINDOW
  6
Continuous
 62
   256
 60
     0
 48
1.0
370
    -1
100
AcDbLine
 39
0.0
 10
4977.6727
 20
28955.9227
 30
0.0
 11
4983.1727
 21
28955.9227
 31
0.0
  0
ARC
  5
36EB
330
36AC
100
AcDbEntity
  8
A_DOOR_WINDOW
  6
Continuous
 62
   256
 60
     0
 48
1.0
370
    -1
100
AcDbCircle
 39
0.0
 10
4976.4727
 20
28946.9227
 30
0.0
 40
1.0
100
AcDbArc
 50
180.0
 51
0.0
  0
LINE
  5
36EC
330
36AC
100
AcDbEntity
  8
A_DOOR_WINDOW
  6
Continuous
 62
   256
 60
     0
 48
1.0
370
    -1
100
AcDbLine
 39
0.0
 10
4983.4727
 20
28953.9227
 30
0.0
 11
4983.1727
 21
28953.9227
 31
0.0
  0
ARC
  5
36ED
330
36AC
100
AcDbEntity
  8
A_DOOR_WINDOW
  6
Continuous
 62
   256
 60
     0
 48
1.0
370
    -1
100
AcDbCircle
 39
0.0
 10
4977.6727
 20
28955.7227
 30
0.0
 40
0.2
100
AcDbArc
 50
90.0
 51
180.0
  0
CIRCLE
  5
36EE
330
36AC
100
AcDbEntity
  8
A_DOOR_WINDOW
  6
Continuous
 62
   256
 60
     0
 48
1.0
370
    -1
100
AcDbCircle
 39
0.0
 10
4986.8727
 20
29069.1539
 30
0.0
 40
0.6
  0
CIRCLE
  5
36EF
330
36AC
100
AcDbEntity
  8
A_DOOR_WINDOW
  6
Continuous
 62
   256
 60
     0
 48
1.0
370
    -1
100
AcDbCircle
 39
0.0
 10
4986.8727
 20
28859.8801
 30
0.0
 40
0.6
  0
LINE
  5
36F0
330
36AC
100
AcDbEntity
  8
A_DOOR_WINDOW
  6
Continuous
 62
     3
 60
     0
 48
1.0
370
    -1
100
AcDbLine
 39
0.0
 10
4983.2727
 20
29066.6073
 30
0.0
 11
4983.4727
 21
29066.6073
 31
0.0
  0
LINE
  5
36F1
330
36AC
100
AcDbEntity
  8
A_DOOR_WINDOW
  6
Continuous
 62
     3
 60
     0
 48
1.0
370
    -1
100
AcDbLine
 39
0.0
 10
4983.4727
 20
29066.6073
 30
0.0
 11
4983.4727
 21
29068.4073
 31
0.0
  0
LINE
  5
36F2
330
36AC
100
AcDbEntity
  8
A_ELEV_04
  6
Continuous
 62
     3
 60
     0
 48
1.0
370
    -1
100
AcDbLine
 39
0.0
 10
4983.2727
 20
28862.6073
 30
0.0
 11
4983.4727
 21
28862.6073
 31
0.0
  0
LINE
  5
36F3
330
36AC
100
AcDbEntity
  8
A_ELEV_04
  6
Continuous
 62
     3
 60
     0
 48
1.0
370
    -1
100
AcDbLine
 39
0.0
 10
4983.4727
 20
28862.6073
 30
0.0
 11
4983.4727
 21
28860.6073
 31
0.0
  0
LINE
  5
36F4
330
36AC
100
AcDbEntity
  8
A_ELEV_04
  6
Continuous
 62
     3
 60
     0
 48
1.0
370
    -1
100
AcDbLine
 39
0.0
 10
4983.2727
 20
28860.6073
 30
0.0
 11
4983.2727
 21
28862.6073
 31
0.0
  0
LINE
  5
36F5
330
36AC
100
AcDbEntity
  8
A_ELEV_04
  6
Continuous
 62
     3
 60
     0
 48
1.0
370
    -1
100
AcDbLine
 39
0.0
 10
4983.4061
 20
28862.6073
 30
0.0
 11
4983.4061
 21
28860.6073
 31
0.0
  0
LINE
  5
36F6
330
36AC
100
AcDbEntity
  8
A_ELEV_04
  6
Continuous
 62
     3
 60
     0
 48
1.0
370
    -1
100
AcDbLine
 39
0.0
 10
4983.3394
 20
28862.6073
 30
0.0
 11
4983.3394
 21
28860.6073
 31
0.0
  0
LINE
  5
36F7
330
36AC
100
AcDbEntity
  8
A_ELEV_03
  6
Continuous
 62
   256
 60
     0
 48
1.0
370
    -1
100
AcDbLine
 39
0.0
 10
4988.4727
 20
29068.4073
 30
0.0
 11
5091.0727
 21
29068.4073
 31
0.0
  0
LINE
  5
36F8
330
36AC
100
AcDbEntity
  8
A_ELEV_03
  6
Continuous
 62
   256
 60
     0
 48
1.0
370
    -1
100
AcDbLine
 39
0.0
 10
4988.4727
 20
28860.8073
 30
0.0
 11
5093.2727
 21
28860.8073
 31
0.0
  0
ARC
  5
36F9
330
36AC
100
AcDbEntity
  8
A_ELEV_03
  6
Continuous
 62
   256
 60
     0
 48
1.0
370
    -1
100
AcDbCircle
 39
0.0
 10
4980.7499
 20
29076.1302
 30
0.0
 40
110.5928
100
AcDbArc
 50
274.0043
 51
355.9957
  0
ARC
  5
36FA
330
36AC
100
AcDbEntity
  8
A_ELEV_03
  6
Continuous
 62
   256
 60
     0
 48
1.0
370
    -1
100
AcDbCircle
 39
0.0
 10
4980.765
 20
28853.0996
 30
0.0
 40
112.7714
100
AcDbArc
 50
3.9191
 51
86.0809
  0
LWPOLYLINE
  5
36FB
330
36AC
100
AcDbEntity
  8
A_ELEV_03
  6
Continuous
 62
   256
 60
     0
 48
1.0
370
    -1
100
AcDbPolyline
 90
        5
 10
4962.2734
 20
29070.6073
 10
4962.2727
 20
29070.6073
 10
4962.2727
 20
29086.6073
 10
4958.2727
 20
29086.6073
 10
4958.2727
 20
29066.6075
  0
LWPOLYLINE
  5
36FC
330
36AC
100
AcDbEntity
  8
A_ELEV_03
  6
Continuous
 62
   256
 60
     0
 48
1.0
370
    -1
100
AcDbPolyline
 90
        3
 10
4962.2727
 20
29070.6073
 10
4962.2727
 20
29066.6073
 10
4958.2727
 20
29066.6073
  0
LINE
  5
36FD
330
36AC
100
AcDbEntity
  8
A_ELEV_03
  6
Continuous
 62
   256
 60
     0
 48
1.0
370
    -1
100
AcDbLine
 39
0.0
 10
4958.2727
 20
29066.6073
 30
0.0
 11
4958.2727
 21
29086.6073
 31
0.0
  0
LWPOLYLINE
  5
36FE
330
36AC
100
AcDbEntity
  8
A_ELEV_03
  6
Continuous
 62
   256
 60
     0
 48
1.0
370
    -1
100
AcDbPolyline
 90
        5
 10
4962.2734
 20
28858.6073
 10
4962.2727
 20
28858.6073
 10
4962.2727
 20
28842.6073
 10
4958.2727
 20
28842.6073
 10
4958.2727
 20
28862.6071
  0
LWPOLYLINE
  5
36FF
330
36AC
100
AcDbEntity
  8
A_ELEV_03
  6
Continuous
 62
   256
 60
     0
 48
1.0
370
    -1
100
AcDbPolyline
 90
        3
 10
4962.2727
 20
28858.6073
 10
4962.2727
 20
28862.6073
 10
4958.2727
 20
28862.6073
  0
LINE
  5
3700
330
36AC
100
AcDbEntity
  8
A_ELEV_03
  6
Continuous
 62
   256
 60
     0
 48
1.0
370
    -1
100
AcDbLine
 39
0.0
 10
4958.2727
 20
28862.6073
 30
0.0
 11
4958.2727
 21
28842.6073
 31
0.0
  0
ENDBLK
  5
3701
330
36AC
100
AcDbEntity
  8
0
100
AcDbBlockEnd
  0
BLOCK
  5
3705
330
3702
100
AcDbEntity
  8
0
100
AcDbBlockBegin
  2
A$Ca6472db2
 70
     0
 10
0.0
 20
0.0
 30
0.0
  3
A$Ca6472db2
  1

  4

  0
LWPOLYLINE
  5
3706
330
3702
100
AcDbEntity
  8
A_ELEV_01
  6
Continuous
 62
   256
 60
     0
 48
1.0
370
    -1
100
AcDbPolyline
 90
        2
 10
-2.5
 20
-3.5
 10
-2.5
 20
173.5
  0
LWPOLYLINE
  5
3707
330
3702
100
AcDbEntity
  8
A_ELEV_01
  6
Continuous
 62
   256
 60
     0
 48
1.0
370
    -1
100
AcDbPolyline
 90
        2
 10
12.5
 20
-3.5
 10
12.5
 20
173.5
  0
LWPOLYLINE
  5
3708
330
3702
100
AcDbEntity
  8
A_ELEV_04
  6
Continuous
 62
   256
 60
     0
 48
1.0
370
    -1
100
AcDbPolyline
 90
        4
 70
     1
 10
-2.5
 20
1.5
 10
12.5
 20
1.5
 10
12.4995
 20
168.5
 10
-2.5
 20
168.5
  0
LWPOLYLINE
  5
3709
330
3702
100
AcDbEntity
  8
A_DOOR_WINDOW
  6
Continuous
 62
   256
 60
     0
 48
1.0
370
    -1
100
AcDbPolyline
 90
        4
 70
     1
 10
12.5
 20
173.5
 10
-2.5
 20
173.5
 10
-2.5
 20
168.5
 10
12.5
 20
168.5
  0
LWPOLYLINE
  5
370A
330
3702
100
AcDbEntity
  8
A_DOOR_WINDOW
  6
Continuous
 62
   256
 60
     0
 48
1.0
370
    -1
100
AcDbPolyline
 90
        4
 70
     1
 10
12.5
 20
1.5
 10
-2.5
 20
1.5
 10
-2.5
 20
-3.5
 10
12.5
 20
-3.5
  0
LINE
  5
370B
330
3702
100
AcDbEntity
  8
A_DOOR_WINDOW
  6
Continuous
 62
   256
 60
     0
 48
1.0
370
    -1
100
AcDbLine
 39
0.0
 10
3.0
 20
5.5
 30
0.0
 11
3.0
 21
164.5
 31
0.0
  0
LINE
  5
370C
330
3702
100
AcDbEntity
  8
A_DOOR_WINDOW
  6
Continuous
 62
   256
 60
     0
 48
1.0
370
    -1
100
AcDbLine
 39
0.0
 10
7.0
 20
5.5
 30
0.0
 11
6.9995
 21
164.5
 31
0.0
  0
LWPOLYLINE
  5
370D
330
3702
100
AcDbEntity
  8
A_DOOR_WINDOW
  6
Continuous
 62
   256
 60
     0
 48
1.0
370
    -1
100
AcDbPolyline
 90
        5
 10
3.0
 20
1.5
 10
7.0
 20
1.5
 10
7.0
 20
5.5
 10
3.0
 20
5.5
 10
3.0
 20
1.5
  0
LWPOLYLINE
  5
370E
330
3702
100
AcDbEntity
  8
A_DOOR_WINDOW
  6
Continuous
 62
   256
 60
     0
 48
1.0
370
    -1
100
AcDbPolyline
 90
        2
 10
5.0
 20
5.5
 10
5.0
 20
164.5
  0
LWPOLYLINE
  5
370F
330
3702
100
AcDbEntity
  8
A_DOOR_WINDOW
  6
Continuous
 62
   256
 60
     0
 48
1.0
370
    -1
100
AcDbPolyline
 90
        5
 10
3.0
 20
164.5
 10
7.0
 20
164.5
 10
7.0
 20
168.5
 10
3.0
 20
168.5
 10
3.0
 20
164.5
  0
ENDBLK
  5
3710
330
3702
100
AcDbEntity
  8
0
100
AcDbBlockEnd
  0
BLOCK
  5
3714
330
3711
100
AcDbEntity
  8
0
100
AcDbBlockBegin
  2
A$C44fdb021
 70
     0
 10
0.0
 20
0.0
 30
0.0
  3
A$C44fdb021
  1

  4

  0
LWPOLYLINE
  5
3715
330
3711
100
AcDbEntity
  8
A_ELEV_01
  6
Continuous
 62
   256
 60
     0
 48
1.0
370
    -1
100
AcDbPolyline
 90
        2
 10
-2.5
 20
0.0
 10
-2.5
 20
166.0
  0
LWPOLYLINE
  5
3716
330
3711
100
AcDbEntity
  8
A_ELEV_01
  6
Continuous
 62
   256
 60
     0
 48
1.0
370
    -1
100
AcDbPolyline
 90
        2
 10
12.5
 20
0.0
 10
12.5
 20
166.0
  0
LWPOLYLINE
  5
3717
330
3711
100
AcDbEntity
  8
A_ELEV_04
  6
Continuous
 62
   256
 60
     0
 48
1.0
370
    -1
100
AcDbPolyline
 90
        4
 70
     1
 10
-2.5
 20
5.0
 10
12.5
 20
5.0
 10
12.4995
 20
161.0
 10
-2.5
 20
161.0
  0
LWPOLYLINE
  5
3718
330
3711
100
AcDbEntity
  8
A_DOOR_WINDOW
  6
Continuous
 62
   256
 60
     0
 48
1.0
370
    -1
100
AcDbPolyline
 90
        4
 70
     1
 10
12.5
 20
166.0
 10
-2.5
 20
166.0
 10
-2.5
 20
161.0
 10
12.5
 20
161.0
  0
LWPOLYLINE
  5
3719
330
3711
100
AcDbEntity
  8
A_DOOR_WINDOW
  6
Continuous
 62
   256
 60
     0
 48
1.0
370
    -1
100
AcDbPolyline
 90
        4
 70
     1
 10
12.5
 20
5.0
 10
-2.5
 20
5.0
 10
-2.5
 20
0.0
 10
12.5
 20
0.0
  0
LINE
  5
371A
330
3711
100
AcDbEntity
  8
A_DOOR_WINDOW
  6
Continuous
 62
   256
 60
     0
 48
1.0
370
    -1
100
AcDbLine
 39
0.0
 10
3.0
 20
9.0
 30
0.0
 11
3.0
 21
157.0
 31
0.0
  0
LINE
  5
371B
330
3711
100
AcDbEntity
  8
A_DOOR_WINDOW
  6
Continuous
 62
   256
 60
     0
 48
1.0
370
    -1
100
AcDbLine
 39
0.0
 10
7.0
 20
9.0
 30
0.0
 11
6.9995
 21
157.0
 31
0.0
  0
LWPOLYLINE
  5
371C
330
3711
100
AcDbEntity
  8
A_DOOR_WINDOW
  6
Continuous
 62
   256
 60
     0
 48
1.0
370
    -1
100
AcDbPolyline
 90
        5
 10
3.0
 20
5.0
 10
7.0
 20
5.0
 10
7.0
 20
9.0
 10
3.0
 20
9.0
 10
3.0
 20
5.0
  0
LWPOLYLINE
  5
371D
330
3711
100
AcDbEntity
  8
A_DOOR_WINDOW
  6
Continuous
 62
   256
 60
     0
 48
1.0
370
    -1
100
AcDbPolyline
 90
        2
 10
5.0
 20
9.0
 10
5.0
 20
157.0
  0
LWPOLYLINE
  5
371E
330
3711
100
AcDbEntity
  8
A_DOOR_WINDOW
  6
Continuous
 62
   256
 60
     0
 48
1.0
370
    -1
100
AcDbPolyline
 90
        5
 10
3.0
 20
157.0
 10
7.0
 20
157.0
 10
7.0
 20
161.0
 10
3.0
 20
161.0
 10
3.0
 20
157.0
  0
ENDBLK
  5
371F
330
3711
100
AcDbEntity
  8
0
100
AcDbBlockEnd
  0
BLOCK
  5
3723
330
3720
100
AcDbEntity
  8
0
100
AcDbBlockBegin
  2
A$C7a0669ab
 70
     0
 10
0.0
 20
0.0
 30
0.0
  3
A$C7a0669ab
  1

  4

  0
LWPOLYLINE
  5
3724
330
3720
100
AcDbEntity
  8
A_ELEV_01
  6
Continuous
 62
   256
 60
     0
 48
1.0
370
    -1
100
AcDbPolyline
 90
        2
 10
0.0013
 20
14.9982
 10
111.0013
 20
14.9982
  0
LWPOLYLINE
  5
3725
330
3720
100
AcDbEntity
  8
A_ELEV_01
  6
Continuous
 62
   256
 60
     0
 48
1.0
370
    -1
100
AcDbPolyline
 90
        2
 10
0.0013
 20
-0.0018
 10
111.0013
 20
-0.0018
  0
LWPOLYLINE
  5
3726
330
3720
100
AcDbEntity
  8
A_ELEV_04
  6
Continuous
 62
   256
 60
     0
 48
1.0
370
    -1
100
AcDbPolyline
 90
        4
 70
     1
 10
5.0013
 20
14.9982
 10
5.0013
 20
-0.0018
 10
106.0013
 20
-0.0014
 10
106.0013
 20
14.9982
  0
LWPOLYLINE
  5
3727
330
3720
100
AcDbEntity
  8
A_DOOR_WINDOW
  6
Continuous
 62
   256
 60
     0
 48
1.0
370
    -1
100
AcDbPolyline
 90
        4
 70
     1
 10
111.0013
 20
-0.0018
 10
111.0013
 20
14.9982
 10
106.0013
 20
14.9982
 10
106.0013
 20
-0.0018
  0
LWPOLYLINE
  5
3728
330
3720
100
AcDbEntity
  8
A_DOOR_WINDOW
  6
Continuous
 62
   256
 60
     0
 48
1.0
370
    -1
100
AcDbPolyline
 90
        4
 70
     1
 10
5.0013
 20
-0.0018
 10
5.0013
 20
14.9982
 10
0.0013
 20
14.9982
 10
0.0013
 20
-0.0018
  0
LINE
  5
3729
330
3720
100
AcDbEntity
  8
A_DOOR_WINDOW
  6
Continuous
 62
   256
 60
     0
 48
1.0
370
    -1
100
AcDbLine
 39
0.0
 10
9.0013
 20
9.4982
 30
0.0
 11
102.0013
 21
9.4982
 31
0.0
  0
LINE
  5
372A
330
3720
100
AcDbEntity
  8
A_DOOR_WINDOW
  6
Continuous
 62
   256
 60
     0
 48
1.0
370
    -1
100
AcDbLine
 39
0.0
 10
9.0013
 20
5.4982
 30
0.0
 11
102.0013
 21
5.4986
 31
0.0
  0
LWPOLYLINE
  5
372B
330
3720
100
AcDbEntity
  8
A_DOOR_WINDOW
  6
Continuous
 62
   256
 60
     0
 48
1.0
370
    -1
100
AcDbPolyline
 90
        5
 10
5.0013
 20
9.4982
 10
5.0013
 20
5.4982
 10
9.0013
 20
5.4982
 10
9.0013
 20
9.4982
 10
5.0013
 20
9.4982
  0
LWPOLYLINE
  5
372C
330
3720
100
AcDbEntity
  8
A_DOOR_WINDOW
  6
Continuous
 62
   256
 60
     0
 48
1.0
370
    -1
100
AcDbPolyline
 90
        2
 10
9.0013
 20
7.4982
 10
102.0013
 20
7.4982
  0
LWPOLYLINE
  5
372D
330
3720
100
AcDbEntity
  8
A_DOOR_WINDOW
  6
Continuous
 62
   256
 60
     0
 48
1.0
370
    -1
100
AcDbPolyline
 90
        5
 10
102.0013
 20
9.4982
 10
102.0013
 20
5.4982
 10
106.0013
 20
5.4982
 10
106.0013
 20
9.4982
 10
102.0013
 20
9.4982
  0
ENDBLK
  5
372E
330
3720
100
AcDbEntity
  8
0
100
AcDbBlockEnd
  0
BLOCK
  5
3805
330
3802
100
AcDbEntity
  8
0
100
AcDbBlockBegin
  2
A$C59e2465d
 70
     0
 10
0.0
 20
0.0
 30
0.0
  3
A$C59e2465d
  1

  4

  0
LWPOLYLINE
  5
3806
330
3802
100
AcDbEntity
  8
A_ELEV_01
  6
Continuous
 62
   256
 60
     0
 48
1.0
370
    -1
100
AcDbPolyline
 90
        2
 10
0.0001
 20
-0.0
 10
0.0001
 20
90.0
  0
LWPOLYLINE
  5
3807
330
3802
100
AcDbEntity
  8
A_ELEV_01
  6
Continuous
 62
   256
 60
     0
 48
1.0
370
    -1
100
AcDbPolyline
 90
        2
 10
15.0001
 20
-0.0
 10
15.0001
 20
90.0
  0
LWPOLYLINE
  5
3808
330
3802
100
AcDbEntity
  8
A_ELEV_04
  6
Continuous
 62
   256
 60
     0
 48
1.0
370
    -1
100
AcDbPolyline
 90
        4
 70
     1
 10
0.0001
 20
5.0
 10
15.0001
 20
5.0
 10
14.9996
 20
85.0
 10
0.0001
 20
85.0
  0
LWPOLYLINE
  5
3809
330
3802
100
AcDbEntity
  8
A_DOOR_WINDOW
  6
Continuous
 62
   256
 60
     0
 48
1.0
370
    -1
100
AcDbPolyline
 90
        4
 70
     1
 10
15.0001
 20
90.0
 10
0.0001
 20
90.0
 10
0.0001
 20
85.0
 10
15.0001
 20
85.0
  0
LWPOLYLINE
  5
380A
330
3802
100
AcDbEntity
  8
A_DOOR_WINDOW
  6
Continuous
 62
   256
 60
     0
 48
1.0
370
    -1
100
AcDbPolyline
 90
        4
 70
     1
 10
15.0001
 20
5.0
 10
0.0001
 20
5.0
 10
0.0001
 20
-0.0
 10
15.0001
 20
-0.0
  0
LINE
  5
380B
330
3802
100
AcDbEntity
  8
A_DOOR_WINDOW
  6
Continuous
 62
   256
 60
     0
 48
1.0
370
    -1
100
AcDbLine
 39
0.0
 10
5.5001
 20
9.0
 30
0.0
 11
5.5001
 21
81.0
 31
0.0
  0
LINE
  5
380C
330
3802
100
AcDbEntity
  8
A_DOOR_WINDOW
  6
Continuous
 62
   256
 60
     0
 48
1.0
370
    -1
100
AcDbLine
 39
0.0
 10
9.5001
 20
9.0
 30
0.0
 11
9.4996
 21
81.0
 31
0.0
  0
LWPOLYLINE
  5
380D
330
3802
100
AcDbEntity
  8
A_DOOR_WINDOW
  6
Continuous
 62
   256
 60
     0
 48
1.0
370
    -1
100
AcDbPolyline
 90
        5
 10
5.5001
 20
5.0
 10
9.5001
 20
5.0
 10
9.5001
 20
9.0
 10
5.5001
 20
9.0
 10
5.5001
 20
5.0
  0
LWPOLYLINE
  5
380E
330
3802
100
AcDbEntity
  8
A_DOOR_WINDOW
  6
Continuous
 62
   256
 60
     0
 48
1.0
370
    -1
100
AcDbPolyline
 90
        2
 10
7.5001
 20
9.0
 10
7.5001
 20
81.0
  0
LWPOLYLINE
  5
380F
330
3802
100
AcDbEntity
  8
A_DOOR_WINDOW
  6
Continuous
 62
   256
 60
     0
 48
1.0
370
    -1
100
AcDbPolyline
 90
        5
 10
5.5001
 20
81.0
 10
9.5001
 20
81.0
 10
9.5001
 20
85.0
 10
5.5001
 20
85.0
 10
5.5001
 20
81.0
  0
ENDBLK
  5
3810
330
3802
100
AcDbEntity
  8
0
100
AcDbBlockEnd
  0
BLOCK
  5
3A7F
330
3A7C
100
AcDbEntity
  8
0
100
AcDbBlockBegin
  2
A$C127d1240
 70
     0
 10
0.0
 20
0.0
 30
0.0
  3
A$C127d1240
  1

  4

  0
LWPOLYLINE
  5
3A80
330
3A7C
100
AcDbEntity
  8
A_ELEV_01
  6
Continuous
 62
   256
 60
     0
 48
1.0
370
    -1
100
AcDbPolyline
 90
        2
 10
0.0012
 20
14.999
 10
220.0012
 20
14.999
  0
LWPOLYLINE
  5
3A81
330
3A7C
100
AcDbEntity
  8
A_ELEV_01
  6
Continuous
 62
   256
 60
     0
 48
1.0
370
    -1
100
AcDbPolyline
 90
        2
 10
0.0012
 20
-0.001
 10
220.0012
 20
-0.001
  0
LWPOLYLINE
  5
3A82
330
3A7C
100
AcDbEntity
  8
A_ELEV_04
  6
Continuous
 62
   256
 60
     0
 48
1.0
370
    -1
100
AcDbPolyline
 90
        4
 70
     1
 10
5.0012
 20
14.999
 10
5.0012
 20
-0.001
 10
215.0012
 20
-0.0006
 10
215.0012
 20
14.999
  0
LWPOLYLINE
  5
3A83
330
3A7C
100
AcDbEntity
  8
A_DOOR_WINDOW
  6
Continuous
 62
   256
 60
     0
 48
1.0
370
    -1
100
AcDbPolyline
 90
        4
 70
     1
 10
220.0012
 20
-0.001
 10
220.0012
 20
14.999
 10
215.0012
 20
14.999
 10
215.0012
 20
-0.001
  0
LWPOLYLINE
  5
3A84
330
3A7C
100
AcDbEntity
  8
A_DOOR_WINDOW
  6
Continuous
 62
   256
 60
     0
 48
1.0
370
    -1
100
AcDbPolyline
 90
        4
 70
     1
 10
5.0012
 20
-0.001
 10
5.0012
 20
14.999
 10
0.0012
 20
14.999
 10
0.0012
 20
-0.001
  0
LINE
  5
3A85
330
3A7C
100
AcDbEntity
  8
A_DOOR_WINDOW
  6
Continuous
 62
   256
 60
     0
 48
1.0
370
    -1
100
AcDbLine
 39
0.0
 10
9.0012
 20
9.499
 30
0.0
 11
211.0012
 21
9.499
 31
0.0
  0
LINE
  5
3A86
330
3A7C
100
AcDbEntity
  8
A_DOOR_WINDOW
  6
Continuous
 62
   256
 60
     0
 48
1.0
370
    -1
100
AcDbLine
 39
0.0
 10
9.0012
 20
5.499
 30
0.0
 11
211.0012
 21
5.4994
 31
0.0
  0
LWPOLYLINE
  5
3A87
330
3A7C
100
AcDbEntity
  8
A_DOOR_WINDOW
  6
Continuous
 62
   256
 60
     0
 48
1.0
370
    -1
100
AcDbPolyline
 90
        5
 10
5.0012
 20
9.499
 10
5.0012
 20
5.499
 10
9.0012
 20
5.499
 10
9.0012
 20
9.499
 10
5.0012
 20
9.499
  0
LWPOLYLINE
  5
3A88
330
3A7C
100
AcDbEntity
  8
A_DOOR_WINDOW
  6
Continuous
 62
   256
 60
     0
 48
1.0
370
    -1
100
AcDbPolyline
 90
        2
 10
9.0012
 20
7.499
 10
211.0012
 20
7.499
  0
LWPOLYLINE
  5
3A89
330
3A7C
100
AcDbEntity
  8
A_DOOR_WINDOW
  6
Continuous
 62
   256
 60
     0
 48
1.0
370
    -1
100
AcDbPolyline
 90
        5
 10
211.0012
 20
9.499
 10
211.0012
 20
5.499
 10
215.0012
 20
5.499
 10
215.0012
 20
9.499
 10
211.0012
 20
9.499
  0
ENDBLK
  5
3A8A
330
3A7C
100
AcDbEntity
  8
0
100
AcDbBlockEnd
  0
BLOCK
  5
3C7B
330
3C78
100
AcDbEntity
  8
0
100
AcDbBlockBegin
  2
A$C519f2308
 70
     0
 10
0.0
 20
0.0
 30
0.0
  3
A$C519f2308
  1

  4

  0
LWPOLYLINE
  5
3C7C
330
3C78
100
AcDbEntity
  8
A_INT_STAIR
  6
Continuous
 62
   256
 60
     0
 48
1.0
370
    -1
100
AcDbPolyline
 90
        4
 70
     1
 10
-102.933
 20
-1.5
 10
102.933
 20
-1.5
 10
102.933
 20
-87.5
 10
-102.933
 20
-87.5
  0
LINE
  5
3C7D
330
3C78
100
AcDbEntity
  8
A_INT_STAIR
  6
Continuous
 62
   256
 60
     0
 48
1.0
370
    -1
100
AcDbLine
 39
0.0
 10
-102.933
 20
-29.5
 30
0.0
 11
102.933
 21
-29.5
 31
0.0
  0
LINE
  5
3C7E
330
3C78
100
AcDbEntity
  8
A_INT_STAIR
  6
Continuous
 62
   256
 60
     0
 48
1.0
370
    -1
100
AcDbLine
 39
0.0
 10
-102.933
 20
-57.5
 30
0.0
 11
102.933
 21
-57.5
 31
0.0
  0
LINE
  5
3C7F
330
3C78
100
AcDbEntity
  8
A_INT_STAIR
  6
Continuous
 62
   256
 60
     0
 48
1.0
370
    -1
100
AcDbLine
 39
0.0
 10
102.933
 20
-1.5
 30
0.0
 11
102.933
 21
12.602
 31
0.0
  0
LINE
  5
3C80
330
3C78
100
AcDbEntity
  8
A_INT_STAIR
  6
Continuous
 62
   256
 60
     0
 48
1.0
370
    -1
100
AcDbLine
 39
0.0
 10
-102.933
 20
-1.5
 30
0.0
 11
-102.933
 21
12.602
 31
0.0
  0
ENDBLK
  5
3C81
330
3C78
100
AcDbEntity
  8
0
100
AcDbBlockEnd
  0
BLOCK
  5
3C85
330
3C82
100
AcDbEntity
  8
0
100
AcDbBlockBegin
  2
klozet1
 70
     0
 10
0.0
 20
0.0
 30
0.0
  3
klozet1
  1

  4

  0
LWPOLYLINE
  5
3C86
330
3C82
100
AcDbEntity
  8
TEFRIS
  6
Continuous
 62
     0
 60
     0
 48
1.0
370
    -1
100
AcDbPolyline
 90
        4
 70
     1
 10
-0.2154
 20
0.2737
 10
0.2147
 20
0.2737
 10
0.2147
 20
0.3351
 10
-0.2154
 20
0.3351
  0
LINE
  5
3C87
330
3C82
100
AcDbEntity
  8
TEFRIS
  6
Continuous
 62
     0
 60
     0
 48
1.0
370
    -1
100
AcDbLine
 39
0.0
 10
0.1993
 20
0.2136
 30
0.0
 11
-0.2007
 21
0.2136
 31
0.0
  0
LINE
  5
3C88
330
3C82
100
AcDbEntity
  8
TEFRIS
  6
Continuous
 62
     0
 60
     0
 48
1.0
370
    -1
100
AcDbLine
 39
0.0
 10
0.1993
 20
0.2386
 30
0.0
 11
-0.2007
 21
0.2386
 31
0.0
  0
ARC
  5
3C89
330
3C82
100
AcDbEntity
  8
TEFRIS
  6
Continuous
 62
     0
 60
     0
 48
1.0
370
    -1
100
AcDbCircle
 39
0.0
 10
0.0021
 20
-0.1579
 30
0.0
 40
0.2035
100
AcDbArc
 50
175.2721
 51
269.2066
  0
ARC
  5
3C8A
330
3C82
100
AcDbEntity
  8
TEFRIS
  6
Continuous
 62
     0
 60
     0
 48
1.0
370
    -1
100
AcDbCircle
 39
0.0
 10
-0.0035
 20
-0.1579
 30
0.0
 40
0.2035
100
AcDbArc
 50
270.7934
 51
4.7279
  0
LINE
  5
3C8B
330
3C82
100
AcDbEntity
  8
TEFRIS
  6
Continuous
 62
     0
 60
     0
 48
1.0
370
    -1
100
AcDbLine
 39
0.0
 10
-0.2007
 20
0.2386
 30
0.0
 11
-0.2007
 21
-0.1412
 31
0.0
  0
LINE
  5
3C8C
330
3C82
100
AcDbEntity
  8
TEFRIS
  6
Continuous
 62
     0
 60
     0
 48
1.0
370
    -1
100
AcDbLine
 39
0.0
 10
0.1993
 20
-0.1412
 30
0.0
 11
0.1993
 21
0.2386
 31
0.0
  0
ENDBLK
  5
3C8D
330
3C82
100
AcDbEntity
  8
0
100
AcDbBlockEnd
  0
BLOCK
  5
3C91
330
3C8E
100
AcDbEntity
  8
0
100
AcDbBlockBegin
  2
90
 70
     0
 10
0.0
 20
0.0
 30
0.0
  3
90
  1

  4

  0
LWPOLYLINE
  5
3C92
330
3C8E
100
AcDbEntity
  8
K1
  6
Continuous
 62
   256
 60
     0
 48
1.0
370
    -1
100
AcDbPolyline
 90
        4
 70
     1
 10
124824.3171
 20
51356.851
 10
124824.3171
 20
51361.851
 10
124809.3171
 20
51361.851
 10
124809.3171
 20
51356.851
  0
LWPOLYLINE
  5
3C93
330
3C8E
100
AcDbEntity
  8
K1
  6
Continuous
 62
   256
 60
     0
 48
1.0
370
    -1
100
AcDbPolyline
 90
        2
 10
124814.3171
 20
51441.851
 10
124814.3171
 20
51361.851
  0
LWPOLYLINE
  5
3C94
330
3C8E
100
AcDbEntity
  8
K1
  6
Continuous
 62
   256
 60
     0
 48
1.0
370
    -1
100
AcDbPolyline
 90
        4
 70
     1
 10
124824.3171
 20
51446.851
 10
124824.3171
 20
51441.851
 10
124809.3171
 20
51441.851
 10
124809.3171
 20
51446.851
  0
LWPOLYLINE
  5
3C95
330
3C8E
100
AcDbEntity
  8
K1
  6
Continuous
 62
   256
 60
     0
 48
1.0
370
    -1
100
AcDbPolyline
 90
        4
 70
     1
 10
124814.3171
 20
51361.851
 10
124809.3171
 20
51361.851
 10
124809.3171
 20
51441.851
 10
124814.3171
 20
51441.851
  0
LWPOLYLINE
  5
3C96
330
3C8E
100
AcDbEntity
  8
K1
  6
Continuous
 62
   256
 60
     0
 48
1.0
370
    -1
100
AcDbPolyline
 90
        4
 70
     1
 10
124814.3171
 20
51361.851
 10
124814.3171
 20
51366.851
 10
124809.3171
 20
51366.851
 10
124809.3171
 20
51361.851
  0
LWPOLYLINE
  5
3C97
330
3C8E
100
AcDbEntity
  8
K1
  6
Continuous
 62
   256
 60
     0
 48
1.0
370
    -1
100
AcDbPolyline
 90
        4
 70
     1
 10
124814.3171
 20
51441.851
 10
124814.3171
 20
51436.851
 10
124809.3171
 20
51436.851
 10
124809.3171
 20
51441.851
  0
LWPOLYLINE
  5
3C98
330
3C8E
100
AcDbEntity
  8
İNCE
  6
Continuous
 62
   256
 60
     0
 48
0.5
370
    -1
100
AcDbPolyline
 90
        2
 10
124811.8171
 20
51436.851
 10
124811.8171
 20
51366.851
  0
LWPOLYLINE
  5
3C99
330
3C8E
100
AcDbEntity
  8
M-IZ-02
  6
HIDDEN
 62
   256
 60
     0
 48
60.0
370
    -1
100
AcDbPolyline
 90
        3
 10
124809.3171
 20
51361.851
 42
0.0
 10
124729.3171
 20
51361.851
 42
-0.4435
 10
124809.3171
 20
51441.851
 42
-1.0
  0
ENDBLK
  5
3C9A
330
3C8E
100
AcDbEntity
  8
0
100
AcDbBlockEnd
  0
BLOCK
  5
105CB0
330
105CAF
100
AcDbEntity
  8
0
100
AcDbBlockBegin
  2
kitchen sink3
 70
     0
 10
0.0
 20
0.0
 30
0.0
  3
kitchen sink3
  1

  4

  0
CIRCLE
  5
105CB1
330
105CAF
100
AcDbEntity
  8
0
  6
Continuous
 62
     0
 60
     0
 48
1.0
370
    -1
100
AcDbCircle
 39
0.0
 10
178.5714
 20
-297.619
 30
0.0
 40
11.9048
  0
CIRCLE
  5
105CB2
330
105CAF
100
AcDbEntity
  8
0
  6
Continuous
 62
     0
 60
     0
 48
1.0
370
    -1
100
AcDbCircle
 39
0.0
 10
178.5714
 20
-297.619
 30
0.0
 40
23.8095
  0
LINE
  5
105CB3
330
105CAF
100
AcDbEntity
  8
0
  6
Continuous
 62
     0
 60
     0
 48
1.0
370
    -1
100
AcDbLine
 39
0.0
 10
41.6667
 20
-130.9524
 30
0.0
 11
321.4286
 21
-130.9524
 31
0.0
  0
LINE
  5
105CB4
330
105CAF
100
AcDbEntity
  8
0
  6
Continuous
 62
     0
 60
     0
 48
1.0
370
    -1
100
AcDbLine
 39
0.0
 10
321.4286
 20
-464.2857
 30
0.0
 11
41.6667
 21
-464.2857
 31
0.0
  0
LINE
  5
105CB5
330
105CAF
100
AcDbEntity
  8
0
  6
Continuous
 62
     0
 60
     0
 48
1.0
370
    -1
100
AcDbLine
 39
0.0
 10
-345.2381
 20
0.0
 30
0.0
 11
345.2381
 21
0.0
 31
0.0
  0
LINE
  5
105CB6
330
105CAF
100
AcDbEntity
  8
0
  6
Continuous
 62
     0
 60
     0
 48
1.0
370
    -1
100
AcDbLine
 39
0.0
 10
-380.9524
 20
-95.2381
 30
0.0
 11
380.9524
 21
-95.2381
 31
0.0
  0
LINE
  5
105CB7
330
105CAF
100
AcDbEntity
  8
0
  6
Continuous
 62
     0
 60
     0
 48
1.0
370
    -1
100
AcDbLine
 39
0.0
 10
345.2381
 20
-500.0
 30
0.0
 11
-345.2381
 21
-500.0
 31
0.0
  0
LINE
  5
105CB8
330
105CAF
100
AcDbEntity
  8
0
  6
Continuous
 62
     0
 60
     0
 48
1.0
370
    -1
100
AcDbLine
 39
0.0
 10
17.8571
 20
-154.7619
 30
0.0
 11
17.8571
 21
-440.4762
 31
0.0
  0
LINE
  5
105CB9
330
105CAF
100
AcDbEntity
  8
0
  6
Continuous
 62
     0
 60
     0
 48
1.0
370
    -1
100
AcDbLine
 39
0.0
 10
-17.8571
 20
-440.4762
 30
0.0
 11
-17.8571
 21
-154.7619
 31
0.0
  0
LINE
  5
105CBA
330
105CAF
100
AcDbEntity
  8
0
  6
Continuous
 62
     0
 60
     0
 48
1.0
370
    -1
100
AcDbLine
 39
0.0
 10
-345.2381
 20
-440.4762
 30
0.0
 11
-345.2381
 21
-154.7619
 31
0.0
  0
LINE
  5
105CBB
330
105CAF
100
AcDbEntity
  8
0
  6
Continuous
 62
     0
 60
     0
 48
1.0
370
    -1
100
AcDbLine
 39
0.0
 10
-380.9524
 20
-464.2857
 30
0.0
 11
-380.9524
 21
-35.7143
 31
0.0
  0
CIRCLE
  5
105CBC
330
105CAF
100
AcDbEntity
  8
0
  6
Continuous
 62
     0
 60
     0
 48
1.0
370
    -1
100
AcDbCircle
 39
0.0
 10
-178.5714
 20
-297.619
 30
0.0
 40
11.9048
  0
CIRCLE
  5
105CBD
330
105CAF
100
AcDbEntity
  8
0
  6
Continuous
 62
     0
 60
     0
 48
1.0
370
    -1
100
AcDbCircle
 39
0.0
 10
-178.5714
 20
-297.619
 30
0.0
 40
23.8095
  0
LINE
  5
105CBE
330
105CAF
100
AcDbEntity
  8
0
  6
Continuous
 62
     0
 60
     0
 48
1.0
370
    -1
100
AcDbLine
 39
0.0
 10
-41.6667
 20
-464.2857
 30
0.0
 11
-321.4286
 21
-464.2857
 31
0.0
  0
ARC
  5
105CBF
330
105CAF
100
AcDbEntity
  8
0
  6
Continuous
 62
     0
 60
     0
 48
1.0
370
    -1
100
AcDbCircle
 39
0.0
 10
-345.2381
 20
-464.2857
 30
0.0
 40
35.7143
100
AcDbArc
 50
180.0
 51
270.0
  0
ARC
  5
105CC0
330
105CAF
100
AcDbEntity
  8
0
  6
Continuous
 62
     0
 60
     0
 48
1.0
370
    -1
100
AcDbCircle
 39
0.0
 10
-321.4286
 20
-440.4762
 30
0.0
 40
23.8095
100
AcDbArc
 50
180.0
 51
270.0
  0
ARC
  5
105CC1
330
105CAF
100
AcDbEntity
  8
0
  6
Continuous
 62
     0
 60
     0
 48
1.0
370
    -1
100
AcDbCircle
 39
0.0
 10
-41.6667
 20
-440.4762
 30
0.0
 40
23.8095
100
AcDbArc
 50
270.0
 51
0.0
  0
ARC
  5
105CC2
330
105CAF
100
AcDbEntity
  8
0
  6
Continuous
 62
     0
 60
     0
 48
1.0
370
    -1
100
AcDbCircle
 39
0.0
 10
41.6667
 20
-440.4762
 30
0.0
 40
23.8095
100
AcDbArc
 50
180.0
 51
270.0
  0
LINE
  5
105CC3
330
105CAF
100
AcDbEntity
  8
0
  6
Continuous
 62
     0
 60
     0
 48
1.0
370
    -1
100
AcDbLine
 39
0.0
 10
-321.4286
 20
-130.9524
 30
0.0
 11
-41.6667
 21
-130.9524
 31
0.0
  0
ARC
  5
105CC4
330
105CAF
100
AcDbEntity
  8
0
  6
Continuous
 62
     0
 60
     0
 48
1.0
370
    -1
100
AcDbCircle
 39
0.0
 10
-321.4286
 20
-154.7619
 30
0.0
 40
23.8095
100
AcDbArc
 50
90.0
 51
180.0
  0
ARC
  5
105CC5
330
105CAF
100
AcDbEntity
  8
0
  6
Continuous
 62
     0
 60
     0
 48
1.0
370
    -1
100
AcDbCircle
 39
0.0
 10
-345.2381
 20
-35.7143
 30
0.0
 40
35.7143
100
AcDbArc
 50
90.0
 51
180.0
  0
ARC
  5
105CC6
330
105CAF
100
AcDbEntity
  8
0
  6
Continuous
 62
     0
 60
     0
 48
1.0
370
    -1
100
AcDbCircle
 39
0.0
 10
-41.6667
 20
-154.7619
 30
0.0
 40
23.8095
100
AcDbArc
 50
0.0
 51
90.0
  0
ARC
  5
105CC7
330
105CAF
100
AcDbEntity
  8
0
  6
Continuous
 62
     0
 60
     0
 48
1.0
370
    -1
100
AcDbCircle
 39
0.0
 10
41.6667
 20
-154.7619
 30
0.0
 40
23.8095
100
AcDbArc
 50
90.0
 51
180.0
  0
LINE
  5
105CC8
330
105CAF
100
AcDbEntity
  8
0
  6
Continuous
 62
     0
 60
     0
 48
1.0
370
    -1
100
AcDbLine
 39
0.0
 10
345.2381
 20
-154.7619
 30
0.0
 11
345.2381
 21
-440.4762
 31
0.0
  0
LINE
  5
105CC9
330
105CAF
100
AcDbEntity
  8
0
  6
Continuous
 62
     0
 60
     0
 48
1.0
370
    -1
100
AcDbLine
 39
0.0
 10
380.9524
 20
-35.7143
 30
0.0
 11
380.9524
 21
-464.2857
 31
0.0
  0
ARC
  5
105CCA
330
105CAF
100
AcDbEntity
  8
0
  6
Continuous
 62
     0
 60
     0
 48
1.0
370
    -1
100
AcDbCircle
 39
0.0
 10
345.2381
 20
-464.2857
 30
0.0
 40
35.7143
100
AcDbArc
 50
270.0
 51
0.0
  0
ARC
  5
105CCB
330
105CAF
100
AcDbEntity
  8
0
  6
Continuous
 62
     0
 60
     0
 48
1.0
370
    -1
100
AcDbCircle
 39
0.0
 10
321.4286
 20
-440.4762
 30
0.0
 40
23.8095
100
AcDbArc
 50
270.0
 51
0.0
  0
ARC
  5
105CCC
330
105CAF
100
AcDbEntity
  8
0
  6
Continuous
 62
     0
 60
     0
 48
1.0
370
    -1
100
AcDbCircle
 39
0.0
 10
321.4286
 20
-154.7619
 30
0.0
 40
23.8095
100
AcDbArc
 50
0.0
 51
90.0
  0
ARC
  5
105CCD
330
105CAF
100
AcDbEntity
  8
0
  6
Continuous
 62
     0
 60
     0
 48
1.0
370
    -1
100
AcDbCircle
 39
0.0
 10
345.2381
 20
-35.7143
 30
0.0
 40
35.7143
100
AcDbArc
 50
0.0
 51
90.0
  0
ENDBLK
  5
105CCE
330
105CAF
100
AcDbEntity
  8
0
100
AcDbBlockEnd
  0
BLOCK
  5
11603E
330
11603D
100
AcDbEntity
  8
0
100
AcDbBlockBegin
  2
prz
 70
     0
 10
0.0
 20
0.0
 30
0.0
  3
prz
  1

  4

  0
LWPOLYLINE
  5
116040
330
11603D
100
AcDbEntity
  8
tefriş
  6
Continuous
 62
   256
 60
     0
 48
1.0
370
    -1
100
AcDbPolyline
 90
        5
 10
29340.6464
 20
22516.2167
 10
29340.6464
 20
22506.2167
 10
29360.6464
 20
22506.2167
 10
29360.6464
 20
22516.2167
 10
29340.6464
 20
22516.2167
  0
LINE
  5
116041
330
11603D
100
AcDbEntity
  8
tefriş
  6
Continuous
 62
   256
 60
     0
 48
1.0
370
    -1
100
AcDbLine
 39
0.0
 10
29350.6464
 20
22506.2167
 30
0.0
 11
29350.6464
 21
22516.2167
 31
0.0
  0
CIRCLE
  5
116042
330
11603D
100
AcDbEntity
  8
tefriş
  6
Continuous
 62
   256
 60
     0
 48
1.0
370
    -1
100
AcDbCircle
 39
0.0
 10
29345.6464
 20
22511.2167
 30
0.0
 40
3.0
  0
CIRCLE
  5
116043
330
11603D
100
AcDbEntity
  8
tefriş
  6
Continuous
 62
   256
 60
     0
 48
1.0
370
    -1
100
AcDbCircle
 39
0.0
 10
29355.6464
 20
22511.2167
 30
0.0
 40
3.0
  0
ENDBLK
  5
11603F
330
11603D
100
AcDbEntity
  8
0
100
AcDbBlockEnd
  0
BLOCK
  5
11636A
330
116369
100
AcDbEntity
  8
0
100
AcDbBlockBegin
  2
ggggg
 70
     0
 10
0.0
 20
0.0
 30
0.0
  3
ggggg
  1

  4

  0
ARC
  5
11636C
330
116369
100
AcDbEntity
  8
tefriş
  6
Continuous
 62
   256
 60
     0
 48
1.0
370
    -1
100
AcDbCircle
 39
0.0
 10
25358.1666
 20
24360.6254
 30
0.0
 40
2.25
100
AcDbArc
 50
118.2493
 51
298.2493
1001
PE_URL
1000
http://www.Architecture4design.com
1002
{
1000
http://www.Architecture4design.com
1002
{
1071
        1
1002
}
1002
}
  0
ARC
  5
11636D
330
116369
100
AcDbEntity
  8
tefriş
  6
Continuous
 62
   256
 60
     0
 48
1.0
370
    -1
100
AcDbCircle
 39
0.0
 10
25385.5002
 20
24309.7536
 30
0.0
 40
60.0
100
AcDbArc
 50
61.7556
 51
118.2493
1001
PE_URL
1000
http://www.Architecture4design.com
1002
{
1000
http://www.Architecture4design.com
1002
{
1071
        1
1002
}
1002
}
  0
SPLINE
  5
11636E
330
116369
100
AcDbEntity
  8
tefriş
  6
Continuous
 62
   256
 60
     0
 48
1.0
370
    -1
100
AcDbSpline
 70
     9
 71
     3
 72
     0
 73
     0
 74
     3
 42
0.0
 43
0.0
 44
0.0
 12
0.9663
 22
0.2574
 32
0.0
 13
0.5025
 23
0.8646
 33
0.0
 11
25381.235
 21
24318.1835
 31
0.0
 11
25392.7852
 21
24322.6814
 31
0.0
 11
25398.8539
 21
24329.1348
 31
0.0
1001
PE_URL
1000
http://www.Architecture4design.com
1002
{
1000
http://www.Architecture4design.com
1002
{
1071
        1
1002
}
1002
}
  0
SPLINE
  5
11636F
330
116369
100
AcDbEntity
  8
tefriş
  6
Continuous
 62
   256
 60
     0
 48
1.0
370
    -1
100
AcDbSpline
 70
     9
 71
     3
 72
     0
 73
     0
 74
     3
 42
0.0
 43
0.0
 44
0.0
 12
0.7478
 22
0.664
 32
0.0
 13
0.0
 23
0.0
 33
0.0
 11
25374.579
 21
24319.748
 31
0.0
 11
25385.7376
 21
24334.0237
 31
0.0
 11
25390.0444
 21
24343.6061
 31
0.0
1001
PE_URL
1000
http://www.Architecture4design.com
1002
{
1000
http://www.Architecture4design.com
1002
{
1071
        1
1002
}
1002
}
  0
ARC
  5
116370
330
116369
100
AcDbEntity
  8
tefriş
  6
Continuous
 62
   256
 60
     0
 48
1.0
370
    -1
100
AcDbCircle
 39
0.0
 10
25385.5002
 20
24309.7536
 30
0.0
 40
55.5
100
AcDbArc
 50
61.7556
 51
118.2493
1001
PE_URL
1000
http://www.Architecture4design.com
1002
{
1000
http://www.Architecture4design.com
1002
{
1071
        1
1002
}
1002
}
  0
LINE
  5
116371
330
116369
100
AcDbEntity
  8
tefriş
  6
Continuous
 62
   256
 60
     0
 48
1.0
370
    -1
100
AcDbLine
 39
0.0
 10
25378.7459
 20
24354.7943
 30
0.0
 11
25378.7449
 21
24364.841
 31
0.0
1001
PE_URL
1000
http://www.Architecture4design.com
1002
{
1000
http://www.Architecture4design.com
1002
{
1071
        1
1002
}
1002
}
  0
LINE
  5
116372
330
116369
100
AcDbEntity
  8
tefriş
  6
Continuous
 62
   256
 60
     0
 48
1.0
370
    -1
100
AcDbLine
 39
0.0
 10
25374.2459
 20
24354.7939
 30
0.0
 11
25374.245
 21
24364.1004
 31
0.0
1001
PE_URL
1000
http://www.Architecture4design.com
1002
{
1000
http://www.Architecture4design.com
1002
{
1071
        1
1002
}
1002
}
  0
LINE
  5
116373
330
116369
100
AcDbEntity
  8
tefriş
  6
Continuous
 62
   256
 60
     0
 48
1.0
370
    -1
100
AcDbLine
 39
0.0
 10
25392.2459
 20
24354.7939
 30
0.0
 11
25392.2449
 21
24364.8423
 31
0.0
1001
PE_URL
1000
http://www.Architecture4design.com
1002
{
1000
http://www.Architecture4design.com
1002
{
1071
        1
1002
}
1002
}
  0
LINE
  5
116374
330
116369
100
AcDbEntity
  8
tefriş
  6
Continuous
 62
   256
 60
     0
 48
1.0
370
    -1
100
AcDbLine
 39
0.0
 10
25396.7459
 20
24354.7943
 30
0.0
 11
25396.745
 21
24364.1025
 31
0.0
1001
PE_URL
1000
http://www.Architecture4design.com
1002
{
1000
http://www.Architecture4design.com
1002
{
1071
        1
1002
}
1002
}
  0
ARC
  5
116375
330
116369
100
AcDbEntity
  8
tefriş
  6
Continuous
 62
   256
 60
     0
 48
1.0
370
    -1
100
AcDbCircle
 39
0.0
 10
25412.8294
 20
24360.6277
 30
0.0
 40
2.25
100
AcDbArc
 50
241.7556
 51
61.7556
1001
PE_URL
1000
http://www.Architecture4design.com
1002
{
1000
http://www.Architecture4design.com
1002
{
1071
        1
1002
}
1002
}
  0
LINE
  5
116376
330
116369
100
AcDbEntity
  8
tefriş
  6
Continuous
 62
   256
 60
     0
 48
1.0
370
    -1
100
AcDbLine
 39
0.0
 10
25364.5618
 20
24309.7536
 30
0.0
 11
25406.4393
 21
24309.7536
 31
0.0
1001
PE_URL
1000
http://www.Architecture4design.com
1002
{
1000
http://www.Architecture4design.com
1002
{
1071
        1
1002
}
1002
}
  0
ARC
  5
116377
330
116369
100
AcDbEntity
  8
tefriş
  6
Continuous
 62
   256
 60
     0
 48
1.0
370
    -1
100
AcDbCircle
 39
0.0
 10
25406.4393
 20
24314.2536
 30
0.0
 40
4.5
100
AcDbArc
 50
270.0
 51
9.4496
1001
PE_URL
1000
http://www.Architecture4design.com
1002
{
1000
http://www.Architecture4design.com
1002
{
1071
        1
1002
}
1002
}
  0
LINE
  5
116378
330
116369
100
AcDbEntity
  8
tefriş
  6
Continuous
 62
   256
 60
     0
 48
1.0
370
    -1
100
AcDbLine
 39
0.0
 10
25410.8782
 20
24314.9924
 30
0.0
 11
25404.8771
 21
24351.0488
 31
0.0
1001
PE_URL
1000
http://www.Architecture4design.com
1002
{
1000
http://www.Architecture4design.com
1002
{
1071
        1
1002
}
1002
}
  0
ARC
  5
116379
330
116369
100
AcDbEntity
  8
tefriş
  6
Continuous
 62
   256
 60
     0
 48
1.0
370
    -1
100
AcDbCircle
 39
0.0
 10
25400.4382
 20
24350.31
 30
0.0
 40
4.5
100
AcDbArc
 50
9.4496
 51
90.0609
1001
PE_URL
1000
http://www.Architecture4design.com
1002
{
1000
http://www.Architecture4design.com
1002
{
1071
        1
1002
}
1002
}
  0
LINE
  5
11637A
330
116369
100
AcDbEntity
  8
tefriş
  6
Continuous
 62
   256
 60
     0
 48
1.0
370
    -1
100
AcDbLine
 39
0.0
 10
25400.4334
 20
24354.81
 30
0.0
 11
25370.5584
 21
24354.7782
 31
0.0
1001
PE_URL
1000
http://www.Architecture4design.com
1002
{
1000
http://www.Architecture4design.com
1002
{
1071
        1
1002
}
1002
}
  0
ARC
  5
11637B
330
116369
100
AcDbEntity
  8
tefriş
  6
Continuous
 62
   256
 60
     0
 48
1.0
370
    -1
100
AcDbCircle
 39
0.0
 10
25370.5632
 20
24350.2782
 30
0.0
 40
4.5
100
AcDbArc
 50
90.0609
 51
170.542
1001
PE_URL
1000
http://www.Architecture4design.com
1002
{
1000
http://www.Architecture4design.com
1002
{
1071
        1
1002
}
1002
}
  0
LINE
  5
11637C
330
116369
100
AcDbEntity
  8
tefriş
  6
Continuous
 62
   256
 60
     0
 48
1.0
370
    -1
100
AcDbLine
 39
0.0
 10
25366.1243
 20
24351.0177
 30
0.0
 11
25360.123
 21
24314.9931
 31
0.0
1001
PE_URL
1000
http://www.Architecture4design.com
1002
{
1000
http://www.Architecture4design.com
1002
{
1071
        1
1002
}
1002
}
  0
ARC
  5
11637D
330
116369
100
AcDbEntity
  8
tefriş
  6
Continuous
 62
   256
 60
     0
 48
1.0
370
    -1
100
AcDbCircle
 39
0.0
 10
25364.5618
 20
24314.2536
 30
0.0
 40
4.5
100
AcDbArc
 50
170.542
 51
270.0
1001
PE_URL
1000
http://www.Architecture4design.com
1002
{
1000
http://www.Architecture4design.com
1002
{
1071
        1
1002
}
1002
}
  0
ENDBLK
  5
11636B
330
116369
100
AcDbEntity
  8
0
100
AcDbBlockEnd
  0
BLOCK
  5
11643A
330
116439
100
AcDbEntity
  8
0
100
AcDbBlockBegin
  2
hjdjd
 70
     0
 10
0.0
 20
0.0
 30
0.0
  3
hjdjd
  1

  4

  0
LWPOLYLINE
  5
116450
330
116439
100
AcDbEntity
  8
tefriş
  6
Continuous
 62
   256
 60
     0
 48
1.0
370
    -1
100
AcDbPolyline
 90
        7
 10
24838.8342
 20
24693.73
 42
0.3317
 10
24836.9361
 20
24691.3613
 42
-0.0173
 10
24836.0492
 20
24684.5051
 42
0.0361
 10
24833.9149
 20
24661.1396
 42
0.0361
 10
24836.0492
 20
24637.7741
 42
-0.0173
 10
24836.9361
 20
24630.9179
 42
0.3317
 10
24838.8342
 20
24628.5492
 42
0.0
  0
LWPOLYLINE
  5
116451
330
116439
100
AcDbEntity
  8
tefriş
  6
Continuous
 62
   256
 60
     0
 48
1.0
370
    -1
100
AcDbPolyline
 90
        7
 10
24843.696
 20
24693.3055
 42
0.3644
 10
24839.9933
 20
24690.1867
 42
-0.0151
 10
24839.1651
 20
24683.992
 42
0.036
 10
24837.0732
 20
24661.1396
 42
0.036
 10
24839.1651
 20
24638.2871
 42
-0.0151
 10
24839.9933
 20
24632.0924
 42
0.3644
 10
24843.696
 20
24628.9737
 42
17.5672
  0
LWPOLYLINE
  5
116452
330
116439
100
AcDbEntity
  8
tefriş
  6
Continuous
 62
   256
 60
     0
 48
0.03
370
    -1
100
AcDbPolyline
 90
       34
 70
     1
 10
24836.2239
 20
24631.7042
 42
0.0032
 10
24836.3246
 20
24630.7841
 42
0.4065
 10
24839.0589
 20
24628.5592
 42
-0.0
 10
24843.8722
 20
24628.9894
 42
-0.0
 10
24846.6789
 20
24629.2393
 42
-0.0072
 10
24847.4041
 20
24627.5158
 42
0.2519
 10
24856.1397
 20
24622.4408
 42
-0.0534
 10
24890.4113
 20
24617.7643
 42
0.307
 10
24897.1346
 20
24620.0074
 42
0.1703
 10
24898.7661
 20
24625.002
 42
-0.5024
 10
24899.2184
 20
24625.5133
 42
-0.0279
 10
24905.5232
 20
24624.9171
 42
0.9065
 10
24905.6049
 20
24625.5435
 42
0.0
 10
24905.5791
 20
24628.9401
 42
0.8865
 10
24905.5976
 20
24629.5713
 42
0.0151
 10
24910.879
 20
24628.6418
 42
0.4343
 10
24915.6407
 20
24632.2726
 42
0.0692
 10
24915.6407
 20
24690.0065
 42
0.4343
 10
24910.879
 20
24693.6374
 42
0.0151
 10
24905.5976
 20
24692.7078
 42
0.8865
 10
24905.5791
 20
24693.3391
 42
0.0
 10
24905.6049
 20
24696.7357
 42
0.9065
 10
24905.5232
 20
24697.3621
 42
-0.0279
 10
24899.2184
 20
24696.7659
 42
-0.5024
 10
24898.7661
 20
24697.2772
 42
0.1703
 10
24897.1346
 20
24702.2718
 42
0.307
 10
24890.4113
 20
24704.5149
 42
-0.0534
 10
24856.1397
 20
24699.8384
 42
0.2519
 10
24847.4041
 20
24694.7634
 42
-0.0072
 10
24846.6789
 20
24693.0399
 42
-0.0
 10
24843.8722
 20
24693.2897
 42
-0.0
 10
24839.0589
 20
24693.72
 42
0.4065
 10
24836.3246
 20
24691.495
 42
0.0032
 10
24836.2239
 20
24690.5749
 42
0.0995
  0
LWPOLYLINE
  5
116453
330
116439
100
AcDbEntity
  8
tefriş
  6
Continuous
 62
   256
 60
     0
 48
1.0
370
    -1
100
AcDbPolyline
 90
        2
 10
24877.2669
 20
24658.0265
 10
24881.3332
 20
24683.9513
  0
LWPOLYLINE
  5
116454
330
116439
100
AcDbEntity
  8
tefriş
  6
Continuous
 62
   256
 60
     0
 48
1.0
370
    -1
100
AcDbPolyline
 90
        9
 10
24849.6442
 20
24656.7286
 10
24847.1408
 20
24661.4963
 10
24845.2448
 20
24665.3157
 10
24843.8534
 20
24668.5818
 10
24842.8638
 20
24671.6896
 10
24842.173
 20
24675.0343
 10
24841.6782
 20
24679.0109
 10
24841.2765
 20
24684.0144
 10
24840.8649
 20
24690.4399
  0
LWPOLYLINE
  5
116455
330
116439
100
AcDbEntity
  8
tefriş
  6
Continuous
 62
   256
 60
     0
 48
1.0
370
    -1
100
AcDbPolyline
 90
       12
 10
24855.3173
 20
24687.2679
 42
-0.0003
 10
24855.3234
 20
24687.3106
 42
0.0
 10
24855.3234
 20
24687.3139
 42
0.302
 10
24853.7756
 20
24689.6429
 42
-0.0071
 10
24853.5634
 20
24689.7357
 42
-0.0792
 10
24852.4544
 20
24690.4691
 42
-0.0116
 10
24851.8159
 20
24691.0827
 42
0.0165
 10
24851.3624
 20
24691.5101
 42
0.0225
 10
24849.9048
 20
24692.6836
 42
0.1253
 10
24849.588
 20
24692.8114
 42
0.0195
 10
24848.6142
 20
24692.9043
 42
-0.007
 10
24846.6789
 20
24693.0399
 42
0.0
  0
LWPOLYLINE
  5
116456
330
116439
100
AcDbEntity
  8
tefriş
  6
Continuous
 62
   256
 60
     0
 48
1.0
370
    -1
100
AcDbPolyline
 90
        9
 10
24881.3332
 20
24683.9513
 10
24870.7797
 20
24685.2635
 10
24862.1662
 20
24686.3523
 10
24855.8052
 20
24687.1961
 10
24851.2133
 20
24687.8719
 10
24847.9069
 20
24688.457
 10
24845.4024
 20
24689.0286
 10
24843.2163
 20
24689.6638
 10
24840.8649
 20
24690.4399
  0
LWPOLYLINE
  5
116457
330
116439
100
AcDbEntity
  8
tefriş
  6
Continuous
 62
   256
 60
     0
 48
1.0
370
    -1
100
AcDbPolyline
 90
        2
 10
24854.5695
 20
24689.1141
 10
24905.5976
 20
24692.7078
  0
ARC
  5
116458
330
116439
100
AcDbEntity
  8
tefriş
  6
Continuous
 62
   256
 60
     0
 48
1.0
370
    -1
100
AcDbCircle
 39
0.0
 10
24902.6481
 20
24711.4461
 30
0.0
 40
14.6911
100
AcDbArc
 50
254.0685
 51
254.6783
  0
LWPOLYLINE
  5
116459
330
116439
100
AcDbEntity
  8
tefriş
  6
Continuous
 62
   256
 60
     0
 48
1.0
370
    -1
100
AcDbPolyline
 90
       10
 10
24846.6789
 20
24629.2393
 42
-0.007
 10
24848.6142
 20
24629.3749
 42
0.0195
 10
24849.588
 20
24629.4677
 42
0.1253
 10
24849.9048
 20
24629.5956
 42
0.0225
 10
24851.3624
 20
24630.769
 42
0.0165
 10
24851.8159
 20
24631.1965
 42
-0.0116
 10
24852.4544
 20
24631.8101
 42
-0.0792
 10
24853.5634
 20
24632.5435
 42
-0.0071
 10
24853.7756
 20
24632.6362
 42
0.2905
 10
24855.3211
 20
24634.8583
 42
0.2905
  0
LWPOLYLINE
  5
11645A
330
116439
100
AcDbEntity
  8
tefriş
  6
Continuous
 62
   256
 60
     0
 48
1.0
370
    -1
100
AcDbPolyline
 90
        9
 10
24840.2395
 20
24636.979
 10
24841.0524
 20
24636.7906
 10
24843.029
 20
24636.3577
 10
24846.1362
 20
24635.8045
 10
24850.3411
 20
24635.2556
 10
24855.6105
 20
24634.8352
 10
24861.9114
 20
24634.6678
 10
24869.2108
 20
24634.8778
 10
24877.3851
 20
24635.5818
  0
LWPOLYLINE
  5
11645B
330
116439
100
AcDbEntity
  8
tefriş
  6
Continuous
 62
   256
 60
     0
 48
1.0
370
    -1
100
AcDbPolyline
 90
        9
 10
24850.3042
 20
24666.149
 10
24848.0871
 20
24660.9404
 10
24846.379
 20
24656.8589
 10
24845.0615
 20
24653.5596
 10
24844.0158
 20
24650.6978
 10
24843.1231
 20
24647.9288
 10
24842.2649
 20
24644.9078
 10
24841.3225
 20
24641.2901
 10
24840.2395
 20
24636.979
  0
LWPOLYLINE
  5
11645C
330
116439
100
AcDbEntity
  8
tefriş
  6
Continuous
 62
   256
 60
     0
 48
1.0
370
    -1
100
AcDbPolyline
 90
        2
 10
24854.5695
 20
24633.165
 10
24905.5976
 20
24629.5713
  0
LWPOLYLINE
  5
11645D
330
116439
100
AcDbEntity
  8
tefriş
  6
Continuous
 62
   256
 60
     0
 48
1.0
370
    -1
100
AcDbPolyline
 90
        2
 10
24877.3851
 20
24635.5818
 10
24877.2669
 20
24658.0265
  0
LWPOLYLINE
  5
11645E
330
116439
100
AcDbEntity
  8
tefriş
  6
Continuous
 62
   256
 60
     0
 48
1.0
370
    -1
100
AcDbPolyline
 90
        2
 70
   128
 10
24845.491
 20
24654.6352
 10
24845.2625
 20
24665.2801
  0
ENDBLK
  5
11643B
330
116439
100
AcDbEntity
  8
0
100
AcDbBlockEnd
  0
BLOCK
  5
117258
330
117257
100
AcDbEntity
  8
0
100
AcDbBlockBegin
  2
tekkdq
 70
     0
 10
0.0
 20
0.0
 30
0.0
  3
tekkdq
  1

  4

  0
ARC
  5
11725A
330
117257
100
AcDbEntity
  8
tefriş
  6
Continuous
 62
   256
 60
     0
 48
1.0
370
    -1
100
AcDbCircle
 39
0.0
 10
25162.6458
 20
22492.159
 30
0.0
 40
332.6932
100
AcDbArc
 50
316.9855
 51
320.3214
  0
LINE
  5
11725B
330
117257
100
AcDbEntity
  8
tefriş
  6
Continuous
 62
   256
 60
     0
 48
1.0
370
    -1
100
AcDbLine
 39
0.0
 10
25399.3121
 20
22260.3538
 30
0.0
 11
25418.6993
 21
22279.7411
 31
0.0
  0
LINE
  5
11725C
330
117257
100
AcDbEntity
  8
tefriş
  6
Continuous
 62
   256
 60
     0
 48
1.0
370
    -1
100
AcDbLine
 39
0.0
 10
25437.3453
 20
22220.0806
 30
0.0
 11
25457.8525
 21
22240.5879
 31
0.0
  0
ARC
  5
11725D
330
117257
100
AcDbEntity
  8
tefriş
  6
Continuous
 62
   256
 60
     0
 48
1.0
370
    -1
100
AcDbCircle
 39
0.0
 10
25680.0414
 20
21973.1018
 30
0.0
 40
347.7308
100
AcDbArc
 50
129.7149
 51
134.1267
  0
ARC
  5
11725E
330
117257
100
AcDbEntity
  8
tefriş
  6
Continuous
 62
   256
 60
     0
 48
1.0
370
    -1
100
AcDbCircle
 39
0.0
 10
25219.2619
 20
22435.9719
 30
0.0
 40
325.0595
100
AcDbArc
 50
309.6069
 51
320.3931
  0
LINE
  5
11725F
330
117257
100
AcDbEntity
  8
tefriş
  6
Continuous
 62
   256
 60
     0
 48
1.0
370
    -1
100
AcDbLine
 39
0.0
 10
25466.6883
 20
22232.9344
 30
0.0
 11
25421.6146
 21
22187.6251
 31
0.0
  0
ARC
  5
117260
330
117257
100
AcDbEntity
  8
tefriş
  6
Continuous
 62
   256
 60
     0
 48
1.0
370
    -1
100
AcDbCircle
 39
0.0
 10
25198.6718
 20
22454.4831
 30
0.0
 40
347.7308
100
AcDbArc
 50
309.8766
 51
320.4221
  0
LINE
  5
117261
330
117257
100
AcDbEntity
  8
tefriş
  6
Continuous
 62
   256
 60
     0
 48
1.0
370
    -1
100
AcDbLine
 39
0.0
 10
25365.7365
 20
22243.5031
 30
0.0
 11
25411.0458
 21
22288.5768
 31
0.0
  0
ARC
  5
117262
330
117257
100
AcDbEntity
  8
tefriş
  6
Continuous
 62
   256
 60
     0
 48
1.0
370
    -1
100
AcDbCircle
 39
0.0
 10
25632.5945
 20
22020.5603
 30
0.0
 40
347.7308
100
AcDbArc
 50
129.5779
 51
140.1234
  0
ARC
  5
117263
330
117257
100
AcDbEntity
  8
tefriş
  6
Continuous
 62
   256
 60
     0
 48
1.0
370
    -1
100
AcDbCircle
 39
0.0
 10
25614.0833
 20
22041.1505
 30
0.0
 40
325.0595
100
AcDbArc
 50
129.6069
 51
140.3931
  0
LINE
  5
117264
330
117257
100
AcDbEntity
  8
tefriş
  6
Continuous
 62
   256
 60
     0
 48
1.0
370
    -1
100
AcDbLine
 39
0.0
 10
25433.256
 20
22266.5782
 30
0.0
 11
25424.9034
 21
22274.9308
 31
0.0
  0
LINE
  5
117265
330
117257
100
AcDbEntity
  8
tefriş
  6
Continuous
 62
   256
 60
     0
 48
1.0
370
    -1
100
AcDbLine
 39
0.0
 10
25442.3828
 20
22257.4514
 30
0.0
 11
25453.0422
 21
22246.792
 31
0.0
  0
ARC
  5
117266
330
117257
100
AcDbEntity
  8
tefriş
  6
Continuous
 62
   256
 60
     0
 48
1.0
370
    -1
100
AcDbCircle
 39
0.0
 10
25458.1313
 20
22241.2848
 30
0.0
 40
0.2957
100
AcDbArc
 50
315.0
 51
45.0
  0
LINE
  5
117267
330
117257
100
AcDbEntity
  8
tefriş
  6
Continuous
 62
   256
 60
     0
 48
1.0
370
    -1
100
AcDbLine
 39
0.0
 10
25457.8525
 20
22240.5879
 30
0.0
 11
25458.3403
 21
22241.0757
 31
0.0
  0
LINE
  5
117268
330
117257
100
AcDbEntity
  8
tefriş
  6
Continuous
 62
   256
 60
     0
 48
1.0
370
    -1
100
AcDbLine
 39
0.0
 10
25458.3403
 20
22241.4938
 30
0.0
 11
25450.911
 21
22248.9232
 31
0.0
  0
ARC
  5
117269
330
117257
100
AcDbEntity
  8
tefriş
  6
Continuous
 62
   256
 60
     0
 48
1.0
370
    -1
100
AcDbCircle
 39
0.0
 10
25438.9496
 20
22209.838
 30
0.0
 40
36.0953
100
AcDbArc
 50
31.5803
 51
58.4197
  0
ARC
  5
11726A
330
117257
100
AcDbEntity
  8
tefriş
  6
Continuous
 62
   256
 60
     0
 48
1.0
370
    -1
100
AcDbCircle
 39
0.0
 10
25419.3962
 20
22280.0198
 30
0.0
 40
0.2957
100
AcDbArc
 50
45.0
 51
135.0
  0
LINE
  5
11726B
330
117257
100
AcDbEntity
  8
tefriş
  6
Continuous
 62
   256
 60
     0
 48
1.0
370
    -1
100
AcDbLine
 39
0.0
 10
25418.6993
 20
22279.7411
 30
0.0
 11
25419.1871
 21
22280.2289
 31
0.0
  0
ARC
  5
11726C
330
117257
100
AcDbEntity
  8
tefriş
  6
Continuous
 62
   256
 60
     0
 48
1.0
370
    -1
100
AcDbCircle
 39
0.0
 10
25387.9495
 20
22260.8382
 30
0.0
 40
36.0953
100
AcDbArc
 50
31.5803
 51
58.4197
  0
LINE
  5
11726D
330
117257
100
AcDbEntity
  8
tefriş
  6
Continuous
 62
   256
 60
     0
 48
1.0
370
    -1
100
AcDbLine
 39
0.0
 10
25419.6053
 20
22280.2289
 30
0.0
 11
25427.0346
 21
22272.7995
 31
0.0
  0
LINE
  5
11726E
330
117257
100
AcDbEntity
  8
tefriş
  6
Continuous
 62
   256
 60
     0
 48
1.0
370
    -1
100
AcDbLine
 39
0.0
 10
25374.099
 20
22235.1407
 30
0.0
 11
25378.9509
 21
22239.9926
 31
0.0
  0
ARC
  5
11726F
330
117257
100
AcDbEntity
  8
tefriş
  6
Continuous
 62
   256
 60
     0
 48
1.0
370
    -1
100
AcDbCircle
 39
0.0
 10
25151.2132
 20
22501.9299
 30
0.0
 40
347.7308
100
AcDbArc
 50
310.6797
 51
311.0049
  0
LINE
  5
117270
330
117257
100
AcDbEntity
  8
tefriş
  6
Continuous
 62
   256
 60
     0
 48
1.0
370
    -1
100
AcDbLine
 39
0.0
 10
25383.5401
 20
22218.0339
 30
0.0
 11
25354.9347
 21
22246.6393
 31
0.0
  0
LINE
  5
117271
330
117257
100
AcDbEntity
  8
tefriş
  6
Continuous
 62
   256
 60
     0
 48
1.0
370
    -1
100
AcDbLine
 39
0.0
 10
25424.7507
 20
22176.8233
 30
0.0
 11
25393.3645
 21
22208.2095
 31
0.0
  0
LINE
  5
117272
330
117257
100
AcDbEntity
  8
tefriş
  6
Continuous
 62
   256
 60
     0
 48
1.0
370
    -1
100
AcDbLine
 39
0.0
 10
25414.77
 20
22197.8478
 30
0.0
 11
25413.2522
 21
22195.9875
 31
0.0
  0
LINE
  5
117273
330
117257
100
AcDbEntity
  8
tefriş
  6
Continuous
 62
   256
 60
     0
 48
1.0
370
    -1
100
AcDbLine
 39
0.0
 10
25413.2522
 20
22195.9875
 30
0.0
 11
25414.5841
 21
22197.8777
 31
0.0
  0
LINE
  5
117274
330
117257
100
AcDbEntity
  8
tefriş
  6
Continuous
 62
   256
 60
     0
 48
1.0
370
    -1
100
AcDbLine
 39
0.0
 10
25413.2522
 20
22195.9875
 30
0.0
 11
25414.8632
 21
22197.5986
 31
0.0
  0
LINE
  5
117275
330
117257
100
AcDbEntity
  8
tefriş
  6
Continuous
 62
   256
 60
     0
 48
1.0
370
    -1
100
AcDbLine
 39
0.0
 10
25377.8583
 20
22237.7898
 30
0.0
 11
25379.0373
 21
22236.6108
 31
0.0
  0
ARC
  5
117276
330
117257
100
AcDbEntity
  8
tefriş
  6
Continuous
 62
   256
 60
     0
 48
1.0
370
    -1
100
AcDbCircle
 39
0.0
 10
25820.1792
 20
22642.0677
 30
0.0
 40
619.4279
100
AcDbArc
 50
225.0
 51
229.5712
  0
LINE
  5
117277
330
117257
100
AcDbEntity
  8
tefriş
  6
Continuous
 62
   256
 60
     0
 48
1.0
370
    -1
100
AcDbLine
 39
0.0
 10
25418.4788
 20
22170.5514
 30
0.0
 11
25348.6628
 21
22240.3673
 31
0.0
  0
LINE
  5
117278
330
117257
100
AcDbEntity
  8
tefriş
  6
Continuous
 62
   256
 60
     0
 48
1.0
370
    -1
100
AcDbLine
 39
0.0
 10
25429.9773
 20
22182.0499
 30
0.0
 11
25426.4929
 21
22185.5343
 31
0.0
  0
LINE
  5
117279
330
117257
100
AcDbEntity
  8
tefriş
  6
Continuous
 62
   256
 60
     0
 48
1.0
370
    -1
100
AcDbLine
 39
0.0
 10
25418.4788
 20
22170.5514
 30
0.0
 11
25429.9773
 21
22182.0499
 31
0.0
  0
ARC
  5
11727A
330
117257
100
AcDbEntity
  8
tefriş
  6
Continuous
 62
   256
 60
     0
 48
1.0
370
    -1
100
AcDbCircle
 39
0.0
 10
25400.8607
 20
22199.6679
 30
0.0
 40
34.0319
100
AcDbArc
 50
301.1775
 51
328.8225
  0
LINE
  5
11727B
330
117257
100
AcDbEntity
  8
tefriş
  6
Continuous
 62
   256
 60
     0
 48
1.0
370
    -1
100
AcDbLine
 39
0.0
 10
25426.4929
 20
22185.5343
 30
0.0
 11
25423.8321
 21
22185.4076
 31
0.0
  0
LINE
  5
11727C
330
117257
100
AcDbEntity
  8
tefriş
  6
Continuous
 62
   256
 60
     0
 48
1.0
370
    -1
100
AcDbLine
 39
0.0
 10
25423.8321
 20
22185.4076
 30
0.0
 11
25413.2522
 21
22195.9875
 31
0.0
  0
LINE
  5
11727D
330
117257
100
AcDbEntity
  8
tefriş
  6
Continuous
 62
   256
 60
     0
 48
1.0
370
    -1
100
AcDbLine
 39
0.0
 10
25348.6628
 20
22240.3673
 30
0.0
 11
25360.1613
 21
22251.8659
 31
0.0
  0
LINE
  5
11727E
330
117257
100
AcDbEntity
  8
tefriş
  6
Continuous
 62
   256
 60
     0
 48
1.0
370
    -1
100
AcDbLine
 39
0.0
 10
25374.099
 20
22235.1407
 30
0.0
 11
25377.8583
 21
22237.7898
 31
0.0
  0
LINE
  5
11727F
330
117257
100
AcDbEntity
  8
tefriş
  6
Continuous
 62
   256
 60
     0
 48
1.0
370
    -1
100
AcDbLine
 39
0.0
 10
25377.8583
 20
22238.2079
 30
0.0
 11
25374.099
 21
22235.1407
 31
0.0
  0
ARC
  5
117280
330
117257
100
AcDbEntity
  8
tefriş
  6
Continuous
 62
   256
 60
     0
 48
1.0
370
    -1
100
AcDbCircle
 39
0.0
 10
25378.0673
 20
22237.9989
 30
0.0
 40
0.2957
100
AcDbArc
 50
130.6797
 51
225.0
  0
ARC
  5
117281
330
117257
100
AcDbEntity
  8
tefriş
  6
Continuous
 62
   256
 60
     0
 48
1.0
370
    -1
100
AcDbCircle
 39
0.0
 10
25377.7794
 20
22222.7493
 30
0.0
 40
34.0319
100
AcDbArc
 50
121.1775
 51
148.8225
  0
LINE
  5
117282
330
117257
100
AcDbEntity
  8
tefriş
  6
Continuous
 62
   256
 60
     0
 48
1.0
370
    -1
100
AcDbLine
 39
0.0
 10
25360.1613
 20
22251.8659
 30
0.0
 11
25363.6457
 21
22248.3815
 31
0.0
  0
LINE
  5
117283
330
117257
100
AcDbEntity
  8
tefriş
  6
Continuous
 62
   256
 60
     0
 48
1.0
370
    -1
100
AcDbLine
 39
0.0
 10
25363.6457
 20
22248.3815
 30
0.0
 11
25363.519
 21
22245.7206
 31
0.0
  0
LINE
  5
117284
330
117257
100
AcDbEntity
  8
tefriş
  6
Continuous
 62
   256
 60
     0
 48
1.0
370
    -1
100
AcDbLine
 39
0.0
 10
25363.519
 20
22245.7206
 30
0.0
 11
25374.099
 21
22235.1407
 31
0.0
  0
ARC
  5
117285
330
117257
100
AcDbEntity
  8
tefriş
  6
Continuous
 62
   256
 60
     0
 48
1.0
370
    -1
100
AcDbCircle
 39
0.0
 10
25820.1792
 20
22642.0677
 30
0.0
 40
619.4279
100
AcDbArc
 50
220.4288
 51
225.0
  0
LINE
  5
117286
330
117257
100
AcDbEntity
  8
tefriş
  6
Continuous
 62
   256
 60
     0
 48
1.0
370
    -1
100
AcDbLine
 39
0.0
 10
25438.5409
 20
22226.7704
 30
0.0
 11
25441.0722
 21
22231.4366
 31
0.0
  0
LINE
  5
117287
330
117257
100
AcDbEntity
  8
tefriş
  6
Continuous
 62
   256
 60
     0
 48
1.0
370
    -1
100
AcDbLine
 39
0.0
 10
25441.0722
 20
22231.4366
 30
0.0
 11
25442.5256
 21
22239.0101
 31
0.0
  0
LINE
  5
117288
330
117257
100
AcDbEntity
  8
tefriş
  6
Continuous
 62
   256
 60
     0
 48
1.0
370
    -1
100
AcDbLine
 39
0.0
 10
25442.5256
 20
22239.0101
 30
0.0
 11
25442.0453
 21
22246.2605
 31
0.0
  0
LINE
  5
117289
330
117257
100
AcDbEntity
  8
tefriş
  6
Continuous
 62
   256
 60
     0
 48
1.0
370
    -1
100
AcDbLine
 39
0.0
 10
25442.0453
 20
22246.2605
 30
0.0
 11
25441.0786
 21
22246.2601
 31
0.0
  0
LINE
  5
11728A
330
117257
100
AcDbEntity
  8
tefriş
  6
Continuous
 62
   256
 60
     0
 48
1.0
370
    -1
100
AcDbLine
 39
0.0
 10
25441.0786
 20
22246.2601
 30
0.0
 11
25440.7552
 21
22243.682
 31
0.0
  0
LINE
  5
11728B
330
117257
100
AcDbEntity
  8
tefriş
  6
Continuous
 62
   256
 60
     0
 48
1.0
370
    -1
100
AcDbLine
 39
0.0
 10
25440.7552
 20
22243.682
 30
0.0
 11
25440.1111
 21
22244.6485
 31
0.0
  0
LINE
  5
11728C
330
117257
100
AcDbEntity
  8
tefriş
  6
Continuous
 62
   256
 60
     0
 48
1.0
370
    -1
100
AcDbLine
 39
0.0
 10
25440.1111
 20
22244.6485
 30
0.0
 11
25439.6266
 21
22241.9091
 31
0.0
  0
LINE
  5
11728D
330
117257
100
AcDbEntity
  8
tefriş
  6
Continuous
 62
   256
 60
     0
 48
1.0
370
    -1
100
AcDbLine
 39
0.0
 10
25439.6266
 20
22241.9091
 30
0.0
 11
25438.1743
 21
22236.9136
 31
0.0
  0
LINE
  5
11728E
330
117257
100
AcDbEntity
  8
tefriş
  6
Continuous
 62
   256
 60
     0
 48
1.0
370
    -1
100
AcDbLine
 39
0.0
 10
25438.1743
 20
22236.9136
 30
0.0
 11
25437.0454
 21
22234.4963
 31
0.0
  0
LINE
  5
11728F
330
117257
100
AcDbEntity
  8
tefriş
  6
Continuous
 62
   256
 60
     0
 48
1.0
370
    -1
100
AcDbLine
 39
0.0
 10
25437.0454
 20
22234.4963
 30
0.0
 11
25436.2393
 21
22233.3681
 31
0.0
  0
LINE
  5
117290
330
117257
100
AcDbEntity
  8
tefriş
  6
Continuous
 62
   256
 60
     0
 48
1.0
370
    -1
100
AcDbLine
 39
0.0
 10
25436.2393
 20
22233.3681
 30
0.0
 11
25435.2716
 21
22231.1119
 31
0.0
  0
LINE
  5
117291
330
117257
100
AcDbEntity
  8
tefriş
  6
Continuous
 62
   256
 60
     0
 48
1.0
370
    -1
100
AcDbLine
 39
0.0
 10
25435.2716
 20
22231.1119
 30
0.0
 11
25434.7874
 21
22229.3393
 31
0.0
  0
LINE
  5
117292
330
117257
100
AcDbEntity
  8
tefriş
  6
Continuous
 62
   256
 60
     0
 48
1.0
370
    -1
100
AcDbLine
 39
0.0
 10
25434.7874
 20
22229.3393
 30
0.0
 11
25433.1763
 21
22229.6609
 31
0.0
  0
LINE
  5
117293
330
117257
100
AcDbEntity
  8
tefriş
  6
Continuous
 62
   256
 60
     0
 48
1.0
370
    -1
100
AcDbLine
 39
0.0
 10
25432.3854
 20
22263.9801
 30
0.0
 11
25423.1965
 21
22252.8586
 31
0.0
  0
LINE
  5
117294
330
117257
100
AcDbEntity
  8
tefriş
  6
Continuous
 62
   256
 60
     0
 48
1.0
370
    -1
100
AcDbLine
 39
0.0
 10
25433.1763
 20
22229.6609
 30
0.0
 11
25432.3698
 21
22227.5659
 31
0.0
  0
LINE
  5
117295
330
117257
100
AcDbEntity
  8
tefriş
  6
Continuous
 62
   256
 60
     0
 48
1.0
370
    -1
100
AcDbLine
 39
0.0
 10
25432.3698
 20
22227.5659
 30
0.0
 11
25432.0466
 21
22225.31
 31
0.0
  0
LINE
  5
117296
330
117257
100
AcDbEntity
  8
tefriş
  6
Continuous
 62
   256
 60
     0
 48
1.0
370
    -1
100
AcDbLine
 39
0.0
 10
25432.0466
 20
22225.31
 30
0.0
 11
25430.5961
 21
22224.5038
 31
0.0
  0
LINE
  5
117297
330
117257
100
AcDbEntity
  8
tefriş
  6
Continuous
 62
   256
 60
     0
 48
1.0
370
    -1
100
AcDbLine
 39
0.0
 10
25430.5961
 20
22224.5038
 30
0.0
 11
25428.1778
 21
22221.1191
 31
0.0
  0
LINE
  5
117298
330
117257
100
AcDbEntity
  8
tefriş
  6
Continuous
 62
   256
 60
     0
 48
1.0
370
    -1
100
AcDbLine
 39
0.0
 10
25428.1778
 20
22221.1191
 30
0.0
 11
25424.7908
 21
22213.2226
 31
0.0
  0
LINE
  5
117299
330
117257
100
AcDbEntity
  8
tefriş
  6
Continuous
 62
   256
 60
     0
 48
1.0
370
    -1
100
AcDbLine
 39
0.0
 10
25424.7908
 20
22213.2226
 30
0.0
 11
25421.9954
 21
22209.9883
 31
0.0
  0
LINE
  5
11729A
330
117257
100
AcDbEntity
  8
tefriş
  6
Continuous
 62
   256
 60
     0
 48
1.0
370
    -1
100
AcDbLine
 39
0.0
 10
25421.9954
 20
22209.9883
 30
0.0
 11
25419.6325
 21
22207.7421
 31
0.0
  0
LINE
  5
11729B
330
117257
100
AcDbEntity
  8
tefriş
  6
Continuous
 62
   256
 60
     0
 48
1.0
370
    -1
100
AcDbLine
 39
0.0
 10
25419.6325
 20
22207.7421
 30
0.0
 11
25416.4616
 21
22210.3091
 31
0.0
  0
LINE
  5
11729C
330
117257
100
AcDbEntity
  8
tefriş
  6
Continuous
 62
   256
 60
     0
 48
1.0
370
    -1
100
AcDbLine
 39
0.0
 10
25416.4616
 20
22210.3091
 30
0.0
 11
25416.1242
 21
22213.253
 31
0.0
  0
LINE
  5
11729D
330
117257
100
AcDbEntity
  8
tefriş
  6
Continuous
 62
   256
 60
     0
 48
1.0
370
    -1
100
AcDbLine
 39
0.0
 10
25416.1242
 20
22213.253
 30
0.0
 11
25415.2862
 21
22217.2466
 31
0.0
  0
LINE
  5
11729E
330
117257
100
AcDbEntity
  8
tefriş
  6
Continuous
 62
   256
 60
     0
 48
1.0
370
    -1
100
AcDbLine
 39
0.0
 10
25415.2862
 20
22217.2466
 30
0.0
 11
25415.1257
 21
22218.6967
 31
0.0
  0
LINE
  5
11729F
330
117257
100
AcDbEntity
  8
tefriş
  6
Continuous
 62
   256
 60
     0
 48
1.0
370
    -1
100
AcDbLine
 39
0.0
 10
25415.1257
 20
22218.6967
 30
0.0
 11
25416.7365
 21
22217.7306
 31
0.0
  0
LINE
  5
1172A0
330
117257
100
AcDbEntity
  8
tefriş
  6
Continuous
 62
   256
 60
     0
 48
1.0
370
    -1
100
AcDbLine
 39
0.0
 10
25416.7365
 20
22217.7306
 30
0.0
 11
25419.1545
 21
22220.4708
 31
0.0
  0
LINE
  5
1172A1
330
117257
100
AcDbEntity
  8
tefriş
  6
Continuous
 62
   256
 60
     0
 48
1.0
370
    -1
100
AcDbLine
 39
0.0
 10
25419.1545
 20
22220.4708
 30
0.0
 11
25423.0239
 21
22225.9507
 31
0.0
  0
LINE
  5
1172A2
330
117257
100
AcDbEntity
  8
tefriş
  6
Continuous
 62
   256
 60
     0
 48
1.0
370
    -1
100
AcDbLine
 39
0.0
 10
25423.0239
 20
22225.9507
 30
0.0
 11
25438.0178
 21
22247.7089
 31
0.0
  0
LINE
  5
1172A3
330
117257
100
AcDbEntity
  8
tefriş
  6
Continuous
 62
   256
 60
     0
 48
1.0
370
    -1
100
AcDbLine
 39
0.0
 10
25438.0178
 20
22247.7089
 30
0.0
 11
25442.211
 21
22257.056
 31
0.0
  0
LINE
  5
1172A4
330
117257
100
AcDbEntity
  8
tefriş
  6
Continuous
 62
   256
 60
     0
 48
1.0
370
    -1
100
AcDbLine
 39
0.0
 10
25442.211
 20
22257.056
 30
0.0
 11
25445.9206
 21
22265.5972
 31
0.0
  0
LINE
  5
1172A5
330
117257
100
AcDbEntity
  8
tefriş
  6
Continuous
 62
   256
 60
     0
 48
1.0
370
    -1
100
AcDbLine
 39
0.0
 10
25445.9206
 20
22265.5972
 30
0.0
 11
25451.7256
 21
22276.2339
 31
0.0
  0
LINE
  5
1172A6
330
117257
100
AcDbEntity
  8
tefriş
  6
Continuous
 62
   256
 60
     0
 48
1.0
370
    -1
100
AcDbLine
 39
0.0
 10
25451.7256
 20
22276.2339
 30
0.0
 11
25450.6003
 21
22282.195
 31
0.0
  0
LINE
  5
1172A7
330
117257
100
AcDbEntity
  8
tefriş
  6
Continuous
 62
   256
 60
     0
 48
1.0
370
    -1
100
AcDbLine
 39
0.0
 10
25450.6003
 20
22282.195
 30
0.0
 11
25451.7307
 21
22288.1571
 31
0.0
  0
LINE
  5
1172A8
330
117257
100
AcDbEntity
  8
tefriş
  6
Continuous
 62
   256
 60
     0
 48
1.0
370
    -1
100
AcDbLine
 39
0.0
 10
25451.7307
 20
22288.1571
 30
0.0
 11
25453.6653
 21
22290.736
 31
0.0
  0
LINE
  5
1172A9
330
117257
100
AcDbEntity
  8
tefriş
  6
Continuous
 62
   256
 60
     0
 48
1.0
370
    -1
100
AcDbLine
 39
0.0
 10
25453.6653
 20
22290.736
 30
0.0
 11
25459.5262
 21
22300.0039
 31
0.0
  0
LINE
  5
1172AA
330
117257
100
AcDbEntity
  8
tefriş
  6
Continuous
 62
   256
 60
     0
 48
1.0
370
    -1
100
AcDbLine
 39
0.0
 10
25459.5262
 20
22300.0039
 30
0.0
 11
25458.9881
 21
22304.1116
 31
0.0
  0
LINE
  5
1172AB
330
117257
100
AcDbEntity
  8
tefriş
  6
Continuous
 62
   256
 60
     0
 48
1.0
370
    -1
100
AcDbLine
 39
0.0
 10
25458.9881
 20
22304.1116
 30
0.0
 11
25456.25
 21
22306.5273
 31
0.0
  0
LINE
  5
1172AC
330
117257
100
AcDbEntity
  8
tefriş
  6
Continuous
 62
   256
 60
     0
 48
1.0
370
    -1
100
AcDbLine
 39
0.0
 10
25456.25
 20
22306.5273
 30
0.0
 11
25452.8658
 21
22305.0757
 31
0.0
  0
LINE
  5
1172AD
330
117257
100
AcDbEntity
  8
tefriş
  6
Continuous
 62
   256
 60
     0
 48
1.0
370
    -1
100
AcDbLine
 39
0.0
 10
25452.8658
 20
22305.0757
 30
0.0
 11
25448.8357
 21
22300.4014
 31
0.0
  0
LINE
  5
1172AE
330
117257
100
AcDbEntity
  8
tefriş
  6
Continuous
 62
   256
 60
     0
 48
1.0
370
    -1
100
AcDbLine
 39
0.0
 10
25448.8357
 20
22300.4014
 30
0.0
 11
25447.8667
 21
22295.245
 31
0.0
  0
LINE
  5
1172AF
330
117257
100
AcDbEntity
  8
tefriş
  6
Continuous
 62
   256
 60
     0
 48
1.0
370
    -1
100
AcDbLine
 39
0.0
 10
25447.8667
 20
22295.245
 30
0.0
 11
25445.2868
 21
22290.7324
 31
0.0
  0
LINE
  5
1172B0
330
117257
100
AcDbEntity
  8
tefriş
  6
Continuous
 62
   256
 60
     0
 48
1.0
370
    -1
100
AcDbLine
 39
0.0
 10
25445.2868
 20
22290.7324
 30
0.0
 11
25443.9978
 21
22290.7318
 31
0.0
  0
LINE
  5
1172B1
330
117257
100
AcDbEntity
  8
tefriş
  6
Continuous
 62
   256
 60
     0
 48
1.0
370
    -1
100
AcDbLine
 39
0.0
 10
25443.9978
 20
22290.7318
 30
0.0
 11
25442.0627
 21
22286.864
 31
0.0
  0
LINE
  5
1172B2
330
117257
100
AcDbEntity
  8
tefriş
  6
Continuous
 62
   256
 60
     0
 48
1.0
370
    -1
100
AcDbLine
 39
0.0
 10
25442.0627
 20
22286.864
 30
0.0
 11
25441.9001
 21
22283.4803
 31
0.0
  0
LINE
  5
1172B3
330
117257
100
AcDbEntity
  8
tefriş
  6
Continuous
 62
   256
 60
     0
 48
1.0
370
    -1
100
AcDbLine
 39
0.0
 10
25441.9001
 20
22283.4803
 30
0.0
 11
25443.5106
 21
22281.8698
 31
0.0
  0
LINE
  5
1172B4
330
117257
100
AcDbEntity
  8
tefriş
  6
Continuous
 62
   256
 60
     0
 48
1.0
370
    -1
100
AcDbLine
 39
0.0
 10
25443.5106
 20
22281.8698
 30
0.0
 11
25440.9306
 21
22277.0349
 31
0.0
  0
LINE
  5
1172B5
330
117257
100
AcDbEntity
  8
tefriş
  6
Continuous
 62
   256
 60
     0
 48
1.0
370
    -1
100
AcDbLine
 39
0.0
 10
25440.9306
 20
22277.0349
 30
0.0
 11
25432.3854
 21
22263.9801
 31
0.0
  0
LINE
  5
1172B6
330
117257
100
AcDbEntity
  8
tefriş
  6
Continuous
 62
   256
 60
     0
 48
1.0
370
    -1
100
AcDbLine
 39
0.0
 10
25434.5326
 20
22267.2605
 30
0.0
 11
25425.2609
 21
22262.3047
 31
0.0
  0
LINE
  5
1172B7
330
117257
100
AcDbEntity
  8
tefriş
  6
Continuous
 62
   256
 60
     0
 48
1.0
370
    -1
100
AcDbLine
 39
0.0
 10
25425.2609
 20
22262.3047
 30
0.0
 11
25407.8931
 21
22254.0839
 31
0.0
  0
LINE
  5
1172B8
330
117257
100
AcDbEntity
  8
tefriş
  6
Continuous
 62
   256
 60
     0
 48
1.0
370
    -1
100
AcDbLine
 39
0.0
 10
25407.8931
 20
22254.0839
 30
0.0
 11
25395.3176
 21
22242.6958
 31
0.0
  0
LINE
  5
1172B9
330
117257
100
AcDbEntity
  8
tefriş
  6
Continuous
 62
   256
 60
     0
 48
1.0
370
    -1
100
AcDbLine
 39
0.0
 10
25395.3176
 20
22242.6958
 30
0.0
 11
25392.9009
 21
22243.1782
 31
0.0
  0
LINE
  5
1172BA
330
117257
100
AcDbEntity
  8
tefriş
  6
Continuous
 62
   256
 60
     0
 48
1.0
370
    -1
100
AcDbLine
 39
0.0
 10
25392.9009
 20
22243.1782
 30
0.0
 11
25391.7742
 21
22245.9168
 31
0.0
  0
LINE
  5
1172BB
330
117257
100
AcDbEntity
  8
tefriş
  6
Continuous
 62
   256
 60
     0
 48
1.0
370
    -1
100
AcDbLine
 39
0.0
 10
25391.7742
 20
22245.9168
 30
0.0
 11
25398.705
 21
22251.5591
 31
0.0
  0
LINE
  5
1172BC
330
117257
100
AcDbEntity
  8
tefriş
  6
Continuous
 62
   256
 60
     0
 48
1.0
370
    -1
100
AcDbLine
 39
0.0
 10
25398.705
 20
22251.5591
 30
0.0
 11
25409.02
 21
22258.653
 31
0.0
  0
LINE
  5
1172BD
330
117257
100
AcDbEntity
  8
tefriş
  6
Continuous
 62
   256
 60
     0
 48
1.0
370
    -1
100
AcDbLine
 39
0.0
 10
25409.02
 20
22258.653
 30
0.0
 11
25409.3022
 21
22259.0964
 31
0.0
  0
LINE
  5
1172BE
330
117257
100
AcDbEntity
  8
tefriş
  6
Continuous
 62
   256
 60
     0
 48
1.0
370
    -1
100
AcDbLine
 39
0.0
 10
25409.3022
 20
22259.0964
 30
0.0
 11
25410.1486
 21
22260.4259
 31
0.0
  0
LINE
  5
1172BF
330
117257
100
AcDbEntity
  8
tefriş
  6
Continuous
 62
   256
 60
     0
 48
1.0
370
    -1
100
AcDbLine
 39
0.0
 10
25410.1486
 20
22260.4259
 30
0.0
 11
25413.3704
 21
22258.816
 31
0.0
  0
LINE
  5
1172C0
330
117257
100
AcDbEntity
  8
tefriş
  6
Continuous
 62
   256
 60
     0
 48
1.0
370
    -1
100
AcDbLine
 39
0.0
 10
25413.3704
 20
22258.816
 30
0.0
 11
25418.8495
 21
22260.7519
 31
0.0
  0
LINE
  5
1172C1
330
117257
100
AcDbEntity
  8
tefriş
  6
Continuous
 62
   256
 60
     0
 48
1.0
370
    -1
100
AcDbLine
 39
0.0
 10
25418.8495
 20
22260.7519
 30
0.0
 11
25419.8167
 21
22261.719
 31
0.0
  0
LINE
  5
1172C2
330
117257
100
AcDbEntity
  8
tefriş
  6
Continuous
 62
   256
 60
     0
 48
1.0
370
    -1
100
AcDbLine
 39
0.0
 10
25419.8167
 20
22261.719
 30
0.0
 11
25419.4947
 21
22262.3634
 31
0.0
  0
LINE
  5
1172C3
330
117257
100
AcDbEntity
  8
tefriş
  6
Continuous
 62
   256
 60
     0
 48
1.0
370
    -1
100
AcDbLine
 39
0.0
 10
25419.4947
 20
22262.3634
 30
0.0
 11
25415.9499
 21
22262.3619
 31
0.0
  0
LINE
  5
1172C4
330
117257
100
AcDbEntity
  8
tefriş
  6
Continuous
 62
   256
 60
     0
 48
1.0
370
    -1
100
AcDbLine
 39
0.0
 10
25415.9499
 20
22262.3619
 30
0.0
 11
25415.3057
 21
22263.0061
 31
0.0
  0
LINE
  5
1172C5
330
117257
100
AcDbEntity
  8
tefriş
  6
Continuous
 62
   256
 60
     0
 48
1.0
370
    -1
100
AcDbLine
 39
0.0
 10
25415.3057
 20
22263.0061
 30
0.0
 11
25423.2033
 21
22268.6488
 31
0.0
  0
LINE
  5
1172C6
330
117257
100
AcDbEntity
  8
tefriş
  6
Continuous
 62
   256
 60
     0
 48
1.0
370
    -1
100
AcDbLine
 39
0.0
 10
25423.2033
 20
22268.6488
 30
0.0
 11
25422.2369
 21
22269.6152
 31
0.0
  0
LINE
  5
1172C7
330
117257
100
AcDbEntity
  8
tefriş
  6
Continuous
 62
   256
 60
     0
 48
1.0
370
    -1
100
AcDbLine
 39
0.0
 10
25422.2369
 20
22269.6152
 30
0.0
 11
25423.3657
 21
22271.7103
 31
0.0
  0
LINE
  5
1172C8
330
117257
100
AcDbEntity
  8
tefriş
  6
Continuous
 62
   256
 60
     0
 48
1.0
370
    -1
100
AcDbLine
 39
0.0
 10
25423.3657
 20
22271.7103
 30
0.0
 11
25422.5601
 21
22271.8711
 31
0.0
  0
LINE
  5
1172C9
330
117257
100
AcDbEntity
  8
tefriş
  6
Continuous
 62
   256
 60
     0
 48
1.0
370
    -1
100
AcDbLine
 39
0.0
 10
25422.5601
 20
22271.8711
 30
0.0
 11
25420.9489
 21
22271.8704
 31
0.0
  0
LINE
  5
1172CA
330
117257
100
AcDbEntity
  8
tefriş
  6
Continuous
 62
   256
 60
     0
 48
1.0
370
    -1
100
AcDbLine
 39
0.0
 10
25420.9489
 20
22271.8704
 30
0.0
 11
25419.8214
 21
22272.6755
 31
0.0
  0
LINE
  5
1172CB
330
117257
100
AcDbEntity
  8
tefriş
  6
Continuous
 62
   256
 60
     0
 48
1.0
370
    -1
100
AcDbLine
 39
0.0
 10
25419.8214
 20
22272.6755
 30
0.0
 11
25418.8546
 21
22272.6751
 31
0.0
  0
LINE
  5
1172CC
330
117257
100
AcDbEntity
  8
tefriş
  6
Continuous
 62
   256
 60
     0
 48
1.0
370
    -1
100
AcDbLine
 39
0.0
 10
25418.8546
 20
22272.6751
 30
0.0
 11
25417.0827
 21
22273.8022
 31
0.0
  0
LINE
  5
1172CD
330
117257
100
AcDbEntity
  8
tefriş
  6
Continuous
 62
   256
 60
     0
 48
1.0
370
    -1
100
AcDbLine
 39
0.0
 10
25417.0827
 20
22273.8022
 30
0.0
 11
25412.5696
 21
22269.9333
 31
0.0
  0
LINE
  5
1172CE
330
117257
100
AcDbEntity
  8
tefriş
  6
Continuous
 62
   256
 60
     0
 48
1.0
370
    -1
100
AcDbLine
 39
0.0
 10
25412.5696
 20
22269.9333
 30
0.0
 11
25407.2503
 21
22264.9361
 31
0.0
  0
LINE
  5
1172CF
330
117257
100
AcDbEntity
  8
tefriş
  6
Continuous
 62
   256
 60
     0
 48
1.0
370
    -1
100
AcDbLine
 39
0.0
 10
25407.2503
 20
22264.9361
 30
0.0
 11
25405.9046
 21
22265.201
 31
0.0
  0
LINE
  5
1172D0
330
117257
100
AcDbEntity
  8
tefriş
  6
Continuous
 62
   256
 60
     0
 48
1.0
370
    -1
100
AcDbLine
 39
0.0
 10
25449.4979
 20
22272.1521
 30
0.0
 11
25449.599
 21
22272.1843
 31
0.0
  0
LINE
  5
1172D1
330
117257
100
AcDbEntity
  8
tefriş
  6
Continuous
 62
   256
 60
     0
 48
1.0
370
    -1
100
AcDbLine
 39
0.0
 10
25449.599
 20
22272.1843
 30
0.0
 11
25453.9773
 21
22273.4468
 31
0.0
  0
LINE
  5
1172D2
330
117257
100
AcDbEntity
  8
tefriş
  6
Continuous
 62
   256
 60
     0
 48
1.0
370
    -1
100
AcDbLine
 39
0.0
 10
25453.9773
 20
22273.4468
 30
0.0
 11
25455.9954
 21
22271.7045
 31
0.0
  0
LINE
  5
1172D3
330
117257
100
AcDbEntity
  8
tefriş
  6
Continuous
 62
   256
 60
     0
 48
1.0
370
    -1
100
AcDbLine
 39
0.0
 10
25455.9954
 20
22271.7045
 30
0.0
 11
25456.787
 21
22269.9404
 31
0.0
  0
LINE
  5
1172D4
330
117257
100
AcDbEntity
  8
tefriş
  6
Continuous
 62
   256
 60
     0
 48
1.0
370
    -1
100
AcDbLine
 39
0.0
 10
25456.787
 20
22269.9404
 30
0.0
 11
25455.4104
 21
22266.3178
 31
0.0
  0
LINE
  5
1172D5
330
117257
100
AcDbEntity
  8
tefriş
  6
Continuous
 62
   256
 60
     0
 48
1.0
370
    -1
100
AcDbLine
 39
0.0
 10
25455.4104
 20
22266.3178
 30
0.0
 11
25450.0303
 21
22261.7779
 31
0.0
  0
LINE
  5
1172D6
330
117257
100
AcDbEntity
  8
tefriş
  6
Continuous
 62
   256
 60
     0
 48
1.0
370
    -1
100
AcDbLine
 39
0.0
 10
25450.0303
 20
22261.7779
 30
0.0
 11
25444.6083
 21
22259.6926
 31
0.0
  0
LINE
  5
1172D7
330
117257
100
AcDbEntity
  8
tefriş
  6
Continuous
 62
   256
 60
     0
 48
1.0
370
    -1
100
AcDbLine
 39
0.0
 10
25444.6083
 20
22259.6926
 30
0.0
 11
25442.8637
 21
22258.5587
 31
0.0
  0
LINE
  5
1172D8
330
117257
100
AcDbEntity
  8
tefriş
  6
Continuous
 62
   256
 60
     0
 48
1.0
370
    -1
100
AcDbLine
 39
0.0
 10
25450.7236
 20
22273.2201
 30
0.0
 11
25461.5348
 21
22281.7928
 31
0.0
  0
LINE
  5
1172D9
330
117257
100
AcDbEntity
  8
tefriş
  6
Continuous
 62
   256
 60
     0
 48
1.0
370
    -1
100
AcDbLine
 39
0.0
 10
25461.5348
 20
22281.7928
 30
0.0
 11
25466.4918
 21
22281.3723
 31
0.0
  0
LINE
  5
1172DA
330
117257
100
AcDbEntity
  8
tefriş
  6
Continuous
 62
   256
 60
     0
 48
1.0
370
    -1
100
AcDbLine
 39
0.0
 10
25466.4918
 20
22281.3723
 30
0.0
 11
25468.8757
 21
22278.0277
 31
0.0
  0
LINE
  5
1172DB
330
117257
100
AcDbEntity
  8
tefriş
  6
Continuous
 62
   256
 60
     0
 48
1.0
370
    -1
100
AcDbLine
 39
0.0
 10
25468.8757
 20
22278.0277
 30
0.0
 11
25468.2188
 21
22274.3754
 31
0.0
  0
LINE
  5
1172DC
330
117257
100
AcDbEntity
  8
tefriş
  6
Continuous
 62
   256
 60
     0
 48
1.0
370
    -1
100
AcDbLine
 39
0.0
 10
25468.2188
 20
22274.3754
 30
0.0
 11
25464.2872
 21
22271.7237
 31
0.0
  0
LINE
  5
1172DD
330
117257
100
AcDbEntity
  8
tefriş
  6
Continuous
 62
   256
 60
     0
 48
1.0
370
    -1
100
AcDbLine
 39
0.0
 10
25464.2872
 20
22271.7237
 30
0.0
 11
25458.7842
 21
22269.4253
 31
0.0
  0
LINE
  5
1172DE
330
117257
100
AcDbEntity
  8
tefriş
  6
Continuous
 62
   256
 60
     0
 48
1.0
370
    -1
100
AcDbLine
 39
0.0
 10
25458.7842
 20
22269.4253
 30
0.0
 11
25456.2711
 21
22267.9417
 31
0.0
  0
LINE
  5
1172DF
330
117257
100
AcDbEntity
  8
tefriş
  6
Continuous
 62
   256
 60
     0
 48
1.0
370
    -1
100
AcDbLine
 39
0.0
 10
25452.3756
 20
22289.1242
 30
0.0
 11
25449.3143
 21
22289.284
 31
0.0
  0
LINE
  5
1172E0
330
117257
100
AcDbEntity
  8
tefriş
  6
Continuous
 62
   256
 60
     0
 48
1.0
370
    -1
100
AcDbLine
 39
0.0
 10
25449.3143
 20
22289.284
 30
0.0
 11
25446.7358
 21
22287.9939
 31
0.0
  0
LINE
  5
1172E1
330
117257
100
AcDbEntity
  8
tefriş
  6
Continuous
 62
   256
 60
     0
 48
1.0
370
    -1
100
AcDbLine
 39
0.0
 10
25446.7358
 20
22287.9939
 30
0.0
 11
25445.4461
 21
22286.3821
 31
0.0
  0
LINE
  5
1172E2
330
117257
100
AcDbEntity
  8
tefriş
  6
Continuous
 62
   256
 60
     0
 48
1.0
370
    -1
100
AcDbLine
 39
0.0
 10
25445.4461
 20
22286.3821
 30
0.0
 11
25445.123
 21
22284.4484
 31
0.0
  0
LINE
  5
1172E3
330
117257
100
AcDbEntity
  8
tefriş
  6
Continuous
 62
   256
 60
     0
 48
1.0
370
    -1
100
AcDbLine
 39
0.0
 10
25449.1505
 20
22283.0
 30
0.0
 11
25446.2502
 21
22282.9988
 31
0.0
  0
LINE
  5
1172E4
330
117257
100
AcDbEntity
  8
tefriş
  6
Continuous
 62
   256
 60
     0
 48
1.0
370
    -1
100
AcDbLine
 39
0.0
 10
25446.2502
 20
22282.9988
 30
0.0
 11
25444.3163
 21
22282.0312
 31
0.0
  0
LINE
  5
1172E5
330
117257
100
AcDbEntity
  8
tefriş
  6
Continuous
 62
   256
 60
     0
 48
1.0
370
    -1
100
AcDbLine
 39
0.0
 10
25394.2482
 20
22208.5982
 30
0.0
 11
25394.5259
 21
22208.3551
 31
0.0
  0
LINE
  5
1172E6
330
117257
100
AcDbEntity
  8
tefriş
  6
Continuous
 62
   256
 60
     0
 48
1.0
370
    -1
100
AcDbLine
 39
0.0
 10
25394.5259
 20
22208.3551
 30
0.0
 11
25399.1465
 21
22204.2075
 31
0.0
  0
LINE
  5
1172E7
330
117257
100
AcDbEntity
  8
tefriş
  6
Continuous
 62
   256
 60
     0
 48
1.0
370
    -1
100
AcDbLine
 39
0.0
 10
25399.1465
 20
22204.2075
 30
0.0
 11
25404.4757
 21
22201.7164
 31
0.0
  0
LINE
  5
1172E8
330
117257
100
AcDbEntity
  8
tefriş
  6
Continuous
 62
   256
 60
     0
 48
1.0
370
    -1
100
AcDbLine
 39
0.0
 10
25404.4757
 20
22201.7164
 30
0.0
 11
25412.3778
 21
22198.2326
 31
0.0
  0
LINE
  5
1172E9
330
117257
100
AcDbEntity
  8
tefriş
  6
Continuous
 62
   256
 60
     0
 48
1.0
370
    -1
100
AcDbLine
 39
0.0
 10
25412.3778
 20
22198.2326
 30
0.0
 11
25422.3669
 21
22196.6257
 31
0.0
  0
LINE
  5
1172EA
330
117257
100
AcDbEntity
  8
tefriş
  6
Continuous
 62
   256
 60
     0
 48
1.0
370
    -1
100
AcDbLine
 39
0.0
 10
25422.3669
 20
22196.6257
 30
0.0
 11
25426.234
 21
22196.9496
 31
0.0
  0
LINE
  5
1172EB
330
117257
100
AcDbEntity
  8
tefriş
  6
Continuous
 62
   256
 60
     0
 48
1.0
370
    -1
100
AcDbLine
 39
0.0
 10
25426.234
 20
22196.9496
 30
0.0
 11
25429.7801
 21
22200.1736
 31
0.0
  0
LINE
  5
1172EC
330
117257
100
AcDbEntity
  8
tefriş
  6
Continuous
 62
   256
 60
     0
 48
1.0
370
    -1
100
AcDbLine
 39
0.0
 10
25429.7801
 20
22200.1736
 30
0.0
 11
25433.3291
 21
22210.1648
 31
0.0
  0
LINE
  5
1172ED
330
117257
100
AcDbEntity
  8
tefriş
  6
Continuous
 62
   256
 60
     0
 48
1.0
370
    -1
100
AcDbLine
 39
0.0
 10
25433.3291
 20
22210.1648
 30
0.0
 11
25436.8772
 21
22217.9003
 31
0.0
  0
LINE
  5
1172EE
330
117257
100
AcDbEntity
  8
tefriş
  6
Continuous
 62
   256
 60
     0
 48
1.0
370
    -1
100
AcDbLine
 39
0.0
 10
25436.8772
 20
22217.9003
 30
0.0
 11
25437.8459
 21
22222.4123
 31
0.0
  0
LINE
  5
1172EF
330
117257
100
AcDbEntity
  8
tefriş
  6
Continuous
 62
   256
 60
     0
 48
1.0
370
    -1
100
AcDbLine
 39
0.0
 10
25437.8459
 20
22222.4123
 30
0.0
 11
25438.9753
 21
22226.1186
 31
0.0
  0
LINE
  5
1172F0
330
117257
100
AcDbEntity
  8
tefriş
  6
Continuous
 62
   256
 60
     0
 48
1.0
370
    -1
100
AcDbLine
 39
0.0
 10
25438.9753
 20
22226.1186
 30
0.0
 11
25438.3312
 21
22227.0851
 31
0.0
  0
LINE
  5
1172F1
330
117257
100
AcDbEntity
  8
tefriş
  6
Continuous
 62
   256
 60
     0
 48
1.0
370
    -1
100
AcDbLine
 39
0.0
 10
25405.9046
 20
22265.201
 30
0.0
 11
25401.9316
 21
22261.228
 31
0.0
  0
LINE
  5
1172F2
330
117257
100
AcDbEntity
  8
tefriş
  6
Continuous
 62
   256
 60
     0
 48
1.0
370
    -1
100
AcDbLine
 39
0.0
 10
25401.9316
 20
22261.228
 30
0.0
 11
25397.5806
 21
22259.776
 31
0.0
  0
LINE
  5
1172F3
330
117257
100
AcDbEntity
  8
tefriş
  6
Continuous
 62
   256
 60
     0
 48
1.0
370
    -1
100
AcDbLine
 39
0.0
 10
25397.5806
 20
22259.776
 30
0.0
 11
25385.9769
 21
22253.3261
 31
0.0
  0
LINE
  5
1172F4
330
117257
100
AcDbEntity
  8
tefriş
  6
Continuous
 62
   256
 60
     0
 48
1.0
370
    -1
100
AcDbLine
 39
0.0
 10
25385.9769
 20
22253.3261
 30
0.0
 11
25381.7862
 21
22250.1018
 31
0.0
  0
LINE
  5
1172F5
330
117257
100
AcDbEntity
  8
tefriş
  6
Continuous
 62
   256
 60
     0
 48
1.0
370
    -1
100
AcDbLine
 39
0.0
 10
25381.7862
 20
22250.1018
 30
0.0
 11
25378.2396
 21
22245.5888
 31
0.0
  0
LINE
  5
1172F6
330
117257
100
AcDbEntity
  8
tefriş
  6
Continuous
 62
   256
 60
     0
 48
1.0
370
    -1
100
AcDbLine
 39
0.0
 10
25378.2396
 20
22245.5888
 30
0.0
 11
25378.7352
 21
22242.6055
 31
0.0
  0
LINE
  5
1172F7
330
117257
100
AcDbEntity
  8
tefriş
  6
Continuous
 62
   256
 60
     0
 48
1.0
370
    -1
100
AcDbLine
 39
0.0
 10
25378.7352
 20
22242.6055
 30
0.0
 11
25379.0348
 21
22238.9754
 31
0.0
  0
LINE
  5
1172F8
330
117257
100
AcDbEntity
  8
tefriş
  6
Continuous
 62
   256
 60
     0
 48
1.0
370
    -1
100
AcDbLine
 39
0.0
 10
25379.0348
 20
22238.9754
 30
0.0
 11
25379.0402
 21
22233.827
 31
0.0
  0
LINE
  5
1172F9
330
117257
100
AcDbEntity
  8
tefriş
  6
Continuous
 62
   256
 60
     0
 48
1.0
370
    -1
100
AcDbLine
 39
0.0
 10
25379.0402
 20
22233.827
 30
0.0
 11
25379.9462
 21
22228.3743
 31
0.0
  0
LINE
  5
1172FA
330
117257
100
AcDbEntity
  8
tefriş
  6
Continuous
 62
   256
 60
     0
 48
1.0
370
    -1
100
AcDbLine
 39
0.0
 10
25379.9462
 20
22228.3743
 30
0.0
 11
25381.9656
 21
22221.3885
 31
0.0
  0
LINE
  5
1172FB
330
117257
100
AcDbEntity
  8
tefriş
  6
Continuous
 62
   256
 60
     0
 48
1.0
370
    -1
100
AcDbLine
 39
0.0
 10
25381.9656
 20
22221.3885
 30
0.0
 11
25383.7976
 21
22219.1177
 31
0.0
  0
LINE
  5
1172FC
330
117257
100
AcDbEntity
  8
tefriş
  6
Continuous
 62
   256
 60
     0
 48
1.0
370
    -1
100
AcDbLine
 39
0.0
 10
25403.5974
 20
22216.9514
 30
0.0
 11
25404.975
 21
22219.1757
 31
0.0
  0
LINE
  5
1172FD
330
117257
100
AcDbEntity
  8
tefriş
  6
Continuous
 62
   256
 60
     0
 48
1.0
370
    -1
100
AcDbLine
 39
0.0
 10
25404.975
 20
22219.1757
 30
0.0
 11
25405.9429
 21
22221.7541
 31
0.0
  0
LINE
  5
1172FE
330
117257
100
AcDbEntity
  8
tefriş
  6
Continuous
 62
   256
 60
     0
 48
1.0
370
    -1
100
AcDbLine
 39
0.0
 10
25405.9429
 20
22221.7541
 30
0.0
 11
25405.6217
 21
22224.332
 31
0.0
  0
LINE
  5
1172FF
330
117257
100
AcDbEntity
  8
tefriş
  6
Continuous
 62
   256
 60
     0
 48
1.0
370
    -1
100
AcDbLine
 39
0.0
 10
25405.6217
 20
22224.332
 30
0.0
 11
25404.2015
 21
22226.455
 31
0.0
  0
LINE
  5
117300
330
117257
100
AcDbEntity
  8
tefriş
  6
Continuous
 62
   256
 60
     0
 48
1.0
370
    -1
100
AcDbLine
 39
0.0
 10
25404.2015
 20
22226.455
 30
0.0
 11
25404.7325
 21
22228.6529
 31
0.0
  0
LINE
  5
117301
330
117257
100
AcDbEntity
  8
tefriş
  6
Continuous
 62
   256
 60
     0
 48
1.0
370
    -1
100
AcDbLine
 39
0.0
 10
25404.7325
 20
22228.6529
 30
0.0
 11
25403.8515
 21
22229.3261
 31
0.0
  0
LINE
  5
117302
330
117257
100
AcDbEntity
  8
tefriş
  6
Continuous
 62
   256
 60
     0
 48
1.0
370
    -1
100
AcDbLine
 39
0.0
 10
25403.8515
 20
22229.3261
 30
0.0
 11
25401.7662
 21
22228.5486
 31
0.0
  0
LINE
  5
117303
330
117257
100
AcDbEntity
  8
tefriş
  6
Continuous
 62
   256
 60
     0
 48
1.0
370
    -1
100
AcDbLine
 39
0.0
 10
25401.7662
 20
22228.5486
 30
0.0
 11
25399.6625
 21
22229.9688
 31
0.0
  0
LINE
  5
117304
330
117257
100
AcDbEntity
  8
tefriş
  6
Continuous
 62
   256
 60
     0
 48
1.0
370
    -1
100
AcDbLine
 39
0.0
 10
25399.6625
 20
22229.9688
 30
0.0
 11
25396.7625
 21
22230.6121
 31
0.0
  0
LINE
  5
117305
330
117257
100
AcDbEntity
  8
tefriş
  6
Continuous
 62
   256
 60
     0
 48
1.0
370
    -1
100
AcDbLine
 39
0.0
 10
25396.7625
 20
22230.6121
 30
0.0
 11
25392.6581
 21
22229.1795
 31
0.0
  0
LINE
  5
117306
330
117257
100
AcDbEntity
  8
tefriş
  6
Continuous
 62
   256
 60
     0
 48
1.0
370
    -1
100
AcDbLine
 39
0.0
 10
25398.318
 20
22229.8334
 30
0.0
 11
25400.9298
 21
22228.3106
 31
0.0
  0
LINE
  5
117307
330
117257
100
AcDbEntity
  8
tefriş
  6
Continuous
 62
   256
 60
     0
 48
1.0
370
    -1
100
AcDbLine
 39
0.0
 10
25404.4116
 20
22225.0466
 30
0.0
 11
25405.0639
 21
22223.0875
 31
0.0
  0
LINE
  5
117308
330
117257
100
AcDbEntity
  8
tefriş
  6
Continuous
 62
   256
 60
     0
 48
1.0
370
    -1
100
AcDbLine
 39
0.0
 10
25393.7859
 20
22229.5732
 30
0.0
 11
25392.6581
 21
22229.1795
 31
0.0
  0
LINE
  5
117309
330
117257
100
AcDbEntity
  8
tefriş
  6
Continuous
 62
   256
 60
     0
 48
1.0
370
    -1
100
AcDbLine
 39
0.0
 10
25392.6581
 20
22229.1795
 30
0.0
 11
25388.2206
 21
22225.2913
 31
0.0
  0
LINE
  5
11730A
330
117257
100
AcDbEntity
  8
tefriş
  6
Continuous
 62
   256
 60
     0
 48
1.0
370
    -1
100
AcDbLine
 39
0.0
 10
25388.2206
 20
22225.2913
 30
0.0
 11
25385.4807
 21
22223.5177
 31
0.0
  0
LINE
  5
11730B
330
117257
100
AcDbEntity
  8
tefriş
  6
Continuous
 62
   256
 60
     0
 48
1.0
370
    -1
100
AcDbLine
 39
0.0
 10
25385.4807
 20
22223.5177
 30
0.0
 11
25385.4803
 21
22222.551
 31
0.0
  0
LINE
  5
11730C
330
117257
100
AcDbEntity
  8
tefriş
  6
Continuous
 62
   256
 60
     0
 48
1.0
370
    -1
100
AcDbLine
 39
0.0
 10
25385.4803
 20
22222.551
 30
0.0
 11
25384.3517
 21
22220.7781
 31
0.0
  0
LINE
  5
11730D
330
117257
100
AcDbEntity
  8
tefriş
  6
Continuous
 62
   256
 60
     0
 48
1.0
370
    -1
100
AcDbLine
 39
0.0
 10
25384.3517
 20
22220.7781
 30
0.0
 11
25383.3837
 21
22217.8775
 31
0.0
  0
LINE
  5
11730E
330
117257
100
AcDbEntity
  8
tefriş
  6
Continuous
 62
   256
 60
     0
 48
1.0
370
    -1
100
AcDbLine
 39
0.0
 10
25383.3837
 20
22217.8775
 30
0.0
 11
25384.3489
 21
22214.3331
 31
0.0
  0
LINE
  5
11730F
330
117257
100
AcDbEntity
  8
tefriş
  6
Continuous
 62
   256
 60
     0
 48
1.0
370
    -1
100
AcDbLine
 39
0.0
 10
25384.3489
 20
22214.3331
 30
0.0
 11
25386.4423
 21
22211.2727
 31
0.0
  0
LINE
  5
117310
330
117257
100
AcDbEntity
  8
tefriş
  6
Continuous
 62
   256
 60
     0
 48
1.0
370
    -1
100
AcDbLine
 39
0.0
 10
25386.4423
 20
22211.2727
 30
0.0
 11
25389.8249
 21
22208.8572
 31
0.0
  0
LINE
  5
117311
330
117257
100
AcDbEntity
  8
tefriş
  6
Continuous
 62
   256
 60
     0
 48
1.0
370
    -1
100
AcDbLine
 39
0.0
 10
25389.8249
 20
22208.8572
 30
0.0
 11
25393.2081
 21
22208.0531
 31
0.0
  0
LINE
  5
117312
330
117257
100
AcDbEntity
  8
tefriş
  6
Continuous
 62
   256
 60
     0
 48
1.0
370
    -1
100
AcDbLine
 39
0.0
 10
25393.2081
 20
22208.0531
 30
0.0
 11
25396.5925
 21
22209.8269
 31
0.0
  0
LINE
  5
117313
330
117257
100
AcDbEntity
  8
tefriş
  6
Continuous
 62
   256
 60
     0
 48
1.0
370
    -1
100
AcDbLine
 39
0.0
 10
25396.5925
 20
22209.8269
 30
0.0
 11
25397.7207
 21
22210.633
 31
0.0
  0
LINE
  5
117314
330
117257
100
AcDbEntity
  8
tefriş
  6
Continuous
 62
   256
 60
     0
 48
1.0
370
    -1
100
AcDbLine
 39
0.0
 10
25397.7207
 20
22210.633
 30
0.0
 11
25398.0428
 21
22210.3109
 31
0.0
  0
LINE
  5
117315
330
117257
100
AcDbEntity
  8
tefriş
  6
Continuous
 62
   256
 60
     0
 48
1.0
370
    -1
100
AcDbLine
 39
0.0
 10
25398.0428
 20
22210.3109
 30
0.0
 11
25400.2997
 21
22212.8898
 31
0.0
  0
LINE
  5
117316
330
117257
100
AcDbEntity
  8
tefriş
  6
Continuous
 62
   256
 60
     0
 48
1.0
370
    -1
100
AcDbLine
 39
0.0
 10
25400.2997
 20
22212.8898
 30
0.0
 11
25402.8789
 21
22215.7912
 31
0.0
  0
LINE
  5
117317
330
117257
100
AcDbEntity
  8
tefriş
  6
Continuous
 62
   256
 60
     0
 48
1.0
370
    -1
100
AcDbLine
 39
0.0
 10
25402.8789
 20
22215.7912
 30
0.0
 11
25403.5974
 21
22216.9514
 31
0.0
  0
LINE
  5
117318
330
117257
100
AcDbEntity
  8
tefriş
  6
Continuous
 62
   256
 60
     0
 48
1.0
370
    -1
100
AcDbLine
 39
0.0
 10
25393.7859
 20
22229.5732
 30
0.0
 11
25396.3311
 21
22229.1251
 31
0.0
  0
LINE
  5
117319
330
117257
100
AcDbEntity
  8
tefriş
  6
Continuous
 62
   256
 60
     0
 48
1.0
370
    -1
100
AcDbLine
 39
0.0
 10
25396.3311
 20
22229.1251
 30
0.0
 11
25394.6972
 21
22226.4031
 31
0.0
  0
LINE
  5
11731A
330
117257
100
AcDbEntity
  8
tefriş
  6
Continuous
 62
   256
 60
     0
 48
1.0
370
    -1
100
AcDbLine
 39
0.0
 10
25394.6972
 20
22226.4031
 30
0.0
 11
25397.2832
 21
22228.173
 31
0.0
  0
LINE
  5
11731B
330
117257
100
AcDbEntity
  8
tefriş
  6
Continuous
 62
   256
 60
     0
 48
1.0
370
    -1
100
AcDbLine
 39
0.0
 10
25397.2832
 20
22228.173
 30
0.0
 11
25399.324
 21
22227.7657
 31
0.0
  0
LINE
  5
11731C
330
117257
100
AcDbEntity
  8
tefriş
  6
Continuous
 62
   256
 60
     0
 48
1.0
370
    -1
100
AcDbLine
 39
0.0
 10
25399.324
 20
22227.7657
 30
0.0
 11
25401.2283
 21
22226.4059
 31
0.0
  0
LINE
  5
11731D
330
117257
100
AcDbEntity
  8
tefriş
  6
Continuous
 62
   256
 60
     0
 48
1.0
370
    -1
100
AcDbLine
 39
0.0
 10
25401.2283
 20
22226.4059
 30
0.0
 11
25403.132
 21
22223.6854
 31
0.0
  0
LINE
  5
11731E
330
117257
100
AcDbEntity
  8
tefriş
  6
Continuous
 62
   256
 60
     0
 48
1.0
370
    -1
100
AcDbLine
 39
0.0
 10
25403.132
 20
22223.6854
 30
0.0
 11
25403.811
 21
22220.5562
 31
0.0
  0
LINE
  5
11731F
330
117257
100
AcDbEntity
  8
tefriş
  6
Continuous
 62
   256
 60
     0
 48
1.0
370
    -1
100
AcDbLine
 39
0.0
 10
25403.811
 20
22220.5562
 30
0.0
 11
25403.5974
 21
22216.9514
 31
0.0
  0
LINE
  5
117320
330
117257
100
AcDbEntity
  8
tefriş
  6
Continuous
 62
   256
 60
     0
 48
1.0
370
    -1
100
AcDbLine
 39
0.0
 10
25413.0362
 20
22230.7801
 30
0.0
 11
25416.2573
 21
22227.559
 31
0.0
  0
LINE
  5
117321
330
117257
100
AcDbEntity
  8
tefriş
  6
Continuous
 62
   256
 60
     0
 48
1.0
370
    -1
100
AcDbLine
 39
0.0
 10
25416.2573
 20
22227.559
 30
0.0
 11
25416.8999
 21
22223.0478
 31
0.0
  0
LINE
  5
117322
330
117257
100
AcDbEntity
  8
tefriş
  6
Continuous
 62
   256
 60
     0
 48
1.0
370
    -1
100
AcDbLine
 39
0.0
 10
25416.8999
 20
22223.0478
 30
0.0
 11
25416.7373
 21
22219.6641
 31
0.0
  0
LINE
  5
117323
330
117257
100
AcDbEntity
  8
tefriş
  6
Continuous
 62
   256
 60
     0
 48
1.0
370
    -1
100
AcDbLine
 39
0.0
 10
25416.7373
 20
22219.6641
 30
0.0
 11
25415.9315
 21
22219.1804
 31
0.0
  0
LINE
  5
117324
330
117257
100
AcDbEntity
  8
tefriş
  6
Continuous
 62
   256
 60
     0
 48
1.0
370
    -1
100
AcDbLine
 39
0.0
 10
25394.995
 20
22242.0512
 30
0.0
 11
25396.605
 21
22239.1516
 31
0.0
  0
LINE
  5
117325
330
117257
100
AcDbEntity
  8
tefriş
  6
Continuous
 62
   256
 60
     0
 48
1.0
370
    -1
100
AcDbLine
 39
0.0
 10
25396.605
 20
22239.1516
 30
0.0
 11
25397.7322
 21
22237.3797
 31
0.0
  0
LINE
  5
117326
330
117257
100
AcDbEntity
  8
tefriş
  6
Continuous
 62
   256
 60
     0
 48
1.0
370
    -1
100
AcDbLine
 39
0.0
 10
25397.7322
 20
22237.3797
 30
0.0
 11
25400.9548
 21
22237.7034
 31
0.0
  0
LINE
  5
117327
330
117257
100
AcDbEntity
  8
tefriş
  6
Continuous
 62
   256
 60
     0
 48
1.0
370
    -1
100
AcDbLine
 39
0.0
 10
25400.9548
 20
22237.7034
 30
0.0
 11
25404.4991
 21
22236.7381
 31
0.0
  0
LINE
  5
117328
330
117257
100
AcDbEntity
  8
tefriş
  6
Continuous
 62
   256
 60
     0
 48
1.0
370
    -1
100
AcDbLine
 39
0.0
 10
25406.2728
 20
22239.8002
 30
0.0
 11
25404.3397
 21
22240.7662
 31
0.0
  0
LINE
  5
117329
330
117257
100
AcDbEntity
  8
tefriş
  6
Continuous
 62
   256
 60
     0
 48
1.0
370
    -1
100
AcDbLine
 39
0.0
 10
25404.3397
 20
22240.7662
 30
0.0
 11
25401.9229
 21
22240.9263
 31
0.0
  0
LINE
  5
11732A
330
117257
100
AcDbEntity
  8
tefriş
  6
Continuous
 62
   256
 60
     0
 48
1.0
370
    -1
100
AcDbLine
 39
0.0
 10
25409.6561
 20
22238.9961
 30
0.0
 11
25408.2071
 21
22241.7346
 31
0.0
  0
LINE
  5
11732B
330
117257
100
AcDbEntity
  8
tefriş
  6
Continuous
 62
   256
 60
     0
 48
1.0
370
    -1
100
AcDbLine
 39
0.0
 10
25415.1313
 20
22231.9089
 30
0.0
 11
25417.5477
 21
22230.7821
 31
0.0
  0
LINE
  5
11732C
330
117257
100
AcDbEntity
  8
tefriş
  6
Continuous
 62
   256
 60
     0
 48
1.0
370
    -1
100
AcDbLine
 39
0.0
 10
25417.5477
 20
22230.7821
 30
0.0
 11
25418.996
 21
22226.4323
 31
0.0
  0
LINE
  5
11732D
330
117257
100
AcDbEntity
  8
tefriş
  6
Continuous
 62
   256
 60
     0
 48
1.0
370
    -1
100
AcDbLine
 39
0.0
 10
25414.1285
 20
22244.0914
 30
0.0
 11
25418.166
 21
22246.6514
 31
0.0
  0
LINE
  5
11732E
330
117257
100
AcDbEntity
  8
tefriş
  6
Continuous
 62
   256
 60
     0
 48
1.0
370
    -1
100
AcDbLine
 39
0.0
 10
25414.1285
 20
22244.0914
 30
0.0
 11
25415.2272
 21
22243.0251
 31
0.0
  0
LINE
  5
11732F
330
117257
100
AcDbEntity
  8
tefriş
  6
Continuous
 62
   256
 60
     0
 48
1.0
370
    -1
100
AcDbLine
 39
0.0
 10
25423.1965
 20
22252.8586
 30
0.0
 11
25415.2272
 21
22243.0251
 31
0.0
  0
LINE
  5
117330
330
117257
100
AcDbEntity
  8
tefriş
  6
Continuous
 62
   256
 60
     0
 48
1.0
370
    -1
100
AcDbLine
 39
0.0
 10
25401.1124
 20
22229.4861
 30
0.0
 11
25403.853
 21
22232.8708
 31
0.0
  0
LINE
  5
117331
330
117257
100
AcDbEntity
  8
tefriş
  6
Continuous
 62
   256
 60
     0
 48
1.0
370
    -1
100
AcDbLine
 39
0.0
 10
25403.853
 20
22232.8708
 30
0.0
 11
25405.9492
 21
22236.5776
 31
0.0
  0
LINE
  5
117332
330
117257
100
AcDbEntity
  8
tefriş
  6
Continuous
 62
   256
 60
     0
 48
1.0
370
    -1
100
AcDbLine
 39
0.0
 10
25405.9492
 20
22236.5776
 30
0.0
 11
25405.6275
 21
22237.8665
 31
0.0
  0
LINE
  5
117333
330
117257
100
AcDbEntity
  8
tefriş
  6
Continuous
 62
   256
 60
     0
 48
1.0
370
    -1
100
AcDbLine
 39
0.0
 10
25405.6275
 20
22237.8665
 30
0.0
 11
25407.0784
 21
22239.6395
 31
0.0
  0
LINE
  5
117334
330
117257
100
AcDbEntity
  8
tefriş
  6
Continuous
 62
   256
 60
     0
 48
1.0
370
    -1
100
AcDbLine
 39
0.0
 10
25407.0784
 20
22239.6395
 30
0.0
 11
25412.234
 21
22238.6749
 31
0.0
  0
LINE
  5
117335
330
117257
100
AcDbEntity
  8
tefriş
  6
Continuous
 62
   256
 60
     0
 48
1.0
370
    -1
100
AcDbLine
 39
0.0
 10
25412.234
 20
22238.6749
 30
0.0
 11
25415.7766
 21
22233.8427
 31
0.0
  0
LINE
  5
117336
330
117257
100
AcDbEntity
  8
tefriş
  6
Continuous
 62
   256
 60
     0
 48
1.0
370
    -1
100
AcDbLine
 39
0.0
 10
25415.7766
 20
22233.8427
 30
0.0
 11
25414.3258
 21
22232.0697
 31
0.0
  0
LINE
  5
117337
330
117257
100
AcDbEntity
  8
tefriş
  6
Continuous
 62
   256
 60
     0
 48
1.0
370
    -1
100
AcDbLine
 39
0.0
 10
25414.3258
 20
22232.0697
 30
0.0
 11
25405.1395
 21
22227.0709
 31
0.0
  0
LINE
  5
117338
330
117257
100
AcDbEntity
  8
tefriş
  6
Continuous
 62
   256
 60
     0
 48
1.0
370
    -1
100
AcDbLine
 39
0.0
 10
25409.3022
 20
22259.0964
 30
0.0
 11
25406.8428
 21
22260.6608
 31
0.0
  0
LINE
  5
117339
330
117257
100
AcDbEntity
  8
tefriş
  6
Continuous
 62
   256
 60
     0
 48
1.0
370
    -1
100
AcDbLine
 39
0.0
 10
25406.8428
 20
22260.6608
 30
0.0
 11
25405.9046
 21
22265.201
 31
0.0
  0
LINE
  5
11733A
330
117257
100
AcDbEntity
  8
tefriş
  6
Continuous
 62
   256
 60
     0
 48
1.0
370
    -1
100
AcDbLine
 39
0.0
 10
25438.5409
 20
22226.7704
 30
0.0
 11
25436.3972
 21
22225.7953
 31
0.0
  0
LINE
  5
11733B
330
117257
100
AcDbEntity
  8
tefriş
  6
Continuous
 62
   256
 60
     0
 48
1.0
370
    -1
100
AcDbLine
 39
0.0
 10
25436.3972
 20
22225.7953
 30
0.0
 11
25434.464
 21
22226.4389
 31
0.0
  0
LINE
  5
11733C
330
117257
100
AcDbEntity
  8
tefriş
  6
Continuous
 62
   256
 60
     0
 48
1.0
370
    -1
100
AcDbLine
 39
0.0
 10
25434.464
 20
22226.4389
 30
0.0
 11
25433.0361
 21
22229.2965
 31
0.0
  0
LINE
  5
11733D
330
117257
100
AcDbEntity
  8
tefriş
  6
Continuous
 62
   256
 60
     0
 48
1.0
370
    -1
100
AcDbLine
 39
0.0
 10
25437.8823
 20
22231.4933
 30
0.0
 11
25438.5355
 21
22230.0225
 31
0.0
  0
LINE
  5
11733E
330
117257
100
AcDbEntity
  8
tefriş
  6
Continuous
 62
   256
 60
     0
 48
1.0
370
    -1
100
AcDbLine
 39
0.0
 10
25437.3933
 20
22234.5989
 30
0.0
 11
25438.2923
 21
22234.5175
 31
0.0
  0
LINE
  5
11733F
330
117257
100
AcDbEntity
  8
tefriş
  6
Continuous
 62
   256
 60
     0
 48
1.0
370
    -1
100
AcDbLine
 39
0.0
 10
25438.2923
 20
22234.5175
 30
0.0
 11
25438.2918
 21
22233.3733
 31
0.0
  0
LINE
  5
117340
330
117257
100
AcDbEntity
  8
tefriş
  6
Continuous
 62
   256
 60
     0
 48
1.0
370
    -1
100
AcDbLine
 39
0.0
 10
25438.2918
 20
22233.3733
 30
0.0
 11
25437.8823
 21
22231.4933
 31
0.0
  0
ENDBLK
  5
117259
330
117257
100
AcDbEntity
  8
0
100
AcDbBlockEnd
  0
BLOCK
  5
117343
330
117342
100
AcDbEntity
  8
0
100
AcDbBlockBegin
  2
bbbbb
 70
     0
 10
0.0
 20
0.0
 30
0.0
  3
bbbbb
  1

  4

  0
ARC
  5
117345
330
117342
100
AcDbEntity
  8
tefriş
  6
Continuous
 62
   256
 60
     0
 48
1.0
370
    -1
100
AcDbCircle
 39
0.0
 10
25619.4639
 20
22704.1548
 30
0.0
 40
338.9265
100
AcDbArc
 50
270.8877
 51
274.3203
  0
LINE
  5
117346
330
117342
100
AcDbEntity
  8
tefriş
  6
Continuous
 62
   256
 60
     0
 48
1.0
370
    -1
100
AcDbLine
 39
0.0
 10
25649.7224
 20
22366.6691
 30
0.0
 11
25623.8155
 21
22366.6691
 31
0.0
  0
LINE
  5
117347
330
117342
100
AcDbEntity
  8
tefriş
  6
Continuous
 62
   256
 60
     0
 48
1.0
370
    -1
100
AcDbLine
 39
0.0
 10
25601.0989
 20
22366.6691
 30
0.0
 11
25588.2449
 21
22366.6691
 31
0.0
  0
ARC
  5
117348
330
117342
100
AcDbEntity
  8
tefriş
  6
Continuous
 62
   256
 60
     0
 48
1.0
370
    -1
100
AcDbCircle
 39
0.0
 10
25619.4639
 20
22704.1548
 30
0.0
 40
338.9265
100
AcDbArc
 50
264.7149
 51
266.6405
  0
LINE
  5
117349
330
117342
100
AcDbEntity
  8
tefriş
  6
Continuous
 62
   256
 60
     0
 48
1.0
370
    -1
100
AcDbLine
 39
0.0
 10
25587.2843
 20
22252.7526
 30
0.0
 11
25587.2843
 21
22321.817
 31
0.0
  0
ARC
  5
11734A
330
117342
100
AcDbEntity
  8
tefriş
  6
Continuous
 62
   256
 60
     0
 48
1.0
370
    -1
100
AcDbCircle
 39
0.0
 10
23540.4041
 20
22309.5668
 30
0.0
 40
2124.6877
100
AcDbArc
 50
357.8898
 51
2.1102
  0
LINE
  5
11734B
330
117342
100
AcDbEntity
  8
tefriş
  6
Continuous
 62
   256
 60
     0
 48
1.0
370
    -1
100
AcDbLine
 39
0.0
 10
25663.6509
 20
22387.802
 30
0.0
 11
25663.6509
 21
22231.3315
 31
0.0
  0
LINE
  5
11734C
330
117342
100
AcDbEntity
  8
tefriş
  6
Continuous
 62
   256
 60
     0
 48
1.0
370
    -1
100
AcDbLine
 39
0.0
 10
25655.0056
 20
22387.802
 30
0.0
 11
25655.0056
 21
22231.3315
 31
0.0
  0
LINE
  5
11734D
330
117342
100
AcDbEntity
  8
tefriş
  6
Continuous
 62
   256
 60
     0
 48
1.0
370
    -1
100
AcDbLine
 39
0.0
 10
25645.3057
 20
22365.9039
 30
0.0
 11
25645.3057
 21
22253.2296
 31
0.0
  0
LINE
  5
11734E
330
117342
100
AcDbEntity
  8
tefriş
  6
Continuous
 62
   256
 60
     0
 48
1.0
370
    -1
100
AcDbLine
 39
0.0
 10
25647.8012
 20
22382.9991
 30
0.0
 11
25649.7224
 21
22381.2526
 31
0.0
  0
LINE
  5
11734F
330
117342
100
AcDbEntity
  8
tefriş
  6
Continuous
 62
   256
 60
     0
 48
1.0
370
    -1
100
AcDbLine
 39
0.0
 10
25647.8012
 20
22387.802
 30
0.0
 11
25647.8012
 21
22382.9991
 31
0.0
  0
ARC
  5
117350
330
117342
100
AcDbEntity
  8
tefriş
  6
Continuous
 62
   256
 60
     0
 48
1.0
370
    -1
100
AcDbCircle
 39
0.0
 10
25655.726
 20
22355.5924
 30
0.0
 40
33.1702
100
AcDbArc
 50
76.1775
 51
103.8225
  0
LINE
  5
117351
330
117342
100
AcDbEntity
  8
tefriş
  6
Continuous
 62
   256
 60
     0
 48
1.0
370
    -1
100
AcDbLine
 39
0.0
 10
25663.6509
 20
22387.802
 30
0.0
 11
25647.8012
 21
22387.802
 31
0.0
  0
LINE
  5
117352
330
117342
100
AcDbEntity
  8
tefriş
  6
Continuous
 62
   256
 60
     0
 48
1.0
370
    -1
100
AcDbLine
 39
0.0
 10
25649.7224
 20
22381.2526
 30
0.0
 11
25649.7224
 21
22366.6691
 31
0.0
  0
LINE
  5
117353
330
117342
100
AcDbEntity
  8
tefriş
  6
Continuous
 62
   256
 60
     0
 48
1.0
370
    -1
100
AcDbLine
 39
0.0
 10
25645.3057
 20
22309.7162
 30
0.0
 11
25587.2843
 21
22309.7162
 31
0.0
  0
ARC
  5
117354
330
117342
100
AcDbEntity
  8
tefriş
  6
Continuous
 62
   256
 60
     0
 48
1.0
370
    -1
100
AcDbCircle
 39
0.0
 10
25645.0175
 20
22365.9039
 30
0.0
 40
0.2882
100
AcDbArc
 50
0.0
 51
94.3203
  0
LINE
  5
117355
330
117342
100
AcDbEntity
  8
tefriş
  6
Continuous
 62
   256
 60
     0
 48
1.0
370
    -1
100
AcDbLine
 39
0.0
 10
25588.2449
 20
22366.6691
 30
0.0
 11
25587.5725
 21
22366.6691
 31
0.0
  0
ARC
  5
117356
330
117342
100
AcDbEntity
  8
tefriş
  6
Continuous
 62
   256
 60
     0
 48
1.0
370
    -1
100
AcDbCircle
 39
0.0
 10
25587.5725
 20
22366.381
 30
0.0
 40
0.2882
100
AcDbArc
 50
90.0
 51
180.0
  0
ARC
  5
117357
330
117342
100
AcDbEntity
  8
tefriş
  6
Continuous
 62
   256
 60
     0
 48
1.0
370
    -1
100
AcDbCircle
 39
0.0
 10
25622.4658
 20
22374.8341
 30
0.0
 40
35.1814
100
AcDbArc
 50
166.5803
 51
193.4197
  0
LINE
  5
117358
330
117342
100
AcDbEntity
  8
tefriş
  6
Continuous
 62
   256
 60
     0
 48
1.0
370
    -1
100
AcDbLine
 39
0.0
 10
25645.0175
 20
22366.1921
 30
0.0
 11
25649.7224
 21
22366.6691
 31
0.0
  0
LINE
  5
117359
330
117342
100
AcDbEntity
  8
tefriş
  6
Continuous
 62
   256
 60
     0
 48
1.0
370
    -1
100
AcDbLine
 39
0.0
 10
25649.7224
 20
22366.6691
 30
0.0
 11
25645.3057
 21
22365.9039
 31
0.0
  0
ARC
  5
11735A
330
117342
100
AcDbEntity
  8
tefriş
  6
Continuous
 62
   256
 60
     0
 48
1.0
370
    -1
100
AcDbCircle
 39
0.0
 10
25618.0231
 20
22067.5723
 30
0.0
 40
316.8293
100
AcDbArc
 50
84.6069
 51
95.3931
  0
ARC
  5
11735B
330
117342
100
AcDbEntity
  8
tefriş
  6
Continuous
 62
   256
 60
     0
 48
1.0
370
    -1
100
AcDbCircle
 39
0.0
 10
25619.4559
 20
22040.6236
 30
0.0
 40
338.9265
100
AcDbArc
 50
84.8766
 51
95.4221
  0
LINE
  5
11735C
330
117342
100
AcDbEntity
  8
tefriş
  6
Continuous
 62
   256
 60
     0
 48
1.0
370
    -1
100
AcDbLine
 39
0.0
 10
25587.4301
 20
22378.0336
 30
0.0
 11
25649.7224
 21
22378.1959
 31
0.0
  0
LINE
  5
11735D
330
117342
100
AcDbEntity
  8
tefriş
  6
Continuous
 62
   256
 60
     0
 48
1.0
370
    -1
100
AcDbLine
 39
0.0
 10
25649.7224
 20
22237.8809
 30
0.0
 11
25649.7224
 21
22252.4644
 31
0.0
  0
LINE
  5
11735E
330
117342
100
AcDbEntity
  8
tefriş
  6
Continuous
 62
   256
 60
     0
 48
1.0
370
    -1
100
AcDbLine
 39
0.0
 10
25663.6509
 20
22231.3315
 30
0.0
 11
25647.8012
 21
22231.3315
 31
0.0
  0
ARC
  5
11735F
330
117342
100
AcDbEntity
  8
tefriş
  6
Continuous
 62
   256
 60
     0
 48
1.0
370
    -1
100
AcDbCircle
 39
0.0
 10
25655.726
 20
22263.5411
 30
0.0
 40
33.1702
100
AcDbArc
 50
256.1775
 51
283.8225
  0
LINE
  5
117360
330
117342
100
AcDbEntity
  8
tefriş
  6
Continuous
 62
   256
 60
     0
 48
1.0
370
    -1
100
AcDbLine
 39
0.0
 10
25647.8012
 20
22231.3315
 30
0.0
 11
25647.8012
 21
22236.1344
 31
0.0
  0
LINE
  5
117361
330
117342
100
AcDbEntity
  8
tefriş
  6
Continuous
 62
   256
 60
     0
 48
1.0
370
    -1
100
AcDbLine
 39
0.0
 10
25647.8012
 20
22236.1344
 30
0.0
 11
25649.7224
 21
22237.8809
 31
0.0
  0
ARC
  5
117362
330
117342
100
AcDbEntity
  8
tefriş
  6
Continuous
 62
   256
 60
     0
 48
1.0
370
    -1
100
AcDbCircle
 39
0.0
 10
25645.0175
 20
22253.2296
 30
0.0
 40
0.2882
100
AcDbArc
 50
265.6797
 51
0.0
  0
ARC
  5
117363
330
117342
100
AcDbEntity
  8
tefriş
  6
Continuous
 62
   256
 60
     0
 48
1.0
370
    -1
100
AcDbCircle
 39
0.0
 10
25587.5725
 20
22252.7526
 30
0.0
 40
0.2882
100
AcDbArc
 50
180.0
 51
270.0
  0
LINE
  5
117364
330
117342
100
AcDbEntity
  8
tefriş
  6
Continuous
 62
   256
 60
     0
 48
1.0
370
    -1
100
AcDbLine
 39
0.0
 10
25588.2449
 20
22252.4644
 30
0.0
 11
25587.5725
 21
22252.4644
 31
0.0
  0
LINE
  5
117365
330
117342
100
AcDbEntity
  8
tefriş
  6
Continuous
 62
   256
 60
     0
 48
1.0
370
    -1
100
AcDbLine
 39
0.0
 10
25587.2843
 20
22252.7526
 30
0.0
 11
25587.2843
 21
22262.9933
 31
0.0
  0
ARC
  5
117366
330
117342
100
AcDbEntity
  8
tefriş
  6
Continuous
 62
   256
 60
     0
 48
1.0
370
    -1
100
AcDbCircle
 39
0.0
 10
25622.4658
 20
22244.2994
 30
0.0
 40
35.1814
100
AcDbArc
 50
166.5803
 51
193.4197
  0
LINE
  5
117367
330
117342
100
AcDbEntity
  8
tefriş
  6
Continuous
 62
   256
 60
     0
 48
1.0
370
    -1
100
AcDbLine
 39
0.0
 10
25587.2843
 20
22252.7526
 30
0.0
 11
25587.2843
 21
22260.0555
 31
0.0
  0
ARC
  5
117368
330
117342
100
AcDbEntity
  8
tefriş
  6
Continuous
 62
   256
 60
     0
 48
1.0
370
    -1
100
AcDbCircle
 39
0.0
 10
25619.4639
 20
21914.9788
 30
0.0
 40
338.9265
100
AcDbArc
 50
85.6797
 51
95.2851
  0
LINE
  5
117369
330
117342
100
AcDbEntity
  8
tefriş
  6
Continuous
 62
   256
 60
     0
 48
1.0
370
    -1
100
AcDbLine
 39
0.0
 10
25649.7224
 20
22252.4644
 30
0.0
 11
25645.3057
 21
22253.2296
 31
0.0
  0
LINE
  5
11736A
330
117342
100
AcDbEntity
  8
tefriş
  6
Continuous
 62
   256
 60
     0
 48
1.0
370
    -1
100
AcDbLine
 39
0.0
 10
25645.0175
 20
22252.9414
 30
0.0
 11
25649.7224
 21
22252.4644
 31
0.0
  0
LINE
  5
11736B
330
117342
100
AcDbEntity
  8
tefriş
  6
Continuous
 62
   256
 60
     0
 48
1.0
370
    -1
100
AcDbLine
 39
0.0
 10
25587.4301
 20
22241.0999
 30
0.0
 11
25649.7224
 21
22240.9376
 31
0.0
  0
ARC
  5
11736C
330
117342
100
AcDbEntity
  8
tefriş
  6
Continuous
 62
   256
 60
     0
 48
1.0
370
    -1
100
AcDbCircle
 39
0.0
 10
25618.0231
 20
22551.5612
 30
0.0
 40
316.8293
100
AcDbArc
 50
264.6069
 51
275.3931
  0
ARC
  5
11736D
330
117342
100
AcDbEntity
  8
tefriş
  6
Continuous
 62
   256
 60
     0
 48
1.0
370
    -1
100
AcDbCircle
 39
0.0
 10
25619.4559
 20
22578.51
 30
0.0
 40
338.9265
100
AcDbArc
 50
264.5779
 51
275.1234
  0
LINE
  5
11736E
330
117342
100
AcDbEntity
  8
tefriş
  6
Continuous
 62
   256
 60
     0
 48
1.0
370
    -1
100
AcDbLine
 39
0.0
 10
25649.7224
 20
22252.4644
 30
0.0
 11
25588.2449
 21
22252.4644
 31
0.0
  0
LINE
  5
11736F
330
117342
100
AcDbEntity
  8
tefriş
  6
Continuous
 62
   256
 60
     0
 48
1.0
370
    -1
100
AcDbLine
 39
0.0
 10
25587.4887
 20
22336.8962
 30
0.0
 11
25587.678
 21
22350.859
 31
0.0
  0
LINE
  5
117370
330
117342
100
AcDbEntity
  8
tefriş
  6
Continuous
 62
   256
 60
     0
 48
1.0
370
    -1
100
AcDbLine
 39
0.0
 10
25609.5695
 20
22333.5696
 30
0.0
 11
25611.0705
 21
22329.4453
 31
0.0
  0
LINE
  5
117371
330
117342
100
AcDbEntity
  8
tefriş
  6
Continuous
 62
   256
 60
     0
 48
1.0
370
    -1
100
AcDbLine
 39
0.0
 10
25611.0705
 20
22329.4453
 30
0.0
 11
25612.5716
 21
22325.8833
 31
0.0
  0
LINE
  5
117372
330
117342
100
AcDbEntity
  8
tefriş
  6
Continuous
 62
   256
 60
     0
 48
1.0
370
    -1
100
AcDbLine
 39
0.0
 10
25612.5716
 20
22325.8833
 30
0.0
 11
25616.1366
 21
22322.8838
 31
0.0
  0
LINE
  5
117373
330
117342
100
AcDbEntity
  8
tefriş
  6
Continuous
 62
   256
 60
     0
 48
1.0
370
    -1
100
AcDbLine
 39
0.0
 10
25613.5765
 20
22332.555
 30
0.0
 11
25611.7326
 21
22335.1869
 31
0.0
  0
LINE
  5
117374
330
117342
100
AcDbEntity
  8
tefriş
  6
Continuous
 62
   256
 60
     0
 48
1.0
370
    -1
100
AcDbLine
 39
0.0
 10
25611.7326
 20
22335.1869
 30
0.0
 11
25616.502
 21
22335.8458
 31
0.0
  0
LINE
  5
117375
330
117342
100
AcDbEntity
  8
tefriş
  6
Continuous
 62
   256
 60
     0
 48
1.0
370
    -1
100
AcDbLine
 39
0.0
 10
25616.502
 20
22335.8458
 30
0.0
 11
25611.8261
 21
22336.1581
 31
0.0
  0
LINE
  5
117376
330
117342
100
AcDbEntity
  8
tefriş
  6
Continuous
 62
   256
 60
     0
 48
1.0
370
    -1
100
AcDbLine
 39
0.0
 10
25611.8261
 20
22336.1581
 30
0.0
 11
25610.5776
 21
22338.2644
 31
0.0
  0
LINE
  5
117377
330
117342
100
AcDbEntity
  8
tefriş
  6
Continuous
 62
   256
 60
     0
 48
1.0
370
    -1
100
AcDbLine
 39
0.0
 10
25610.5776
 20
22338.2644
 30
0.0
 11
25610.1926
 21
22340.5725
 31
0.0
  0
LINE
  5
117378
330
117342
100
AcDbEntity
  8
tefriş
  6
Continuous
 62
   256
 60
     0
 48
1.0
370
    -1
100
AcDbLine
 39
0.0
 10
25610.1926
 20
22340.5725
 30
0.0
 11
25610.7701
 21
22343.8424
 31
0.0
  0
LINE
  5
117379
330
117342
100
AcDbEntity
  8
tefriş
  6
Continuous
 62
   256
 60
     0
 48
1.0
370
    -1
100
AcDbLine
 39
0.0
 10
25610.7701
 20
22343.8424
 30
0.0
 11
25612.5027
 21
22346.5351
 31
0.0
  0
LINE
  5
11737A
330
117342
100
AcDbEntity
  8
tefriş
  6
Continuous
 62
   256
 60
     0
 48
1.0
370
    -1
100
AcDbLine
 39
0.0
 10
25612.5027
 20
22346.5351
 30
0.0
 11
25614.9058
 21
22348.6694
 31
0.0
  0
LINE
  5
11737B
330
117342
100
AcDbEntity
  8
tefriş
  6
Continuous
 62
   256
 60
     0
 48
1.0
370
    -1
100
AcDbLine
 39
0.0
 10
25613.5765
 20
22332.555
 30
0.0
 11
25617.45
 21
22332.2573
 31
0.0
  0
LINE
  5
11737C
330
117342
100
AcDbEntity
  8
tefriş
  6
Continuous
 62
   256
 60
     0
 48
1.0
370
    -1
100
AcDbLine
 39
0.0
 10
25617.45
 20
22332.2573
 30
0.0
 11
25622.1408
 21
22332.4448
 31
0.0
  0
LINE
  5
11737D
330
117342
100
AcDbEntity
  8
tefriş
  6
Continuous
 62
   256
 60
     0
 48
1.0
370
    -1
100
AcDbLine
 39
0.0
 10
25622.1408
 20
22332.4448
 30
0.0
 11
25626.4563
 21
22333.7571
 31
0.0
  0
LINE
  5
11737E
330
117342
100
AcDbEntity
  8
tefriş
  6
Continuous
 62
   256
 60
     0
 48
1.0
370
    -1
100
AcDbLine
 39
0.0
 10
25626.4563
 20
22333.7571
 30
0.0
 11
25628.8955
 21
22336.9441
 31
0.0
  0
LINE
  5
11737F
330
117342
100
AcDbEntity
  8
tefriş
  6
Continuous
 62
   256
 60
     0
 48
1.0
370
    -1
100
AcDbLine
 39
0.0
 10
25628.8955
 20
22336.9441
 30
0.0
 11
25629.0832
 21
22340.881
 31
0.0
  0
LINE
  5
117380
330
117342
100
AcDbEntity
  8
tefriş
  6
Continuous
 62
   256
 60
     0
 48
1.0
370
    -1
100
AcDbLine
 39
0.0
 10
25629.0832
 20
22340.881
 30
0.0
 11
25627.9574
 21
22345.7553
 31
0.0
  0
LINE
  5
117381
330
117342
100
AcDbEntity
  8
tefriş
  6
Continuous
 62
   256
 60
     0
 48
1.0
370
    -1
100
AcDbLine
 39
0.0
 10
25627.9574
 20
22345.7553
 30
0.0
 11
25625.1429
 21
22348.3799
 31
0.0
  0
LINE
  5
117382
330
117342
100
AcDbEntity
  8
tefriş
  6
Continuous
 62
   256
 60
     0
 48
1.0
370
    -1
100
AcDbLine
 39
0.0
 10
25625.1429
 20
22348.3799
 30
0.0
 11
25619.1387
 21
22348.9423
 31
0.0
  0
LINE
  5
117383
330
117342
100
AcDbEntity
  8
tefriş
  6
Continuous
 62
   256
 60
     0
 48
1.0
370
    -1
100
AcDbLine
 39
0.0
 10
25619.1387
 20
22348.9423
 30
0.0
 11
25614.9058
 21
22348.6694
 31
0.0
  0
LINE
  5
117384
330
117342
100
AcDbEntity
  8
tefriş
  6
Continuous
 62
   256
 60
     0
 48
1.0
370
    -1
100
AcDbLine
 39
0.0
 10
25614.9058
 20
22348.6694
 30
0.0
 11
25609.9447
 21
22347.4425
 31
0.0
  0
LINE
  5
117385
330
117342
100
AcDbEntity
  8
tefriş
  6
Continuous
 62
   256
 60
     0
 48
1.0
370
    -1
100
AcDbLine
 39
0.0
 10
25609.9447
 20
22347.4425
 30
0.0
 11
25608.6313
 21
22345.5678
 31
0.0
  0
LINE
  5
117386
330
117342
100
AcDbEntity
  8
tefriş
  6
Continuous
 62
   256
 60
     0
 48
1.0
370
    -1
100
AcDbLine
 39
0.0
 10
25608.6313
 20
22345.5678
 30
0.0
 11
25607.6931
 21
22342.7557
 31
0.0
  0
LINE
  5
117387
330
117342
100
AcDbEntity
  8
tefriş
  6
Continuous
 62
   256
 60
     0
 48
1.0
370
    -1
100
AcDbLine
 39
0.0
 10
25607.6931
 20
22342.7557
 30
0.0
 11
25607.8808
 21
22342.0058
 31
0.0
  0
LINE
  5
117388
330
117342
100
AcDbEntity
  8
tefriş
  6
Continuous
 62
   256
 60
     0
 48
1.0
370
    -1
100
AcDbLine
 39
0.0
 10
25607.8808
 20
22342.0058
 30
0.0
 11
25606.1921
 21
22341.256
 31
0.0
  0
LINE
  5
117389
330
117342
100
AcDbEntity
  8
tefriş
  6
Continuous
 62
   256
 60
     0
 48
1.0
370
    -1
100
AcDbLine
 39
0.0
 10
25606.1921
 20
22341.256
 30
0.0
 11
25606.0045
 21
22340.1311
 31
0.0
  0
LINE
  5
11738A
330
117342
100
AcDbEntity
  8
tefriş
  6
Continuous
 62
   256
 60
     0
 48
1.0
370
    -1
100
AcDbLine
 39
0.0
 10
25606.0045
 20
22340.1311
 30
0.0
 11
25606.755
 21
22339.0063
 31
0.0
  0
LINE
  5
11738B
330
117342
100
AcDbEntity
  8
tefriş
  6
Continuous
 62
   256
 60
     0
 48
1.0
370
    -1
100
AcDbLine
 39
0.0
 10
25606.755
 20
22339.0063
 30
0.0
 11
25607.8808
 21
22338.6314
 31
0.0
  0
LINE
  5
11738C
330
117342
100
AcDbEntity
  8
tefriş
  6
Continuous
 62
   256
 60
     0
 48
1.0
370
    -1
100
AcDbLine
 39
0.0
 10
25607.8808
 20
22338.6314
 30
0.0
 11
25608.8189
 21
22336.7566
 31
0.0
  0
LINE
  5
11738D
330
117342
100
AcDbEntity
  8
tefriş
  6
Continuous
 62
   256
 60
     0
 48
1.0
370
    -1
100
AcDbLine
 39
0.0
 10
25608.8189
 20
22336.7566
 30
0.0
 11
25609.9447
 21
22333.9446
 31
0.0
  0
LINE
  5
11738E
330
117342
100
AcDbEntity
  8
tefriş
  6
Continuous
 62
   256
 60
     0
 48
1.0
370
    -1
100
AcDbLine
 39
0.0
 10
25609.9447
 20
22333.9446
 30
0.0
 11
25613.5765
 21
22332.555
 31
0.0
  0
LINE
  5
11738F
330
117342
100
AcDbEntity
  8
tefriş
  6
Continuous
 62
   256
 60
     0
 48
1.0
370
    -1
100
AcDbLine
 39
0.0
 10
25608.9028
 20
22343.7846
 30
0.0
 11
25609.8268
 21
22345.6311
 31
0.0
  0
LINE
  5
117390
330
117342
100
AcDbEntity
  8
tefriş
  6
Continuous
 62
   256
 60
     0
 48
1.0
370
    -1
100
AcDbLine
 39
0.0
 10
25609.8268
 20
22336.091
 30
0.0
 11
25609.0568
 21
22339.0146
 31
0.0
  0
LINE
  5
117391
330
117342
100
AcDbEntity
  8
tefriş
  6
Continuous
 62
   256
 60
     0
 48
1.0
370
    -1
100
AcDbLine
 39
0.0
 10
25607.5055
 20
22344.2555
 30
0.0
 11
25584.4268
 21
22351.9418
 31
0.0
  0
LINE
  5
117392
330
117342
100
AcDbEntity
  8
tefriş
  6
Continuous
 62
   256
 60
     0
 48
1.0
370
    -1
100
AcDbLine
 39
0.0
 10
25605.2539
 20
22339.3812
 30
0.0
 11
25586.4908
 21
22336.7566
 31
0.0
  0
LINE
  5
117393
330
117342
100
AcDbEntity
  8
tefriş
  6
Continuous
 62
   256
 60
     0
 48
1.0
370
    -1
100
AcDbLine
 39
0.0
 10
25587.9931
 20
22361.0835
 30
0.0
 11
25583.8639
 21
22361.1279
 31
0.0
  0
LINE
  5
117394
330
117342
100
AcDbEntity
  8
tefriş
  6
Continuous
 62
   256
 60
     0
 48
1.0
370
    -1
100
AcDbLine
 39
0.0
 10
25583.8639
 20
22361.1279
 30
0.0
 11
25579.9236
 21
22361.5029
 31
0.0
  0
LINE
  5
117395
330
117342
100
AcDbEntity
  8
tefriş
  6
Continuous
 62
   256
 60
     0
 48
1.0
370
    -1
100
AcDbLine
 39
0.0
 10
25579.9236
 20
22361.5029
 30
0.0
 11
25576.3586
 21
22361.3154
 31
0.0
  0
LINE
  5
117396
330
117342
100
AcDbEntity
  8
tefriş
  6
Continuous
 62
   256
 60
     0
 48
1.0
370
    -1
100
AcDbLine
 39
0.0
 10
25576.3586
 20
22361.3154
 30
0.0
 11
25575.9834
 21
22360.1906
 31
0.0
  0
LINE
  5
117397
330
117342
100
AcDbEntity
  8
tefriş
  6
Continuous
 62
   256
 60
     0
 48
1.0
370
    -1
100
AcDbLine
 39
0.0
 10
25575.9834
 20
22360.1906
 30
0.0
 11
25577.6721
 21
22359.6282
 31
0.0
  0
LINE
  5
117398
330
117342
100
AcDbEntity
  8
tefriş
  6
Continuous
 62
   256
 60
     0
 48
1.0
370
    -1
100
AcDbLine
 39
0.0
 10
25577.6721
 20
22359.6282
 30
0.0
 11
25573.9194
 21
22358.5033
 31
0.0
  0
LINE
  5
117399
330
117342
100
AcDbEntity
  8
tefriş
  6
Continuous
 62
   256
 60
     0
 48
1.0
370
    -1
100
AcDbLine
 39
0.0
 10
25573.9194
 20
22358.5033
 30
0.0
 11
25573.7318
 21
22357.9409
 31
0.0
  0
LINE
  5
11739A
330
117342
100
AcDbEntity
  8
tefriş
  6
Continuous
 62
   256
 60
     0
 48
1.0
370
    -1
100
AcDbLine
 39
0.0
 10
25573.7318
 20
22357.9409
 30
0.0
 11
25574.8576
 21
22357.566
 31
0.0
  0
LINE
  5
11739B
330
117342
100
AcDbEntity
  8
tefriş
  6
Continuous
 62
   256
 60
     0
 48
1.0
370
    -1
100
AcDbLine
 39
0.0
 10
25574.8576
 20
22357.566
 30
0.0
 11
25572.7936
 21
22356.6286
 31
0.0
  0
LINE
  5
11739C
330
117342
100
AcDbEntity
  8
tefriş
  6
Continuous
 62
   256
 60
     0
 48
1.0
370
    -1
100
AcDbLine
 39
0.0
 10
25572.7936
 20
22356.6286
 30
0.0
 11
25572.7936
 21
22355.6913
 31
0.0
  0
LINE
  5
11739D
330
117342
100
AcDbEntity
  8
tefriş
  6
Continuous
 62
   256
 60
     0
 48
1.0
370
    -1
100
AcDbLine
 39
0.0
 10
25572.7936
 20
22355.6913
 30
0.0
 11
25574.1071
 21
22355.5038
 31
0.0
  0
LINE
  5
11739E
330
117342
100
AcDbEntity
  8
tefriş
  6
Continuous
 62
   256
 60
     0
 48
1.0
370
    -1
100
AcDbLine
 39
0.0
 10
25574.1071
 20
22355.5038
 30
0.0
 11
25573.1689
 21
22354.1915
 31
0.0
  0
LINE
  5
11739F
330
117342
100
AcDbEntity
  8
tefriş
  6
Continuous
 62
   256
 60
     0
 48
1.0
370
    -1
100
AcDbLine
 39
0.0
 10
25573.1689
 20
22354.1915
 30
0.0
 11
25574.4823
 21
22353.0667
 31
0.0
  0
LINE
  5
1173A0
330
117342
100
AcDbEntity
  8
tefriş
  6
Continuous
 62
   256
 60
     0
 48
1.0
370
    -1
100
AcDbLine
 39
0.0
 10
25574.4823
 20
22353.0667
 30
0.0
 11
25581.9876
 21
22354.1915
 31
0.0
  0
LINE
  5
1173A1
330
117342
100
AcDbEntity
  8
tefriş
  6
Continuous
 62
   256
 60
     0
 48
1.0
370
    -1
100
AcDbLine
 39
0.0
 10
25581.9876
 20
22354.1915
 30
0.0
 11
25582.1752
 21
22353.6291
 31
0.0
  0
LINE
  5
1173A2
330
117342
100
AcDbEntity
  8
tefriş
  6
Continuous
 62
   256
 60
     0
 48
1.0
370
    -1
100
AcDbLine
 39
0.0
 10
25582.1752
 20
22353.6291
 30
0.0
 11
25579.3607
 21
22351.0045
 31
0.0
  0
LINE
  5
1173A3
330
117342
100
AcDbEntity
  8
tefriş
  6
Continuous
 62
   256
 60
     0
 48
1.0
370
    -1
100
AcDbLine
 39
0.0
 10
25579.3607
 20
22351.0045
 30
0.0
 11
25579.736
 21
22350.2546
 31
0.0
  0
LINE
  5
1173A4
330
117342
100
AcDbEntity
  8
tefriş
  6
Continuous
 62
   256
 60
     0
 48
1.0
370
    -1
100
AcDbLine
 39
0.0
 10
25579.736
 20
22350.2546
 30
0.0
 11
25580.8618
 21
22350.2546
 31
0.0
  0
LINE
  5
1173A5
330
117342
100
AcDbEntity
  8
tefriş
  6
Continuous
 62
   256
 60
     0
 48
1.0
370
    -1
100
AcDbLine
 39
0.0
 10
25580.8618
 20
22350.2546
 30
0.0
 11
25582.5505
 21
22351.3794
 31
0.0
  0
LINE
  5
1173A6
330
117342
100
AcDbEntity
  8
tefriş
  6
Continuous
 62
   256
 60
     0
 48
1.0
370
    -1
100
AcDbLine
 39
0.0
 10
25582.5505
 20
22351.3794
 30
0.0
 11
25585.365
 21
22352.1293
 31
0.0
  0
LINE
  5
1173A7
330
117342
100
AcDbEntity
  8
tefriş
  6
Continuous
 62
   256
 60
     0
 48
1.0
370
    -1
100
AcDbLine
 39
0.0
 10
25585.365
 20
22352.1293
 30
0.0
 11
25588.1644
 21
22355.0929
 31
0.0
  0
LINE
  5
1173A8
330
117342
100
AcDbEntity
  8
tefriş
  6
Continuous
 62
   256
 60
     0
 48
1.0
370
    -1
100
AcDbLine
 39
0.0
 10
25612.0087
 20
22326.4457
 30
0.0
 11
25603.3776
 21
22328.6954
 31
0.0
  0
LINE
  5
1173A9
330
117342
100
AcDbEntity
  8
tefriş
  6
Continuous
 62
   256
 60
     0
 48
1.0
370
    -1
100
AcDbLine
 39
0.0
 10
25603.3776
 20
22328.6954
 30
0.0
 11
25598.1239
 21
22329.8202
 31
0.0
  0
LINE
  5
1173AA
330
117342
100
AcDbEntity
  8
tefriş
  6
Continuous
 62
   256
 60
     0
 48
1.0
370
    -1
100
AcDbLine
 39
0.0
 10
25598.1239
 20
22329.8202
 30
0.0
 11
25594.1837
 21
22332.6323
 31
0.0
  0
LINE
  5
1173AB
330
117342
100
AcDbEntity
  8
tefriş
  6
Continuous
 62
   256
 60
     0
 48
1.0
370
    -1
100
AcDbLine
 39
0.0
 10
25594.1837
 20
22332.6323
 30
0.0
 11
25592.8702
 21
22332.0699
 31
0.0
  0
LINE
  5
1173AC
330
117342
100
AcDbEntity
  8
tefriş
  6
Continuous
 62
   256
 60
     0
 48
1.0
370
    -1
100
AcDbLine
 39
0.0
 10
25588.1794
 20
22354.5664
 30
0.0
 11
25590.2434
 21
22355.6913
 31
0.0
  0
LINE
  5
1173AD
330
117342
100
AcDbEntity
  8
tefriş
  6
Continuous
 62
   256
 60
     0
 48
1.0
370
    -1
100
AcDbLine
 39
0.0
 10
25590.2434
 20
22355.6913
 30
0.0
 11
25595.3094
 21
22357.566
 31
0.0
  0
LINE
  5
1173AE
330
117342
100
AcDbEntity
  8
tefriş
  6
Continuous
 62
   256
 60
     0
 48
1.0
370
    -1
100
AcDbLine
 39
0.0
 10
25595.3094
 20
22357.566
 30
0.0
 11
25604.3158
 21
22359.4407
 31
0.0
  0
LINE
  5
1173AF
330
117342
100
AcDbEntity
  8
tefriş
  6
Continuous
 62
   256
 60
     0
 48
1.0
370
    -1
100
AcDbLine
 39
0.0
 10
25604.3158
 20
22359.4407
 30
0.0
 11
25608.0684
 21
22360.3781
 31
0.0
  0
LINE
  5
1173B0
330
117342
100
AcDbEntity
  8
tefriş
  6
Continuous
 62
   256
 60
     0
 48
1.0
370
    -1
100
AcDbLine
 39
0.0
 10
25608.0684
 20
22360.3781
 30
0.0
 11
25609.7571
 21
22360.0031
 31
0.0
  0
LINE
  5
1173B1
330
117342
100
AcDbEntity
  8
tefriş
  6
Continuous
 62
   256
 60
     0
 48
1.0
370
    -1
100
AcDbLine
 39
0.0
 10
25609.7571
 20
22360.0031
 30
0.0
 11
25610.32
 21
22359.0658
 31
0.0
  0
LINE
  5
1173B2
330
117342
100
AcDbEntity
  8
tefriş
  6
Continuous
 62
   256
 60
     0
 48
1.0
370
    -1
100
AcDbLine
 39
0.0
 10
25610.32
 20
22359.0658
 30
0.0
 11
25610.5076
 21
22356.2537
 31
0.0
  0
LINE
  5
1173B3
330
117342
100
AcDbEntity
  8
tefriş
  6
Continuous
 62
   256
 60
     0
 48
1.0
370
    -1
100
AcDbLine
 39
0.0
 10
25610.5076
 20
22356.2537
 30
0.0
 11
25609.3818
 21
22350.4421
 31
0.0
  0
LINE
  5
1173B4
330
117342
100
AcDbEntity
  8
tefriş
  6
Continuous
 62
   256
 60
     0
 48
1.0
370
    -1
100
AcDbLine
 39
0.0
 10
25609.3818
 20
22350.4421
 30
0.0
 11
25609.3818
 21
22347.2551
 31
0.0
  0
LINE
  5
1173B5
330
117342
100
AcDbEntity
  8
tefriş
  6
Continuous
 62
   256
 60
     0
 48
1.0
370
    -1
100
AcDbLine
 39
0.0
 10
25587.9918
 20
22361.1279
 30
0.0
 11
25588.1794
 21
22354.5664
 31
0.0
  0
LINE
  5
1173B6
330
117342
100
AcDbEntity
  8
tefriş
  6
Continuous
 62
   256
 60
     0
 48
1.0
370
    -1
100
AcDbLine
 39
0.0
 10
25592.8702
 20
22332.0699
 30
0.0
 11
25592.8702
 21
22325.8833
 31
0.0
  0
LINE
  5
1173B7
330
117342
100
AcDbEntity
  8
tefriş
  6
Continuous
 62
   256
 60
     0
 48
1.0
370
    -1
100
AcDbLine
 39
0.0
 10
25592.8702
 20
22332.0699
 30
0.0
 11
25589.4929
 21
22335.6318
 31
0.0
  0
LINE
  5
1173B8
330
117342
100
AcDbEntity
  8
tefriş
  6
Continuous
 62
   256
 60
     0
 48
1.0
370
    -1
100
AcDbLine
 39
0.0
 10
25589.4929
 20
22335.6318
 30
0.0
 11
25584.9897
 21
22336.1942
 31
0.0
  0
LINE
  5
1173B9
330
117342
100
AcDbEntity
  8
tefriş
  6
Continuous
 62
   256
 60
     0
 48
1.0
370
    -1
100
AcDbLine
 39
0.0
 10
25584.9897
 20
22336.1942
 30
0.0
 11
25582.3629
 21
22337.3191
 31
0.0
  0
LINE
  5
1173BA
330
117342
100
AcDbEntity
  8
tefriş
  6
Continuous
 62
   256
 60
     0
 48
1.0
370
    -1
100
AcDbLine
 39
0.0
 10
25582.3629
 20
22337.3191
 30
0.0
 11
25581.0494
 21
22336.7566
 31
0.0
  0
LINE
  5
1173BB
330
117342
100
AcDbEntity
  8
tefriş
  6
Continuous
 62
   256
 60
     0
 48
1.0
370
    -1
100
AcDbLine
 39
0.0
 10
25581.0494
 20
22336.7566
 30
0.0
 11
25581.0494
 21
22335.8193
 31
0.0
  0
LINE
  5
1173BC
330
117342
100
AcDbEntity
  8
tefriş
  6
Continuous
 62
   256
 60
     0
 48
1.0
370
    -1
100
AcDbLine
 39
0.0
 10
25581.0494
 20
22335.8193
 30
0.0
 11
25584.8021
 21
22333.9446
 31
0.0
  0
LINE
  5
1173BD
330
117342
100
AcDbEntity
  8
tefriş
  6
Continuous
 62
   256
 60
     0
 48
1.0
370
    -1
100
AcDbLine
 39
0.0
 10
25584.8021
 20
22333.9446
 30
0.0
 11
25584.8021
 21
22332.8197
 31
0.0
  0
LINE
  5
1173BE
330
117342
100
AcDbEntity
  8
tefriş
  6
Continuous
 62
   256
 60
     0
 48
1.0
370
    -1
100
AcDbLine
 39
0.0
 10
25584.8021
 20
22332.8197
 30
0.0
 11
25573.7318
 21
22332.2573
 31
0.0
  0
LINE
  5
1173BF
330
117342
100
AcDbEntity
  8
tefriş
  6
Continuous
 62
   256
 60
     0
 48
1.0
370
    -1
100
AcDbLine
 39
0.0
 10
25573.7318
 20
22332.2573
 30
0.0
 11
25573.3565
 21
22331.32
 31
0.0
  0
LINE
  5
1173C0
330
117342
100
AcDbEntity
  8
tefriş
  6
Continuous
 62
   256
 60
     0
 48
1.0
370
    -1
100
AcDbLine
 39
0.0
 10
25573.3565
 20
22331.32
 30
0.0
 11
25573.5442
 21
22330.3826
 31
0.0
  0
LINE
  5
1173C1
330
117342
100
AcDbEntity
  8
tefriş
  6
Continuous
 62
   256
 60
     0
 48
1.0
370
    -1
100
AcDbLine
 39
0.0
 10
25573.5442
 20
22330.3826
 30
0.0
 11
25575.7957
 21
22330.1951
 31
0.0
  0
LINE
  5
1173C2
330
117342
100
AcDbEntity
  8
tefriş
  6
Continuous
 62
   256
 60
     0
 48
1.0
370
    -1
100
AcDbLine
 39
0.0
 10
25575.7957
 20
22330.1951
 30
0.0
 11
25572.2307
 21
22329.4453
 31
0.0
  0
LINE
  5
1173C3
330
117342
100
AcDbEntity
  8
tefriş
  6
Continuous
 62
   256
 60
     0
 48
1.0
370
    -1
100
AcDbLine
 39
0.0
 10
25572.2307
 20
22329.4453
 30
0.0
 11
25572.0431
 21
22327.9455
 31
0.0
  0
LINE
  5
1173C4
330
117342
100
AcDbEntity
  8
tefriş
  6
Continuous
 62
   256
 60
     0
 48
1.0
370
    -1
100
AcDbLine
 39
0.0
 10
25572.0431
 20
22327.9455
 30
0.0
 11
25572.9813
 21
22327.758
 31
0.0
  0
LINE
  5
1173C5
330
117342
100
AcDbEntity
  8
tefriş
  6
Continuous
 62
   256
 60
     0
 48
1.0
370
    -1
100
AcDbLine
 39
0.0
 10
25572.9813
 20
22327.758
 30
0.0
 11
25575.2328
 21
22327.5705
 31
0.0
  0
LINE
  5
1173C6
330
117342
100
AcDbEntity
  8
tefriş
  6
Continuous
 62
   256
 60
     0
 48
1.0
370
    -1
100
AcDbLine
 39
0.0
 10
25575.2328
 20
22327.5705
 30
0.0
 11
25573.9194
 21
22326.8207
 31
0.0
  0
LINE
  5
1173C7
330
117342
100
AcDbEntity
  8
tefriş
  6
Continuous
 62
   256
 60
     0
 48
1.0
370
    -1
100
AcDbLine
 39
0.0
 10
25573.9194
 20
22326.8207
 30
0.0
 11
25573.9194
 21
22325.8833
 31
0.0
  0
LINE
  5
1173C8
330
117342
100
AcDbEntity
  8
tefriş
  6
Continuous
 62
   256
 60
     0
 48
1.0
370
    -1
100
AcDbLine
 39
0.0
 10
25573.9194
 20
22325.8833
 30
0.0
 11
25576.171
 21
22325.5084
 31
0.0
  0
LINE
  5
1173C9
330
117342
100
AcDbEntity
  8
tefriş
  6
Continuous
 62
   256
 60
     0
 48
1.0
370
    -1
100
AcDbLine
 39
0.0
 10
25576.171
 20
22325.5084
 30
0.0
 11
25575.9834
 21
22324.571
 31
0.0
  0
LINE
  5
1173CA
330
117342
100
AcDbEntity
  8
tefriş
  6
Continuous
 62
   256
 60
     0
 48
1.0
370
    -1
100
AcDbLine
 39
0.0
 10
25575.9834
 20
22324.571
 30
0.0
 11
25576.7339
 21
22323.4462
 31
0.0
  0
LINE
  5
1173CB
330
117342
100
AcDbEntity
  8
tefriş
  6
Continuous
 62
   256
 60
     0
 48
1.0
370
    -1
100
AcDbLine
 39
0.0
 10
25576.7339
 20
22323.4462
 30
0.0
 11
25584.6144
 21
22324.3835
 31
0.0
  0
LINE
  5
1173CC
330
117342
100
AcDbEntity
  8
tefriş
  6
Continuous
 62
   256
 60
     0
 48
1.0
370
    -1
100
AcDbLine
 39
0.0
 10
25584.6144
 20
22324.3835
 30
0.0
 11
25589.4929
 21
22325.3209
 31
0.0
  0
LINE
  5
1173CD
330
117342
100
AcDbEntity
  8
tefriş
  6
Continuous
 62
   256
 60
     0
 48
1.0
370
    -1
100
AcDbLine
 39
0.0
 10
25589.4929
 20
22325.3209
 30
0.0
 11
25593.1763
 21
22325.5775
 31
0.0
  0
LINE
  5
1173CE
330
117342
100
AcDbEntity
  8
tefriş
  6
Continuous
 62
   256
 60
     0
 48
1.0
370
    -1
100
AcDbLine
 39
0.0
 10
25586.866
 20
22366.9396
 30
0.0
 11
25576.3586
 21
22371.2514
 31
0.0
  0
LINE
  5
1173CF
330
117342
100
AcDbEntity
  8
tefriş
  6
Continuous
 62
   256
 60
     0
 48
1.0
370
    -1
100
AcDbLine
 39
0.0
 10
25576.3586
 20
22371.2514
 30
0.0
 11
25571.2926
 21
22372.5637
 31
0.0
  0
LINE
  5
1173D0
330
117342
100
AcDbEntity
  8
tefriş
  6
Continuous
 62
   256
 60
     0
 48
1.0
370
    -1
100
AcDbLine
 39
0.0
 10
25571.2926
 20
22372.5637
 30
0.0
 11
25567.1647
 21
22371.2514
 31
0.0
  0
LINE
  5
1173D1
330
117342
100
AcDbEntity
  8
tefriş
  6
Continuous
 62
   256
 60
     0
 48
1.0
370
    -1
100
AcDbLine
 39
0.0
 10
25567.1647
 20
22371.2514
 30
0.0
 11
25565.8513
 21
22369.3767
 31
0.0
  0
LINE
  5
1173D2
330
117342
100
AcDbEntity
  8
tefriş
  6
Continuous
 62
   256
 60
     0
 48
1.0
370
    -1
100
AcDbLine
 39
0.0
 10
25565.8513
 20
22369.3767
 30
0.0
 11
25565.8513
 21
22367.3145
 31
0.0
  0
LINE
  5
1173D3
330
117342
100
AcDbEntity
  8
tefriş
  6
Continuous
 62
   256
 60
     0
 48
1.0
370
    -1
100
AcDbLine
 39
0.0
 10
25565.8513
 20
22367.3145
 30
0.0
 11
25568.4781
 21
22365.2523
 31
0.0
  0
LINE
  5
1173D4
330
117342
100
AcDbEntity
  8
tefriş
  6
Continuous
 62
   256
 60
     0
 48
1.0
370
    -1
100
AcDbLine
 39
0.0
 10
25568.4781
 20
22365.2523
 30
0.0
 11
25571.4802
 21
22364.5024
 31
0.0
  0
LINE
  5
1173D5
330
117342
100
AcDbEntity
  8
tefriş
  6
Continuous
 62
   256
 60
     0
 48
1.0
370
    -1
100
AcDbLine
 39
0.0
 10
25573.7318
 20
22357.566
 30
0.0
 11
25571.4802
 21
22360.5655
 31
0.0
  0
LINE
  5
1173D6
330
117342
100
AcDbEntity
  8
tefriş
  6
Continuous
 62
   256
 60
     0
 48
1.0
370
    -1
100
AcDbLine
 39
0.0
 10
25571.4802
 20
22360.5655
 30
0.0
 11
25571.4802
 21
22363.7525
 31
0.0
  0
LINE
  5
1173D7
330
117342
100
AcDbEntity
  8
tefriş
  6
Continuous
 62
   256
 60
     0
 48
1.0
370
    -1
100
AcDbLine
 39
0.0
 10
25571.4802
 20
22363.7525
 30
0.0
 11
25573.5442
 21
22366.5646
 31
0.0
  0
LINE
  5
1173D8
330
117342
100
AcDbEntity
  8
tefriş
  6
Continuous
 62
   256
 60
     0
 48
1.0
370
    -1
100
AcDbLine
 39
0.0
 10
25573.5442
 20
22366.5646
 30
0.0
 11
25576.3586
 21
22368.4393
 31
0.0
  0
LINE
  5
1173D9
330
117342
100
AcDbEntity
  8
tefriş
  6
Continuous
 62
   256
 60
     0
 48
1.0
370
    -1
100
AcDbLine
 39
0.0
 10
25576.3586
 20
22368.4393
 30
0.0
 11
25580.8618
 21
22367.8769
 31
0.0
  0
LINE
  5
1173DA
330
117342
100
AcDbEntity
  8
tefriş
  6
Continuous
 62
   256
 60
     0
 48
1.0
370
    -1
100
AcDbLine
 39
0.0
 10
25580.8618
 20
22367.8769
 30
0.0
 11
25588.1794
 21
22366.1897
 31
0.0
  0
LINE
  5
1173DB
330
117342
100
AcDbEntity
  8
tefriş
  6
Continuous
 62
   256
 60
     0
 48
1.0
370
    -1
100
AcDbLine
 39
0.0
 10
25588.1794
 20
22366.1897
 30
0.0
 11
25594.9342
 21
22364.6899
 31
0.0
  0
LINE
  5
1173DC
330
117342
100
AcDbEntity
  8
tefriş
  6
Continuous
 62
   256
 60
     0
 48
1.0
370
    -1
100
AcDbLine
 39
0.0
 10
25569.9792
 20
22332.4448
 30
0.0
 11
25562.2863
 21
22331.8824
 31
0.0
  0
LINE
  5
1173DD
330
117342
100
AcDbEntity
  8
tefriş
  6
Continuous
 62
   256
 60
     0
 48
1.0
370
    -1
100
AcDbLine
 39
0.0
 10
25562.2863
 20
22331.8824
 30
0.0
 11
25559.2841
 21
22331.8824
 31
0.0
  0
LINE
  5
1173DE
330
117342
100
AcDbEntity
  8
tefriş
  6
Continuous
 62
   256
 60
     0
 48
1.0
370
    -1
100
AcDbLine
 39
0.0
 10
25559.2841
 20
22331.8824
 30
0.0
 11
25556.4697
 21
22330.0077
 31
0.0
  0
LINE
  5
1173DF
330
117342
100
AcDbEntity
  8
tefriş
  6
Continuous
 62
   256
 60
     0
 48
1.0
370
    -1
100
AcDbLine
 39
0.0
 10
25556.4697
 20
22330.0077
 30
0.0
 11
25554.9686
 21
22326.8207
 31
0.0
  0
LINE
  5
1173E0
330
117342
100
AcDbEntity
  8
tefriş
  6
Continuous
 62
   256
 60
     0
 48
1.0
370
    -1
100
AcDbLine
 39
0.0
 10
25554.9686
 20
22326.8207
 30
0.0
 11
25557.4078
 21
22324.571
 31
0.0
  0
LINE
  5
1173E1
330
117342
100
AcDbEntity
  8
tefriş
  6
Continuous
 62
   256
 60
     0
 48
1.0
370
    -1
100
AcDbLine
 39
0.0
 10
25557.4078
 20
22324.571
 30
0.0
 11
25562.6615
 21
22323.2587
 31
0.0
  0
LINE
  5
1173E2
330
117342
100
AcDbEntity
  8
tefriş
  6
Continuous
 62
   256
 60
     0
 48
1.0
370
    -1
100
AcDbLine
 39
0.0
 10
25562.6615
 20
22323.2587
 30
0.0
 11
25567.7276
 21
22323.0712
 31
0.0
  0
LINE
  5
1173E3
330
117342
100
AcDbEntity
  8
tefriş
  6
Continuous
 62
   256
 60
     0
 48
1.0
370
    -1
100
AcDbLine
 39
0.0
 10
25567.7276
 20
22323.0712
 30
0.0
 11
25570.1226
 21
22324.0968
 31
0.0
  0
LINE
  5
1173E4
330
117342
100
AcDbEntity
  8
tefriş
  6
Continuous
 62
   256
 60
     0
 48
1.0
370
    -1
100
AcDbLine
 39
0.0
 10
25580.8618
 20
22336.1942
 30
0.0
 11
25574.8576
 21
22336.0068
 31
0.0
  0
LINE
  5
1173E5
330
117342
100
AcDbEntity
  8
tefriş
  6
Continuous
 62
   256
 60
     0
 48
1.0
370
    -1
100
AcDbLine
 39
0.0
 10
25574.8576
 20
22336.0068
 30
0.0
 11
25570.5421
 21
22332.6323
 31
0.0
  0
LINE
  5
1173E6
330
117342
100
AcDbEntity
  8
tefriş
  6
Continuous
 62
   256
 60
     0
 48
1.0
370
    -1
100
AcDbLine
 39
0.0
 10
25570.5421
 20
22332.6323
 30
0.0
 11
25568.1028
 21
22328.133
 31
0.0
  0
LINE
  5
1173E7
330
117342
100
AcDbEntity
  8
tefriş
  6
Continuous
 62
   256
 60
     0
 48
1.0
370
    -1
100
AcDbLine
 39
0.0
 10
25568.1028
 20
22328.133
 30
0.0
 11
25570.3544
 21
22323.6336
 31
0.0
  0
LINE
  5
1173E8
330
117342
100
AcDbEntity
  8
tefriş
  6
Continuous
 62
   256
 60
     0
 48
1.0
370
    -1
100
AcDbLine
 39
0.0
 10
25570.3544
 20
22323.6336
 30
0.0
 11
25574.8576
 21
22322.3213
 31
0.0
  0
LINE
  5
1173E9
330
117342
100
AcDbEntity
  8
tefriş
  6
Continuous
 62
   256
 60
     0
 48
1.0
370
    -1
100
AcDbLine
 39
0.0
 10
25574.8576
 20
22322.3213
 30
0.0
 11
25585.365
 21
22321.7589
 31
0.0
  0
LINE
  5
1173EA
330
117342
100
AcDbEntity
  8
tefriş
  6
Continuous
 62
   256
 60
     0
 48
1.0
370
    -1
100
AcDbLine
 39
0.0
 10
25585.365
 20
22321.7589
 30
0.0
 11
25597.7487
 21
22322.1339
 31
0.0
  0
LINE
  5
1173EB
330
117342
100
AcDbEntity
  8
tefriş
  6
Continuous
 62
   256
 60
     0
 48
1.0
370
    -1
100
AcDbLine
 39
0.0
 10
25592.8702
 20
22325.8833
 30
0.0
 11
25593.996
 21
22324.7585
 31
0.0
  0
LINE
  5
1173EC
330
117342
100
AcDbEntity
  8
tefriş
  6
Continuous
 62
   256
 60
     0
 48
1.0
370
    -1
100
AcDbLine
 39
0.0
 10
25593.996
 20
22324.7585
 30
0.0
 11
25596.8105
 21
22324.0086
 31
0.0
  0
LINE
  5
1173ED
330
117342
100
AcDbEntity
  8
tefriş
  6
Continuous
 62
   256
 60
     0
 48
1.0
370
    -1
100
AcDbLine
 39
0.0
 10
25596.8105
 20
22324.0086
 30
0.0
 11
25601.5013
 21
22319.5093
 31
0.0
  0
LINE
  5
1173EE
330
117342
100
AcDbEntity
  8
tefriş
  6
Continuous
 62
   256
 60
     0
 48
1.0
370
    -1
100
AcDbLine
 39
0.0
 10
25601.5013
 20
22319.5093
 30
0.0
 11
25619.1387
 21
22311.6355
 31
0.0
  0
LINE
  5
1173EF
330
117342
100
AcDbEntity
  8
tefriş
  6
Continuous
 62
   256
 60
     0
 48
1.0
370
    -1
100
AcDbLine
 39
0.0
 10
25619.1387
 20
22311.6355
 30
0.0
 11
25622.8913
 21
22311.0731
 31
0.0
  0
LINE
  5
1173F0
330
117342
100
AcDbEntity
  8
tefriş
  6
Continuous
 62
   256
 60
     0
 48
1.0
370
    -1
100
AcDbLine
 39
0.0
 10
25622.8913
 20
22311.0731
 30
0.0
 11
25627.5319
 21
22312.6266
 31
0.0
  0
LINE
  5
1173F1
330
117342
100
AcDbEntity
  8
tefriş
  6
Continuous
 62
   256
 60
     0
 48
1.0
370
    -1
100
AcDbLine
 39
0.0
 10
25627.5319
 20
22312.6266
 30
0.0
 11
25629.1195
 21
22313.9523
 31
0.0
  0
LINE
  5
1173F2
330
117342
100
AcDbEntity
  8
tefriş
  6
Continuous
 62
   256
 60
     0
 48
1.0
370
    -1
100
AcDbLine
 39
0.0
 10
25629.1195
 20
22313.9523
 30
0.0
 11
25631.3687
 21
22318.3272
 31
0.0
  0
LINE
  5
1173F3
330
117342
100
AcDbEntity
  8
tefriş
  6
Continuous
 62
   256
 60
     0
 48
1.0
370
    -1
100
AcDbLine
 39
0.0
 10
25631.3687
 20
22318.3272
 30
0.0
 11
25632.6482
 21
22322.1339
 31
0.0
  0
LINE
  5
1173F4
330
117342
100
AcDbEntity
  8
tefriş
  6
Continuous
 62
   256
 60
     0
 48
1.0
370
    -1
100
AcDbLine
 39
0.0
 10
25632.6482
 20
22322.1339
 30
0.0
 11
25633.1667
 21
22328.3204
 31
0.0
  0
LINE
  5
1173F5
330
117342
100
AcDbEntity
  8
tefriş
  6
Continuous
 62
   256
 60
     0
 48
1.0
370
    -1
100
AcDbLine
 39
0.0
 10
25633.1667
 20
22328.3204
 30
0.0
 11
25633.6244
 21
22333.9446
 31
0.0
  0
LINE
  5
1173F6
330
117342
100
AcDbEntity
  8
tefriş
  6
Continuous
 62
   256
 60
     0
 48
1.0
370
    -1
100
AcDbLine
 39
0.0
 10
25633.6244
 20
22333.9446
 30
0.0
 11
25632.9786
 21
22348.9423
 31
0.0
  0
LINE
  5
1173F7
330
117342
100
AcDbEntity
  8
tefriş
  6
Continuous
 62
   256
 60
     0
 48
1.0
370
    -1
100
AcDbLine
 39
0.0
 10
25632.9786
 20
22348.9423
 30
0.0
 11
25631.387
 21
22354.1915
 31
0.0
  0
LINE
  5
1173F8
330
117342
100
AcDbEntity
  8
tefriş
  6
Continuous
 62
   256
 60
     0
 48
1.0
370
    -1
100
AcDbLine
 39
0.0
 10
25631.387
 20
22354.1915
 30
0.0
 11
25628.3326
 21
22360.0031
 31
0.0
  0
LINE
  5
1173F9
330
117342
100
AcDbEntity
  8
tefriş
  6
Continuous
 62
   256
 60
     0
 48
1.0
370
    -1
100
AcDbLine
 39
0.0
 10
25628.3326
 20
22360.0031
 30
0.0
 11
25626.4112
 21
22362.6277
 31
0.0
  0
LINE
  5
1173FA
330
117342
100
AcDbEntity
  8
tefriş
  6
Continuous
 62
   256
 60
     0
 48
1.0
370
    -1
100
AcDbLine
 39
0.0
 10
25626.4112
 20
22362.6277
 30
0.0
 11
25623.6418
 21
22366.9396
 31
0.0
  0
LINE
  5
1173FB
330
117342
100
AcDbEntity
  8
tefriş
  6
Continuous
 62
   256
 60
     0
 48
1.0
370
    -1
100
AcDbLine
 39
0.0
 10
25623.6418
 20
22366.9396
 30
0.0
 11
25621.3903
 21
22369.1892
 31
0.0
  0
LINE
  5
1173FC
330
117342
100
AcDbEntity
  8
tefriş
  6
Continuous
 62
   256
 60
     0
 48
1.0
370
    -1
100
AcDbLine
 39
0.0
 10
25621.3903
 20
22369.1892
 30
0.0
 11
25613.885
 21
22369.7516
 31
0.0
  0
LINE
  5
1173FD
330
117342
100
AcDbEntity
  8
tefriş
  6
Continuous
 62
   256
 60
     0
 48
1.0
370
    -1
100
AcDbLine
 39
0.0
 10
25613.885
 20
22369.7516
 30
0.0
 11
25607.6931
 21
22368.8143
 31
0.0
  0
LINE
  5
1173FE
330
117342
100
AcDbEntity
  8
tefriş
  6
Continuous
 62
   256
 60
     0
 48
1.0
370
    -1
100
AcDbLine
 39
0.0
 10
25607.6931
 20
22368.8143
 30
0.0
 11
25599.625
 21
22366.1897
 31
0.0
  0
LINE
  5
1173FF
330
117342
100
AcDbEntity
  8
tefriş
  6
Continuous
 62
   256
 60
     0
 48
1.0
370
    -1
100
AcDbLine
 39
0.0
 10
25599.625
 20
22366.1897
 30
0.0
 11
25593.8084
 21
22363.5651
 31
0.0
  0
LINE
  5
117400
330
117342
100
AcDbEntity
  8
tefriş
  6
Continuous
 62
   256
 60
     0
 48
1.0
370
    -1
100
AcDbLine
 39
0.0
 10
25593.8084
 20
22363.5651
 30
0.0
 11
25588.3671
 21
22362.2528
 31
0.0
  0
LINE
  5
117401
330
117342
100
AcDbEntity
  8
tefriş
  6
Continuous
 62
   256
 60
     0
 48
1.0
370
    -1
100
AcDbLine
 39
0.0
 10
25588.3671
 20
22362.2528
 30
0.0
 11
25587.9918
 21
22361.1279
 31
0.0
  0
ENDBLK
  5
117344
330
117342
100
AcDbEntity
  8
0
100
AcDbBlockEnd
  0
BLOCK
  5
132D07
330
132D06
100
AcDbEntity
  8
0
100
AcDbBlockBegin
  2
*D20
 70
     0
 10
0.0
 20
0.0
 30
0.0
  3
*D20
  1

  4

  0
LINE
  5
132D9C
330
132D06
100
AcDbEntity
  8
ölçü
  6
DUZ
 62
    83
440
 16777216
 60
     0
 48
1.0
370
    -2
100
AcDbLine
 39
0.0
 10
75798.62
 20
22730.1257
 30
0.0
 11
76040.716
 21
22730.1257
 31
0.0
  0
INSERT
  5
132D9D
330
132D06
100
AcDbEntity
  8
ölçü
  6
DUZ
 62
    83
440
 16777216
 60
     0
 48
1.0
370
    -2
100
AcDbBlockReference
 66
     0
  2
_ArchTick
 10
75801.668
 20
22730.1257
 30
0.0
 41
3.048
 42
3.048
 43
3.048
 50
180.0
 70
     0
 71
     0
 44
0.0
 45
0.0
210
0.0
220
0.0
230
1.0
  0
INSERT
  5
132D9E
330
132D06
100
AcDbEntity
  8
ölçü
  6
DUZ
 62
    83
440
 16777216
 60
     0
 48
1.0
370
    -2
100
AcDbBlockReference
 66
     0
  2
_ArchTick
 10
76037.668
 20
22730.1257
 30
0.0
 41
3.048
 42
3.048
 43
3.048
 50
0.0
 70
     0
 71
     0
 44
0.0
 45
0.0
210
0.0
220
0.0
230
1.0
  0
MTEXT
  5
132D9F
330
132D06
100
AcDbEntity
  8
ölçü
  6
DUZ
 62
     7
440
 16777216
 60
     0
 48
1.0
370
    -1
100
AcDbMText
 10
75919.668
 20
22755.042
 30
0.0
210
0.0
220
0.0
230
1.0
 40
24.384
 41
0.0
 50
0.0
 71
     5
 72
     1
  1
\A1;236.0
  7
OZGUR
 11
1.0
 21
0.0
 31
0.0
 42
97.536
 73
     1
 44
1.0
 90
        0
 75
     0
 78
     0
 79
     0
 48
0.0
 49
0.0
  0
POINT
  5
132DA0
330
132D06
100
AcDbEntity
  8
DEFPOINTS
  6
Continuous
 62
     0
440
 16777216
 60
     0
 48
1.0
370
    -1
100
AcDbPoint
 10
75801.668
 20
22730.1257
 30
0.0
 39
0.0
 50
0.0
  0
POINT
  5
132DA1
330
132D06
100
AcDbEntity
  8
DEFPOINTS
  6
Continuous
 62
     0
440
 16777216
 60
     0
 48
1.0
370
    -1
100
AcDbPoint
 10
76037.668
 20
22730.1257
 30
0.0
 39
0.0
 50
0.0
  0
POINT
  5
132DA2
330
132D06
100
AcDbEntity
  8
DEFPOINTS
  6
Continuous
 62
     0
440
 16777216
 60
     0
 48
1.0
370
    -1
100
AcDbPoint
 10
76037.668
 20
22730.1257
 30
0.0
 39
0.0
 50
0.0
  0
ENDBLK
  5
132D08
330
132D06
100
AcDbEntity
  8
0
100
AcDbBlockEnd
  0
BLOCK
  5
132D11
330
132D10
100
AcDbEntity
  8
0
100
AcDbBlockBegin
  2
*D21
 70
     0
 10
0.0
 20
0.0
 30
0.0
  3
*D21
  1

  4

  0
LINE
  5
132DA3
330
132D10
100
AcDbEntity
  8
ölçü
  6
DUZ
 62
    83
440
 16777216
 60
     0
 48
1.0
370
    -2
100
AcDbLine
 39
0.0
 10
75873.62
 20
21097.6243
 30
0.0
 11
76134.716
 21
21097.6243
 31
0.0
  0
INSERT
  5
132DA4
330
132D10
100
AcDbEntity
  8
ölçü
  6
DUZ
 62
    83
440
 16777216
 60
     0
 48
1.0
370
    -2
100
AcDbBlockReference
 66
     0
  2
_ArchTick
 10
75876.668
 20
21097.6243
 30
0.0
 41
3.048
 42
3.048
 43
3.048
 50
180.0
 70
     0
 71
     0
 44
0.0
 45
0.0
210
0.0
220
0.0
230
1.0
  0
INSERT
  5
132DA5
330
132D10
100
AcDbEntity
  8
ölçü
  6
DUZ
 62
    83
440
 16777216
 60
     0
 48
1.0
370
    -2
100
AcDbBlockReference
 66
     0
  2
_ArchTick
 10
76131.668
 20
21097.6243
 30
0.0
 41
3.048
 42
3.048
 43
3.048
 50
0.0
 70
     0
 71
     0
 44
0.0
 45
0.0
210
0.0
220
0.0
230
1.0
  0
MTEXT
  5
132DA6
330
132D10
100
AcDbEntity
  8
ölçü
  6
DUZ
 62
     7
440
 16777216
 60
     0
 48
1.0
370
    -1
100
AcDbMText
 10
76004.168
 20
21122.5406
 30
0.0
210
0.0
220
0.0
230
1.0
 40
24.384
 41
0.0
 50
0.0
 71
     5
 72
     1
  1
\A1;255.0
  7
OZGUR
 11
1.0
 21
0.0
 31
0.0
 42
97.536
 73
     1
 44
1.0
 90
        0
 75
     0
 78
     0
 79
     0
 48
0.0
 49
0.0
  0
POINT
  5
132DA7
330
132D10
100
AcDbEntity
  8
DEFPOINTS
  6
Continuous
 62
     0
440
 16777216
 60
     0
 48
1.0
370
    -1
100
AcDbPoint
 10
75876.668
 20
21097.6243
 30
0.0
 39
0.0
 50
0.0
  0
POINT
  5
132DA8
330
132D10
100
AcDbEntity
  8
DEFPOINTS
  6
Continuous
 62
     0
440
 16777216
 60
     0
 48
1.0
370
    -1
100
AcDbPoint
 10
76131.668
 20
21097.6243
 30
0.0
 39
0.0
 50
0.0
  0
POINT
  5
132DA9
330
132D10
100
AcDbEntity
  8
DEFPOINTS
  6
Continuous
 62
     0
440
 16777216
 60
     0
 48
1.0
370
    -1
100
AcDbPoint
 10
76131.668
 20
21097.6243
 30
0.0
 39
0.0
 50
0.0
  0
ENDBLK
  5
132D12
330
132D10
100
AcDbEntity
  8
0
100
AcDbBlockEnd
  0
BLOCK
  5
132D1B
330
132D1A
100
AcDbEntity
  8
0
100
AcDbBlockBegin
  2
*D22
 70
     0
 10
0.0
 20
0.0
 30
0.0
  3
*D22
  1

  4

  0
LINE
  5
132DAA
330
132D1A
100
AcDbEntity
  8
ölçü
  6
DUZ
 62
    83
440
 16777216
 60
     0
 48
1.0
370
    -2
100
AcDbLine
 39
0.0
 10
75593.265
 20
21402.2979
 30
0.0
 11
75593.265
 21
21968.3939
 31
0.0
  0
INSERT
  5
132DAB
330
132D1A
100
AcDbEntity
  8
ölçü
  6
DUZ
 62
    83
440
 16777216
 60
     0
 48
1.0
370
    -2
100
AcDbBlockReference
 66
     0
  2
_ArchTick
 10
75593.265
 20
21405.3459
 30
0.0
 41
3.048
 42
3.048
 43
3.048
 50
270.0
 70
     0
 71
     0
 44
0.0
 45
0.0
210
0.0
220
0.0
230
1.0
  0
INSERT
  5
132DAC
330
132D1A
100
AcDbEntity
  8
ölçü
  6
DUZ
 62
    83
440
 16777216
 60
     0
 48
1.0
370
    -2
100
AcDbBlockReference
 66
     0
  2
_ArchTick
 10
75593.265
 20
21965.3459
 30
0.0
 41
3.048
 42
3.048
 43
3.048
 50
90.0
 70
     0
 71
     0
 44
0.0
 45
0.0
210
0.0
220
0.0
230
1.0
  0
MTEXT
  5
132DAD
330
132D1A
100
AcDbEntity
  8
ölçü
  6
DUZ
 62
     7
440
 16777216
 60
     0
 48
1.0
370
    -1
100
AcDbMText
 10
75568.3488
 20
21685.3459
 30
0.0
210
0.0
220
0.0
230
1.0
 40
24.384
 41
0.0
 50
0.0
 71
     5
 72
     1
  1
\A1;560.0
  7
OZGUR
 11
0.0
 21
1.0
 31
0.0
 42
97.536
 73
     1
 44
1.0
 90
        0
 75
     0
 78
     0
 79
     0
 48
0.0
 49
0.0
  0
POINT
  5
132DAE
330
132D1A
100
AcDbEntity
  8
DEFPOINTS
  6
Continuous
 62
     0
440
 16777216
 60
     0
 48
1.0
370
    -1
100
AcDbPoint
 10
75593.265
 20
21405.3459
 30
0.0
 39
0.0
 50
0.0
  0
POINT
  5
132DAF
330
132D1A
100
AcDbEntity
  8
DEFPOINTS
  6
Continuous
 62
     0
440
 16777216
 60
     0
 48
1.0
370
    -1
100
AcDbPoint
 10
75593.265
 20
21965.3459
 30
0.0
 39
0.0
 50
0.0
  0
POINT
  5
132DB0
330
132D1A
100
AcDbEntity
  8
DEFPOINTS
  6
Continuous
 62
     0
440
 16777216
 60
     0
 48
1.0
370
    -1
100
AcDbPoint
 10
75593.265
 20
21965.3459
 30
0.0
 39
0.0
 50
0.0
  0
ENDBLK
  5
132D1C
330
132D1A
100
AcDbEntity
  8
0
100
AcDbBlockEnd
  0
BLOCK
  5
132D25
330
132D24
100
AcDbEntity
  8
0
100
AcDbBlockBegin
  2
*D23
 70
     0
 10
0.0
 20
0.0
 30
0.0
  3
*D23
  1

  4

  0
LINE
  5
132DB1
330
132D24
100
AcDbEntity
  8
ölçü
  6
DUZ
 62
    83
440
 16777216
 60
     0
 48
1.0
370
    -2
100
AcDbLine
 39
0.0
 10
76068.4479
 20
20967.2979
 30
0.0
 11
76068.4479
 21
21208.3939
 31
0.0
  0
INSERT
  5
132DB2
330
132D24
100
AcDbEntity
  8
ölçü
  6
DUZ
 62
    83
440
 16777216
 60
     0
 48
1.0
370
    -2
100
AcDbBlockReference
 66
     0
  2
_ArchTick
 10
76068.4479
 20
20970.3459
 30
0.0
 41
3.048
 42
3.048
 43
3.048
 50
270.0
 70
     0
 71
     0
 44
0.0
 45
0.0
210
0.0
220
0.0
230
1.0
  0
INSERT
  5
132DB3
330
132D24
100
AcDbEntity
  8
ölçü
  6
DUZ
 62
    83
440
 16777216
 60
     0
 48
1.0
370
    -2
100
AcDbBlockReference
 66
     0
  2
_ArchTick
 10
76068.4479
 20
21205.3459
 30
0.0
 41
3.048
 42
3.048
 43
3.048
 50
90.0
 70
     0
 71
     0
 44
0.0
 45
0.0
210
0.0
220
0.0
230
1.0
  0
MTEXT
  5
132DB4
330
132D24
100
AcDbEntity
  8
ölçü
  6
DUZ
 62
     7
440
 16777216
 60
     0
 48
1.0
370
    -1
100
AcDbMText
 10
76043.5317
 20
21087.8459
 30
0.0
210
0.0
220
0.0
230
1.0
 40
24.384
 41
0.0
 50
0.0
 71
     5
 72
     1
  1
\A1;235.0
  7
OZGUR
 11
0.0
 21
1.0
 31
0.0
 42
97.536
 73
     1
 44
1.0
 90
        0
 75
     0
 78
     0
 79
     0
 48
0.0
 49
0.0
  0
POINT
  5
132DB5
330
132D24
100
AcDbEntity
  8
DEFPOINTS
  6
Continuous
 62
     0
440
 16777216
 60
     0
 48
1.0
370
    -1
100
AcDbPoint
 10
76068.4479
 20
20970.3459
 30
0.0
 39
0.0
 50
0.0
  0
POINT
  5
132DB6
330
132D24
100
AcDbEntity
  8
DEFPOINTS
  6
Continuous
 62
     0
440
 16777216
 60
     0
 48
1.0
370
    -1
100
AcDbPoint
 10
76068.4479
 20
21205.3459
 30
0.0
 39
0.0
 50
0.0
  0
POINT
  5
132DB7
330
132D24
100
AcDbEntity
  8
DEFPOINTS
  6
Continuous
 62
     0
440
 16777216
 60
     0
 48
1.0
370
    -1
100
AcDbPoint
 10
76068.4479
 20
21205.3459
 30
0.0
 39
0.0
 50
0.0
  0
ENDBLK
  5
132D26
330
132D24
100
AcDbEntity
  8
0
100
AcDbBlockEnd
  0
BLOCK
  5
132D2F
330
132D2E
100
AcDbEntity
  8
0
100
AcDbBlockBegin
  2
*D24
 70
     0
 10
0.0
 20
0.0
 30
0.0
  3
*D24
  1

  4

  0
LINE
  5
132DB8
330
132D2E
100
AcDbEntity
  8
ölçü
  6
DUZ
 62
    83
440
 16777216
 60
     0
 48
1.0
370
    -2
100
AcDbLine
 39
0.0
 10
76068.4479
 20
21217.2979
 30
0.0
 11
76068.4479
 21
21613.3939
 31
0.0
  0
INSERT
  5
132DB9
330
132D2E
100
AcDbEntity
  8
ölçü
  6
DUZ
 62
    83
440
 16777216
 60
     0
 48
1.0
370
    -2
100
AcDbBlockReference
 66
     0
  2
_ArchTick
 10
76068.4479
 20
21220.3459
 30
0.0
 41
3.048
 42
3.048
 43
3.048
 50
270.0
 70
     0
 71
     0
 44
0.0
 45
0.0
210
0.0
220
0.0
230
1.0
  0
INSERT
  5
132DBA
330
132D2E
100
AcDbEntity
  8
ölçü
  6
DUZ
 62
    83
440
 16777216
 60
     0
 48
1.0
370
    -2
100
AcDbBlockReference
 66
     0
  2
_ArchTick
 10
76068.4479
 20
21610.3459
 30
0.0
 41
3.048
 42
3.048
 43
3.048
 50
90.0
 70
     0
 71
     0
 44
0.0
 45
0.0
210
0.0
220
0.0
230
1.0
  0
MTEXT
  5
132DBB
330
132D2E
100
AcDbEntity
  8
ölçü
  6
DUZ
 62
     7
440
 16777216
 60
     0
 48
1.0
370
    -1
100
AcDbMText
 10
76043.5317
 20
21353.6228
 30
0.0
210
0.0
220
0.0
230
1.0
 40
24.384
 41
0.0
 50
0.0
 71
     5
 72
     1
  1
\A1;390.0
  7
OZGUR
 11
0.0
 21
1.0
 31
0.0
 42
97.536
 73
     1
 44
1.0
 90
        0
 75
     0
 78
     0
 79
     0
 48
0.0
 49
0.0
  0
POINT
  5
132DBC
330
132D2E
100
AcDbEntity
  8
DEFPOINTS
  6
Continuous
 62
     0
440
 16777216
 60
     0
 48
1.0
370
    -1
100
AcDbPoint
 10
76068.4479
 20
21220.3459
 30
0.0
 39
0.0
 50
0.0
  0
POINT
  5
132DBD
330
132D2E
100
AcDbEntity
  8
DEFPOINTS
  6
Continuous
 62
     0
440
 16777216
 60
     0
 48
1.0
370
    -1
100
AcDbPoint
 10
76068.4479
 20
21610.3459
 30
0.0
 39
0.0
 50
0.0
  0
POINT
  5
132DBE
330
132D2E
100
AcDbEntity
  8
DEFPOINTS
  6
Continuous
 62
     0
440
 16777216
 60
     0
 48
1.0
370
    -1
100
AcDbPoint
 10
76068.4479
 20
21610.3459
 30
0.0
 39
0.0
 50
0.0
  0
ENDBLK
  5
132D30
330
132D2E
100
AcDbEntity
  8
0
100
AcDbBlockEnd
  0
BLOCK
  5
132D39
330
132D38
100
AcDbEntity
  8
0
100
AcDbBlockBegin
  2
*D25
 70
     0
 10
0.0
 20
0.0
 30
0.0
  3
*D25
  1

  4

  0
LINE
  5
132DBF
330
132D38
100
AcDbEntity
  8
ölçü
  6
DUZ
 62
    83
440
 16777216
 60
     0
 48
1.0
370
    -2
100
AcDbLine
 39
0.0
 10
76069.168
 20
21637.2979
 30
0.0
 11
76069.168
 21
21953.3939
 31
0.0
  0
INSERT
  5
132DC0
330
132D38
100
AcDbEntity
  8
ölçü
  6
DUZ
 62
    83
440
 16777216
 60
     0
 48
1.0
370
    -2
100
AcDbBlockReference
 66
     0
  2
_ArchTick
 10
76069.168
 20
21640.3459
 30
0.0
 41
3.048
 42
3.048
 43
3.048
 50
270.0
 70
     0
 71
     0
 44
0.0
 45
0.0
210
0.0
220
0.0
230
1.0
  0
INSERT
  5
132DC1
330
132D38
100
AcDbEntity
  8
ölçü
  6
DUZ
 62
    83
440
 16777216
 60
     0
 48
1.0
370
    -2
100
AcDbBlockReference
 66
     0
  2
_ArchTick
 10
76069.168
 20
21950.3459
 30
0.0
 41
3.048
 42
3.048
 43
3.048
 50
90.0
 70
     0
 71
     0
 44
0.0
 45
0.0
210
0.0
220
0.0
230
1.0
  0
MTEXT
  5
132DC2
330
132D38
100
AcDbEntity
  8
ölçü
  6
DUZ
 62
     7
440
 16777216
 60
     0
 48
1.0
370
    -1
100
AcDbMText
 10
76044.2518
 20
21795.3459
 30
0.0
210
0.0
220
0.0
230
1.0
 40
24.384
 41
0.0
 50
0.0
 71
     5
 72
     1
  1
\A1;310.0
  7
OZGUR
 11
0.0
 21
1.0
 31
0.0
 42
92.8914
 73
     1
 44
1.0
 90
        0
 75
     0
 78
     0
 79
     0
 48
0.0
 49
0.0
  0
POINT
  5
132DC3
330
132D38
100
AcDbEntity
  8
DEFPOINTS
  6
Continuous
 62
     0
440
 16777216
 60
     0
 48
1.0
370
    -1
100
AcDbPoint
 10
76069.168
 20
21640.3459
 30
0.0
 39
0.0
 50
0.0
  0
POINT
  5
132DC4
330
132D38
100
AcDbEntity
  8
DEFPOINTS
  6
Continuous
 62
     0
440
 16777216
 60
     0
 48
1.0
370
    -1
100
AcDbPoint
 10
76069.168
 20
21950.3459
 30
0.0
 39
0.0
 50
0.0
  0
POINT
  5
132DC5
330
132D38
100
AcDbEntity
  8
DEFPOINTS
  6
Continuous
 62
     0
440
 16777216
 60
     0
 48
1.0
370
    -1
100
AcDbPoint
 10
76069.168
 20
21950.3459
 30
0.0
 39
0.0
 50
0.0
  0
ENDBLK
  5
132D3A
330
132D38
100
AcDbEntity
  8
0
100
AcDbBlockEnd
  0
BLOCK
  5
132D43
330
132D42
100
AcDbEntity
  8
0
100
AcDbBlockBegin
  2
*D26
 70
     0
 10
0.0
 20
0.0
 30
0.0
  3
*D26
  1

  4

  0
LINE
  5
132DC6
330
132D42
100
AcDbEntity
  8
ölçü
  6
DUZ
 62
    83
440
 16777216
 60
     0
 48
1.0
370
    -2
100
AcDbLine
 39
0.0
 10
76085.169
 20
21977.2979
 30
0.0
 11
76085.169
 21
22188.3939
 31
0.0
  0
INSERT
  5
132DC7
330
132D42
100
AcDbEntity
  8
ölçü
  6
DUZ
 62
    83
440
 16777216
 60
     0
 48
1.0
370
    -2
100
AcDbBlockReference
 66
     0
  2
_ArchTick
 10
76085.169
 20
21980.3459
 30
0.0
 41
3.048
 42
3.048
 43
3.048
 50
270.0
 70
     0
 71
     0
 44
0.0
 45
0.0
210
0.0
220
0.0
230
1.0
  0
INSERT
  5
132DC8
330
132D42
100
AcDbEntity
  8
ölçü
  6
DUZ
 62
    83
440
 16777216
 60
     0
 48
1.0
370
    -2
100
AcDbBlockReference
 66
     0
  2
_ArchTick
 10
76085.169
 20
22185.3459
 30
0.0
 41
3.048
 42
3.048
 43
3.048
 50
90.0
 70
     0
 71
     0
 44
0.0
 45
0.0
210
0.0
220
0.0
230
1.0
  0
MTEXT
  5
132DC9
330
132D42
100
AcDbEntity
  8
ölçü
  6
DUZ
 62
     7
440
 16777216
 60
     0
 48
1.0
370
    -1
100
AcDbMText
 10
76060.2528
 20
22082.8459
 30
0.0
210
0.0
220
0.0
230
1.0
 40
24.384
 41
0.0
 50
0.0
 71
     5
 72
     1
  1
\A1;205.0
  7
OZGUR
 11
0.0
 21
1.0
 31
0.0
 42
97.536
 73
     1
 44
1.0
 90
        0
 75
     0
 78
     0
 79
     0
 48
0.0
 49
0.0
  0
POINT
  5
132DCA
330
132D42
100
AcDbEntity
  8
DEFPOINTS
  6
Continuous
 62
     0
440
 16777216
 60
     0
 48
1.0
370
    -1
100
AcDbPoint
 10
76069.168
 20
21980.3459
 30
0.0
 39
0.0
 50
0.0
  0
POINT
  5
132DCB
330
132D42
100
AcDbEntity
  8
DEFPOINTS
  6
Continuous
 62
     0
440
 16777216
 60
     0
 48
1.0
370
    -1
100
AcDbPoint
 10
76069.168
 20
22185.3459
 30
0.0
 39
0.0
 50
0.0
  0
POINT
  5
132DCC
330
132D42
100
AcDbEntity
  8
DEFPOINTS
  6
Continuous
 62
     0
440
 16777216
 60
     0
 48
1.0
370
    -1
100
AcDbPoint
 10
76085.169
 20
22185.3459
 30
0.0
 39
0.0
 50
0.0
  0
ENDBLK
  5
132D44
330
132D42
100
AcDbEntity
  8
0
100
AcDbBlockEnd
  0
BLOCK
  5
132D4D
330
132D4C
100
AcDbEntity
  8
0
100
AcDbBlockBegin
  2
*D27
 70
     0
 10
0.0
 20
0.0
 30
0.0
  3
*D27
  1

  4

  0
LINE
  5
132DCD
330
132D4C
100
AcDbEntity
  8
ölçü
  6
DUZ
 62
    83
440
 16777216
 60
     0
 48
1.0
370
    -2
100
AcDbLine
 39
0.0
 10
76259.716
 20
22020.3998
 30
0.0
 11
76049.62
 21
22020.3998
 31
0.0
  0
INSERT
  5
132DCE
330
132D4C
100
AcDbEntity
  8
ölçü
  6
DUZ
 62
    83
440
 16777216
 60
     0
 48
1.0
370
    -2
100
AcDbBlockReference
 66
     0
  2
_ArchTick
 10
76256.668
 20
22020.3998
 30
0.0
 41
3.048
 42
3.048
 43
3.048
 50
0.0
 70
     0
 71
     0
 44
0.0
 45
0.0
210
0.0
220
0.0
230
1.0
  0
INSERT
  5
132DCF
330
132D4C
100
AcDbEntity
  8
ölçü
  6
DUZ
 62
    83
440
 16777216
 60
     0
 48
1.0
370
    -2
100
AcDbBlockReference
 66
     0
  2
_ArchTick
 10
76052.668
 20
22020.3998
 30
0.0
 41
3.048
 42
3.048
 43
3.048
 50
180.0
 70
     0
 71
     0
 44
0.0
 45
0.0
210
0.0
220
0.0
230
1.0
  0
MTEXT
  5
132DD0
330
132D4C
100
AcDbEntity
  8
ölçü
  6
DUZ
 62
     7
440
 16777216
 60
     0
 48
1.0
370
    -1
100
AcDbMText
 10
76154.668
 20
22045.3161
 30
0.0
210
0.0
220
0.0
230
1.0
 40
24.384
 41
0.0
 50
0.0
 71
     5
 72
     1
  1
\A1;204.0
  7
OZGUR
 11
1.0
 21
0.0
 31
0.0
 42
97.536
 73
     1
 44
1.0
 90
        0
 75
     0
 78
     0
 79
     0
 48
0.0
 49
0.0
  0
POINT
  5
132DD1
330
132D4C
100
AcDbEntity
  8
DEFPOINTS
  6
Continuous
 62
     0
440
 16777216
 60
     0
 48
1.0
370
    -1
100
AcDbPoint
 10
76256.668
 20
22020.3998
 30
0.0
 39
0.0
 50
0.0
  0
POINT
  5
132DD2
330
132D4C
100
AcDbEntity
  8
DEFPOINTS
  6
Continuous
 62
     0
440
 16777216
 60
     0
 48
1.0
370
    -1
100
AcDbPoint
 10
76052.668
 20
22020.3998
 30
0.0
 39
0.0
 50
0.0
  0
POINT
  5
132DD3
330
132D4C
100
AcDbEntity
  8
DEFPOINTS
  6
Continuous
 62
     0
440
 16777216
 60
     0
 48
1.0
370
    -1
100
AcDbPoint
 10
76052.668
 20
22020.3998
 30
0.0
 39
0.0
 50
0.0
  0
ENDBLK
  5
132D4E
330
132D4C
100
AcDbEntity
  8
0
100
AcDbBlockEnd
  0
BLOCK
  5
132D57
330
132D56
100
AcDbEntity
  8
0
100
AcDbBlockBegin
  2
*D28
 70
     0
 10
0.0
 20
0.0
 30
0.0
  3
*D28
  1

  4

  0
LINE
  5
132DD4
330
132D56
100
AcDbEntity
  8
ölçü
  6
DUZ
 62
    83
440
 16777216
 60
     0
 48
1.0
370
    -2
100
AcDbLine
 39
0.0
 10
76040.716
 20
22020.3998
 30
0.0
 11
75933.62
 21
22020.3998
 31
0.0
  0
INSERT
  5
132DD5
330
132D56
100
AcDbEntity
  8
ölçü
  6
DUZ
 62
    83
440
 16777216
 60
     0
 48
1.0
370
    -2
100
AcDbBlockReference
 66
     0
  2
_ArchTick
 10
76037.668
 20
22020.3998
 30
0.0
 41
3.048
 42
3.048
 43
3.048
 50
0.0
 70
     0
 71
     0
 44
0.0
 45
0.0
210
0.0
220
0.0
230
1.0
  0
INSERT
  5
132DD6
330
132D56
100
AcDbEntity
  8
ölçü
  6
DUZ
 62
    83
440
 16777216
 60
     0
 48
1.0
370
    -2
100
AcDbBlockReference
 66
     0
  2
_ArchTick
 10
75936.668
 20
22020.3998
 30
0.0
 41
3.048
 42
3.048
 43
3.048
 50
180.0
 70
     0
 71
     0
 44
0.0
 45
0.0
210
0.0
220
0.0
230
1.0
  0
MTEXT
  5
132DD7
330
132D56
100
AcDbEntity
  8
ölçü
  6
DUZ
 62
     7
440
 16777216
 60
     0
 48
1.0
370
    -1
100
AcDbMText
 10
75987.168
 20
22045.3161
 30
0.0
210
0.0
220
0.0
230
1.0
 40
24.384
 41
0.0
 50
0.0
 71
     5
 72
     1
  1
\A1;101.0
  7
OZGUR
 11
1.0
 21
0.0
 31
0.0
 42
88.2469
 73
     1
 44
1.0
 90
        0
 75
     0
 78
     0
 79
     0
 48
0.0
 49
0.0
  0
POINT
  5
132DD8
330
132D56
100
AcDbEntity
  8
DEFPOINTS
  6
Continuous
 62
     0
440
 16777216
 60
     0
 48
1.0
370
    -1
100
AcDbPoint
 10
76037.668
 20
22020.3998
 30
0.0
 39
0.0
 50
0.0
  0
POINT
  5
132DD9
330
132D56
100
AcDbEntity
  8
DEFPOINTS
  6
Continuous
 62
     0
440
 16777216
 60
     0
 48
1.0
370
    -1
100
AcDbPoint
 10
75936.668
 20
22020.3998
 30
0.0
 39
0.0
 50
0.0
  0
POINT
  5
132DDA
330
132D56
100
AcDbEntity
  8
DEFPOINTS
  6
Continuous
 62
     0
440
 16777216
 60
     0
 48
1.0
370
    -1
100
AcDbPoint
 10
75936.668
 20
22020.3998
 30
0.0
 39
0.0
 50
0.0
  0
ENDBLK
  5
132D58
330
132D56
100
AcDbEntity
  8
0
100
AcDbBlockEnd
  0
BLOCK
  5
132D61
330
132D60
100
AcDbEntity
  8
0
100
AcDbBlockBegin
  2
*D29
 70
     0
 10
0.0
 20
0.0
 30
0.0
  3
*D29
  1

  4

  0
LINE
  5
132DDB
330
132D60
100
AcDbEntity
  8
ölçü
  6
DUZ
 62
    83
440
 16777216
 60
     0
 48
1.0
370
    -2
100
AcDbLine
 39
0.0
 10
75924.716
 20
22020.3998
 30
0.0
 11
75663.62
 21
22020.3998
 31
0.0
  0
INSERT
  5
132DDC
330
132D60
100
AcDbEntity
  8
ölçü
  6
DUZ
 62
    83
440
 16777216
 60
     0
 48
1.0
370
    -2
100
AcDbBlockReference
 66
     0
  2
_ArchTick
 10
75921.668
 20
22020.3998
 30
0.0
 41
3.048
 42
3.048
 43
3.048
 50
0.0
 70
     0
 71
     0
 44
0.0
 45
0.0
210
0.0
220
0.0
230
1.0
  0
INSERT
  5
132DDD
330
132D60
100
AcDbEntity
  8
ölçü
  6
DUZ
 62
    83
440
 16777216
 60
     0
 48
1.0
370
    -2
100
AcDbBlockReference
 66
     0
  2
_ArchTick
 10
75666.668
 20
22020.3998
 30
0.0
 41
3.048
 42
3.048
 43
3.048
 50
180.0
 70
     0
 71
     0
 44
0.0
 45
0.0
210
0.0
220
0.0
230
1.0
  0
MTEXT
  5
132DDE
330
132D60
100
AcDbEntity
  8
ölçü
  6
DUZ
 62
     7
440
 16777216
 60
     0
 48
1.0
370
    -1
100
AcDbMText
 10
75794.168
 20
22045.3161
 30
0.0
210
0.0
220
0.0
230
1.0
 40
24.384
 41
0.0
 50
0.0
 71
     5
 72
     1
  1
\A1;255.0
  7
OZGUR
 11
1.0
 21
0.0
 31
0.0
 42
97.536
 73
     1
 44
1.0
 90
        0
 75
     0
 78
     0
 79
     0
 48
0.0
 49
0.0
  0
POINT
  5
132DDF
330
132D60
100
AcDbEntity
  8
DEFPOINTS
  6
Continuous
 62
     0
440
 16777216
 60
     0
 48
1.0
370
    -1
100
AcDbPoint
 10
75921.668
 20
22020.3998
 30
0.0
 39
0.0
 50
0.0
  0
POINT
  5
132DE0
330
132D60
100
AcDbEntity
  8
DEFPOINTS
  6
Continuous
 62
     0
440
 16777216
 60
     0
 48
1.0
370
    -1
100
AcDbPoint
 10
75666.668
 20
22020.3998
 30
0.0
 39
0.0
 50
0.0
  0
POINT
  5
132DE1
330
132D60
100
AcDbEntity
  8
DEFPOINTS
  6
Continuous
 62
     0
440
 16777216
 60
     0
 48
1.0
370
    -1
100
AcDbPoint
 10
75666.668
 20
22020.3998
 30
0.0
 39
0.0
 50
0.0
  0
ENDBLK
  5
132D62
330
132D60
100
AcDbEntity
  8
0
100
AcDbBlockEnd
  0
BLOCK
  5
132D6B
330
132D6A
100
AcDbEntity
  8
0
100
AcDbBlockBegin
  2
*D30
 70
     0
 10
0.0
 20
0.0
 30
0.0
  3
*D30
  1

  4

  0
LINE
  5
132DE2
330
132D6A
100
AcDbEntity
  8
ölçü
  6
DUZ
 62
    83
440
 16777216
 60
     0
 48
1.0
370
    -2
100
AcDbLine
 39
0.0
 10
75654.716
 20
22020.3998
 30
0.0
 11
75471.12
 21
22020.3998
 31
0.0
  0
INSERT
  5
132DE3
330
132D6A
100
AcDbEntity
  8
ölçü
  6
DUZ
 62
    83
440
 16777216
 60
     0
 48
1.0
370
    -2
100
AcDbBlockReference
 66
     0
  2
_ArchTick
 10
75651.668
 20
22020.3998
 30
0.0
 41
3.048
 42
3.048
 43
3.048
 50
0.0
 70
     0
 71
     0
 44
0.0
 45
0.0
210
0.0
220
0.0
230
1.0
  0
INSERT
  5
132DE4
330
132D6A
100
AcDbEntity
  8
ölçü
  6
DUZ
 62
    83
440
 16777216
 60
     0
 48
1.0
370
    -2
100
AcDbBlockReference
 66
     0
  2
_ArchTick
 10
75474.168
 20
22020.3998
 30
0.0
 41
3.048
 42
3.048
 43
3.048
 50
180.0
 70
     0
 71
     0
 44
0.0
 45
0.0
210
0.0
220
0.0
230
1.0
  0
MTEXT
  5
132DE5
330
132D6A
100
AcDbEntity
  8
ölçü
  6
DUZ
 62
     7
440
 16777216
 60
     0
 48
1.0
370
    -1
100
AcDbMText
 10
75562.918
 20
22045.3161
 30
0.0
210
0.0
220
0.0
230
1.0
 40
24.384
 41
0.0
 50
0.0
 71
     5
 72
     1
  1
\A1;177.5
  7
OZGUR
 11
1.0
 21
0.0
 31
0.0
 42
92.8914
 73
     1
 44
1.0
 90
        0
 75
     0
 78
     0
 79
     0
 48
0.0
 49
0.0
  0
POINT
  5
132DE6
330
132D6A
100
AcDbEntity
  8
DEFPOINTS
  6
Continuous
 62
     0
440
 16777216
 60
     0
 48
1.0
370
    -1
100
AcDbPoint
 10
75651.668
 20
22020.3998
 30
0.0
 39
0.0
 50
0.0
  0
POINT
  5
132DE7
330
132D6A
100
AcDbEntity
  8
DEFPOINTS
  6
Continuous
 62
     0
440
 16777216
 60
     0
 48
1.0
370
    -1
100
AcDbPoint
 10
75474.168
 20
22020.3998
 30
0.0
 39
0.0
 50
0.0
  0
POINT
  5
132DE8
330
132D6A
100
AcDbEntity
  8
DEFPOINTS
  6
Continuous
 62
     0
440
 16777216
 60
     0
 48
1.0
370
    -1
100
AcDbPoint
 10
75474.168
 20
22020.3998
 30
0.0
 39
0.0
 50
0.0
  0
ENDBLK
  5
132D6C
330
132D6A
100
AcDbEntity
  8
0
100
AcDbBlockEnd
  0
BLOCK
  5
132D75
330
132D74
100
AcDbEntity
  8
0
100
AcDbBlockBegin
  2
*D31
 70
     0
 10
0.0
 20
0.0
 30
0.0
  3
*D31
  1

  4

  0
LINE
  5
132DE9
330
132D74
100
AcDbEntity
  8
ölçü
  6
DUZ
 62
    83
440
 16777216
 60
     0
 48
1.0
370
    -2
100
AcDbLine
 39
0.0
 10
75473.62
 20
21507.0053
 30
0.0
 11
75654.716
 21
21507.0053
 31
0.0
  0
INSERT
  5
132DEA
330
132D74
100
AcDbEntity
  8
ölçü
  6
DUZ
 62
    83
440
 16777216
 60
     0
 48
1.0
370
    -2
100
AcDbBlockReference
 66
     0
  2
_ArchTick
 10
75476.668
 20
21507.0053
 30
0.0
 41
3.048
 42
3.048
 43
3.048
 50
180.0
 70
     0
 71
     0
 44
0.0
 45
0.0
210
0.0
220
0.0
230
1.0
  0
INSERT
  5
132DEB
330
132D74
100
AcDbEntity
  8
ölçü
  6
DUZ
 62
    83
440
 16777216
 60
     0
 48
1.0
370
    -2
100
AcDbBlockReference
 66
     0
  2
_ArchTick
 10
75651.668
 20
21507.0053
 30
0.0
 41
3.048
 42
3.048
 43
3.048
 50
0.0
 70
     0
 71
     0
 44
0.0
 45
0.0
210
0.0
220
0.0
230
1.0
  0
MTEXT
  5
132DEC
330
132D74
100
AcDbEntity
  8
ölçü
  6
DUZ
 62
     7
440
 16777216
 60
     0
 48
1.0
370
    -1
100
AcDbMText
 10
75564.168
 20
21531.9216
 30
0.0
210
0.0
220
0.0
230
1.0
 40
24.384
 41
0.0
 50
0.0
 71
     5
 72
     1
  1
\A1;175.0
  7
OZGUR
 11
1.0
 21
0.0
 31
0.0
 42
92.8914
 73
     1
 44
1.0
 90
        0
 75
     0
 78
     0
 79
     0
 48
0.0
 49
0.0
  0
POINT
  5
132DED
330
132D74
100
AcDbEntity
  8
DEFPOINTS
  6
Continuous
 62
     0
440
 16777216
 60
     0
 48
1.0
370
    -1
100
AcDbPoint
 10
75476.668
 20
21507.0053
 30
0.0
 39
0.0
 50
0.0
  0
POINT
  5
132DEE
330
132D74
100
AcDbEntity
  8
DEFPOINTS
  6
Continuous
 62
     0
440
 16777216
 60
     0
 48
1.0
370
    -1
100
AcDbPoint
 10
75651.668
 20
21507.0053
 30
0.0
 39
0.0
 50
0.0
  0
POINT
  5
132DEF
330
132D74
100
AcDbEntity
  8
DEFPOINTS
  6
Continuous
 62
     0
440
 16777216
 60
     0
 48
1.0
370
    -1
100
AcDbPoint
 10
75651.668
 20
21507.0053
 30
0.0
 39
0.0
 50
0.0
  0
ENDBLK
  5
132D76
330
132D74
100
AcDbEntity
  8
0
100
AcDbBlockEnd
  0
BLOCK
  5
132D7F
330
132D7E
100
AcDbEntity
  8
0
100
AcDbBlockBegin
  2
*D32
 70
     0
 10
0.0
 20
0.0
 30
0.0
  3
*D32
  1

  4

  0
LINE
  5
132DF0
330
132D7E
100
AcDbEntity
  8
ölçü
  6
DUZ
 62
    83
440
 16777216
 60
     0
 48
1.0
370
    -2
100
AcDbLine
 39
0.0
 10
75663.62
 20
21507.0053
 30
0.0
 11
75809.716
 21
21507.0053
 31
0.0
  0
INSERT
  5
132DF1
330
132D7E
100
AcDbEntity
  8
ölçü
  6
DUZ
 62
    83
440
 16777216
 60
     0
 48
1.0
370
    -2
100
AcDbBlockReference
 66
     0
  2
_ArchTick
 10
75666.668
 20
21507.0053
 30
0.0
 41
3.048
 42
3.048
 43
3.048
 50
180.0
 70
     0
 71
     0
 44
0.0
 45
0.0
210
0.0
220
0.0
230
1.0
  0
INSERT
  5
132DF2
330
132D7E
100
AcDbEntity
  8
ölçü
  6
DUZ
 62
    83
440
 16777216
 60
     0
 48
1.0
370
    -2
100
AcDbBlockReference
 66
     0
  2
_ArchTick
 10
75806.668
 20
21507.0053
 30
0.0
 41
3.048
 42
3.048
 43
3.048
 50
0.0
 70
     0
 71
     0
 44
0.0
 45
0.0
210
0.0
220
0.0
230
1.0
  0
MTEXT
  5
132DF3
330
132D7E
100
AcDbEntity
  8
ölçü
  6
DUZ
 62
     7
440
 16777216
 60
     0
 48
1.0
370
    -1
100
AcDbMText
 10
75736.668
 20
21531.9216
 30
0.0
210
0.0
220
0.0
230
1.0
 40
24.384
 41
0.0
 50
0.0
 71
     5
 72
     1
  1
\A1;140.0
  7
OZGUR
 11
1.0
 21
0.0
 31
0.0
 42
92.8914
 73
     1
 44
1.0
 90
        0
 75
     0
 78
     0
 79
     0
 48
0.0
 49
0.0
  0
POINT
  5
132DF4
330
132D7E
100
AcDbEntity
  8
DEFPOINTS
  6
Continuous
 62
     0
440
 16777216
 60
     0
 48
1.0
370
    -1
100
AcDbPoint
 10
75666.668
 20
21507.0053
 30
0.0
 39
0.0
 50
0.0
  0
POINT
  5
132DF5
330
132D7E
100
AcDbEntity
  8
DEFPOINTS
  6
Continuous
 62
     0
440
 16777216
 60
     0
 48
1.0
370
    -1
100
AcDbPoint
 10
75806.668
 20
21507.0053
 30
0.0
 39
0.0
 50
0.0
  0
POINT
  5
132DF6
330
132D7E
100
AcDbEntity
  8
DEFPOINTS
  6
Continuous
 62
     0
440
 16777216
 60
     0
 48
1.0
370
    -1
100
AcDbPoint
 10
75806.668
 20
21507.0053
 30
0.0
 39
0.0
 50
0.0
  0
ENDBLK
  5
132D80
330
132D7E
100
AcDbEntity
  8
0
100
AcDbBlockEnd
  0
BLOCK
  5
132D89
330
132D88
100
AcDbEntity
  8
0
100
AcDbBlockBegin
  2
*D33
 70
     0
 10
0.0
 20
0.0
 30
0.0
  3
*D33
  1

  4

  0
LINE
  5
132DF7
330
132D88
100
AcDbEntity
  8
ölçü
  6
DUZ
 62
    83
440
 16777216
 60
     0
 48
1.0
370
    -2
100
AcDbLine
 39
0.0
 10
75818.62
 20
21507.0053
 30
0.0
 11
76134.716
 21
21507.0053
 31
0.0
  0
INSERT
  5
132DF8
330
132D88
100
AcDbEntity
  8
ölçü
  6
DUZ
 62
    83
440
 16777216
 60
     0
 48
1.0
370
    -2
100
AcDbBlockReference
 66
     0
  2
_ArchTick
 10
75821.668
 20
21507.0053
 30
0.0
 41
3.048
 42
3.048
 43
3.048
 50
180.0
 70
     0
 71
     0
 44
0.0
 45
0.0
210
0.0
220
0.0
230
1.0
  0
INSERT
  5
132DF9
330
132D88
100
AcDbEntity
  8
ölçü
  6
DUZ
 62
    83
440
 16777216
 60
     0
 48
1.0
370
    -2
100
AcDbBlockReference
 66
     0
  2
_ArchTick
 10
76131.668
 20
21507.0053
 30
0.0
 41
3.048
 42
3.048
 43
3.048
 50
0.0
 70
     0
 71
     0
 44
0.0
 45
0.0
210
0.0
220
0.0
230
1.0
  0
MTEXT
  5
132DFA
330
132D88
100
AcDbEntity
  8
ölçü
  6
DUZ
 62
     7
440
 16777216
 60
     0
 48
1.0
370
    -1
100
AcDbMText
 10
75976.668
 20
21531.9216
 30
0.0
210
0.0
220
0.0
230
1.0
 40
24.384
 41
0.0
 50
0.0
 71
     5
 72
     1
  1
\A1;310.0
  7
OZGUR
 11
1.0
 21
0.0
 31
0.0
 42
92.8914
 73
     1
 44
1.0
 90
        0
 75
     0
 78
     0
 79
     0
 48
0.0
 49
0.0
  0
POINT
  5
132DFB
330
132D88
100
AcDbEntity
  8
DEFPOINTS
  6
Continuous
 62
     0
440
 16777216
 60
     0
 48
1.0
370
    -1
100
AcDbPoint
 10
75821.668
 20
21507.0053
 30
0.0
 39
0.0
 50
0.0
  0
POINT
  5
132DFC
330
132D88
100
AcDbEntity
  8
DEFPOINTS
  6
Continuous
 62
     0
440
 16777216
 60
     0
 48
1.0
370
    -1
100
AcDbPoint
 10
76131.668
 20
21507.0053
 30
0.0
 39
0.0
 50
0.0
  0
POINT
  5
132DFD
330
132D88
100
AcDbEntity
  8
DEFPOINTS
  6
Continuous
 62
     0
440
 16777216
 60
     0
 48
1.0
370
    -1
100
AcDbPoint
 10
76131.668
 20
21507.0053
 30
0.0
 39
0.0
 50
0.0
  0
ENDBLK
  5
132D8A
330
132D88
100
AcDbEntity
  8
0
100
AcDbBlockEnd
  0
BLOCK
  5
132D93
330
132D92
100
AcDbEntity
  8
0
100
AcDbBlockBegin
  2
*D34
 70
     0
 10
0.0
 20
0.0
 30
0.0
  3
*D34
  1

  4

  0
LINE
  5
132DFE
330
132D92
100
AcDbEntity
  8
ölçü
  6
DUZ
 62
    83
440
 16777216
 60
     0
 48
1.0
370
    -2
100
AcDbLine
 39
0.0
 10
75997.2288
 20
21977.2979
 30
0.0
 11
75997.2288
 21
22923.3939
 31
0.0
  0
INSERT
  5
132DFF
330
132D92
100
AcDbEntity
  8
ölçü
  6
DUZ
 62
    83
440
 16777216
 60
     0
 48
1.0
370
    -2
100
AcDbBlockReference
 66
     0
  2
_ArchTick
 10
75997.2288
 20
21980.3459
 30
0.0
 41
3.048
 42
3.048
 43
3.048
 50
270.0
 70
     0
 71
     0
 44
0.0
 45
0.0
210
0.0
220
0.0
230
1.0
  0
INSERT
  5
132E00
330
132D92
100
AcDbEntity
  8
ölçü
  6
DUZ
 62
    83
440
 16777216
 60
     0
 48
1.0
370
    -2
100
AcDbBlockReference
 66
     0
  2
_ArchTick
 10
75997.2288
 20
22920.3459
 30
0.0
 41
3.048
 42
3.048
 43
3.048
 50
90.0
 70
     0
 71
     0
 44
0.0
 45
0.0
210
0.0
220
0.0
230
1.0
  0
MTEXT
  5
132E01
330
132D92
100
AcDbEntity
  8
ölçü
  6
DUZ
 62
     7
440
 16777216
 60
     0
 48
1.0
370
    -1
100
AcDbMText
 10
75972.3125
 20
22450.3459
 30
0.0
210
0.0
220
0.0
230
1.0
 40
24.384
 41
0.0
 50
0.0
 71
     5
 72
     1
  1
\A1;940.0
  7
OZGUR
 11
0.0
 21
1.0
 31
0.0
 42
97.536
 73
     1
 44
1.0
 90
        0
 75
     0
 78
     0
 79
     0
 48
0.0
 49
0.0
  0
POINT
  5
132E02
330
132D92
100
AcDbEntity
  8
DEFPOINTS
  6
Continuous
 62
     0
440
 16777216
 60
     0
 48
1.0
370
    -1
100
AcDbPoint
 10
76003.8261
 20
21980.3459
 30
0.0
 39
0.0
 50
0.0
  0
POINT
  5
132E03
330
132D92
100
AcDbEntity
  8
DEFPOINTS
  6
Continuous
 62
     0
440
 16777216
 60
     0
 48
1.0
370
    -1
100
AcDbPoint
 10
76003.8261
 20
22920.3459
 30
0.0
 39
0.0
 50
0.0
  0
POINT
  5
132E04
330
132D92
100
AcDbEntity
  8
DEFPOINTS
  6
Continuous
 62
     0
440
 16777216
 60
     0
 48
1.0
370
    -1
100
AcDbPoint
 10
75997.2288
 20
22920.3459
 30
0.0
 39
0.0
 50
0.0
  0
ENDBLK
  5
132D94
330
132D92
100
AcDbEntity
  8
0
100
AcDbBlockEnd
  0
BLOCK
  5
132E06
330
132E05
100
AcDbEntity
  8
0
100
AcDbBlockBegin
  2
*D35
 70
     0
 10
0.0
 20
0.0
 30
0.0
  3
*D35
  1

  4

  0
LINE
  5
132E08
330
132E05
100
AcDbEntity
  8
ölçü
  6
DUZ
 62
    83
440
 16777216
 60
     0
 48
1.0
370
    -2
100
AcDbLine
 39
0.0
 10
73951.8881
 20
21108.5362
 30
0.0
 11
74147.9841
 21
21108.5362
 31
0.0
  0
INSERT
  5
132E09
330
132E05
100
AcDbEntity
  8
ölçü
  6
DUZ
 62
    83
440
 16777216
 60
     0
 48
1.0
370
    -2
100
AcDbBlockReference
 66
     0
  2
_ArchTick
 10
73954.9361
 20
21108.5362
 30
0.0
 41
3.048
 42
3.048
 43
3.048
 50
180.0
 70
     0
 71
     0
 44
0.0
 45
0.0
210
0.0
220
0.0
230
1.0
  0
INSERT
  5
132E0A
330
132E05
100
AcDbEntity
  8
ölçü
  6
DUZ
 62
    83
440
 16777216
 60
     0
 48
1.0
370
    -2
100
AcDbBlockReference
 66
     0
  2
_ArchTick
 10
74144.9361
 20
21108.5362
 30
0.0
 41
3.048
 42
3.048
 43
3.048
 50
0.0
 70
     0
 71
     0
 44
0.0
 45
0.0
210
0.0
220
0.0
230
1.0
  0
MTEXT
  5
132E0B
330
132E05
100
AcDbEntity
  8
ölçü
  6
DUZ
 62
     7
440
 16777216
 60
     0
 48
1.0
370
    -1
100
AcDbMText
 10
74049.9361
 20
21114.7652
 30
0.0
210
0.0
220
0.0
230
1.0
 40
6.096
 41
0.0
 50
0.0
 71
     5
 72
     1
  1
\A1;190.0
  7
OZGUR
 11
1.0
 21
0.0
 31
0.0
 42
23.2229
 73
     1
 44
1.0
 90
        0
 75
     0
 78
     0
 79
     0
 48
0.0
 49
0.0
  0
POINT
  5
132E0C
330
132E05
100
AcDbEntity
  8
DEFPOINTS
  6
Continuous
 62
     0
440
 16777216
 60
     0
 48
1.0
370
    -1
100
AcDbPoint
 10
73954.9361
 20
21107.4986
 30
0.0
 39
0.0
 50
0.0
  0
POINT
  5
132E0D
330
132E05
100
AcDbEntity
  8
DEFPOINTS
  6
Continuous
 62
     0
440
 16777216
 60
     0
 48
1.0
370
    -1
100
AcDbPoint
 10
74144.9361
 20
21107.4986
 30
0.0
 39
0.0
 50
0.0
  0
POINT
  5
132E0E
330
132E05
100
AcDbEntity
  8
DEFPOINTS
  6
Continuous
 62
     0
440
 16777216
 60
     0
 48
1.0
370
    -1
100
AcDbPoint
 10
74144.9361
 20
21108.5362
 30
0.0
 39
0.0
 50
0.0
  0
ENDBLK
  5
132E07
330
132E05
100
AcDbEntity
  8
0
100
AcDbBlockEnd
  0
BLOCK
  5
132E10
330
132E0F
100
AcDbEntity
  8
0
100
AcDbBlockBegin
  2
*D36
 70
     0
 10
0.0
 20
0.0
 30
0.0
  3
*D36
  1

  4

  0
LINE
  5
132E12
330
132E0F
100
AcDbEntity
  8
ölçü
  6
DUZ
 62
    83
440
 16777216
 60
     0
 48
1.0
370
    -2
100
AcDbLine
 39
0.0
 10
74030.4676
 20
21160.5466
 30
0.0
 11
74030.4676
 21
21054.4506
 31
0.0
  0
INSERT
  5
132E13
330
132E0F
100
AcDbEntity
  8
ölçü
  6
DUZ
 62
    83
440
 16777216
 60
     0
 48
1.0
370
    -2
100
AcDbBlockReference
 66
     0
  2
_ArchTick
 10
74030.4676
 20
21157.4986
 30
0.0
 41
3.048
 42
3.048
 43
3.048
 50
90.0
 70
     0
 71
     0
 44
0.0
 45
0.0
210
0.0
220
0.0
230
1.0
  0
INSERT
  5
132E14
330
132E0F
100
AcDbEntity
  8
ölçü
  6
DUZ
 62
    83
440
 16777216
 60
     0
 48
1.0
370
    -2
100
AcDbBlockReference
 66
     0
  2
_ArchTick
 10
74030.4676
 20
21057.4986
 30
0.0
 41
3.048
 42
3.048
 43
3.048
 50
270.0
 70
     0
 71
     0
 44
0.0
 45
0.0
210
0.0
220
0.0
230
1.0
  0
MTEXT
  5
132E15
330
132E0F
100
AcDbEntity
  8
ölçü
  6
DUZ
 62
     7
440
 16777216
 60
     0
 48
1.0
370
    -1
100
AcDbMText
 10
74024.2386
 20
21107.4986
 30
0.0
210
0.0
220
0.0
230
1.0
 40
6.096
 41
0.0
 50
0.0
 71
     5
 72
     1
  1
\A1;100.0
  7
OZGUR
 11
0.0
 21
1.0
 31
0.0
 42
23.2229
 73
     1
 44
1.0
 90
        0
 75
     0
 78
     0
 79
     0
 48
0.0
 49
0.0
  0
POINT
  5
132E16
330
132E0F
100
AcDbEntity
  8
DEFPOINTS
  6
Continuous
 62
     0
440
 16777216
 60
     0
 48
1.0
370
    -1
100
AcDbPoint
 10
74049.9361
 20
21157.4986
 30
0.0
 39
0.0
 50
0.0
  0
POINT
  5
132E17
330
132E0F
100
AcDbEntity
  8
DEFPOINTS
  6
Continuous
 62
     0
440
 16777216
 60
     0
 48
1.0
370
    -1
100
AcDbPoint
 10
74049.9361
 20
21057.4986
 30
0.0
 39
0.0
 50
0.0
  0
POINT
  5
132E18
330
132E0F
100
AcDbEntity
  8
DEFPOINTS
  6
Continuous
 62
     0
440
 16777216
 60
     0
 48
1.0
370
    -1
100
AcDbPoint
 10
74030.4676
 20
21057.4986
 30
0.0
 39
0.0
 50
0.0
  0
ENDBLK
  5
132E11
330
132E0F
100
AcDbEntity
  8
0
100
AcDbBlockEnd
  0
BLOCK
  5
1330B5
330
1330B4
100
AcDbEntity
  8
0
100
AcDbBlockBegin
  2
315BC
 70
     0
 10
0.0
 20
0.0
 30
0.0
  3
315BC
  1

  4

  0
LWPOLYLINE
  5
1330B6
330
1330B4
100
AcDbEntity
  8
MEKA - Havalandırma Cihaz
  6
Continuous
 62
   256
 60
     0
 48
1.0
370
    -1
100
AcDbPolyline
 90
        2
 10
-25.0
 20
15.75
 10
-25.0
 20
-15.75
  0
LWPOLYLINE
  5
1330B7
330
1330B4
100
AcDbEntity
  8
MEKA - Havalandırma Cihaz
  6
Continuous
 62
   256
 60
     0
 48
1.0
370
    -1
100
AcDbPolyline
 90
        6
 10
-25.0
 20
-15.75
 42
0.0
 10
-22.4863
 20
-15.75
 42
-0.3742
 10
-21.4958
 20
-16.6121
 42
0.0
 10
-21.3842
 20
-17.4138
 42
0.3742
 10
-18.4128
 20
-20.0
 42
0.0
 10
-15.5
 20
-20.0
 42
0.0
  0
LWPOLYLINE
  5
1330B8
330
1330B4
100
AcDbEntity
  8
MEKA - Havalandırma Cihaz
  6
Continuous
 62
   256
 60
     0
 48
1.0
370
    -1
100
AcDbPolyline
 90
        6
 10
-12.5
 20
-20.0
 42
0.0
 10
-8.9679
 20
-20.0
 42
0.2025
 10
-6.1009
 20
-18.7894
 42
0.0
 10
-3.4382
 20
-16.0526
 42
-0.2025
 10
-2.7214
 20
-15.75
 42
0.0
 10
0.0
 20
-15.75
 42
0.0
  0
LWPOLYLINE
  5
1330B9
330
1330B4
100
AcDbEntity
  8
MEKA - Havalandırma Cihaz
  6
Continuous
 62
   256
 60
     0
 48
1.0
370
    -1
100
AcDbPolyline
 90
        2
 10
0.0
 20
-15.75
 10
0.0
 20
15.75
  0
LWPOLYLINE
  5
1330BA
330
1330B4
100
AcDbEntity
  8
MEKA - Havalandırma Cihaz
  6
Continuous
 62
   256
 60
     0
 48
1.0
370
    -1
100
AcDbPolyline
 90
        6
 10
0.0
 20
15.75
 42
0.0
 10
-2.7214
 20
15.75
 42
-0.2025
 10
-3.4382
 20
16.0526
 42
0.0
 10
-6.1009
 20
18.7894
 42
0.2025
 10
-8.9679
 20
20.0
 42
0.0
 10
-12.5
 20
20.0
 42
0.0
  0
LWPOLYLINE
  5
1330BB
330
1330B4
100
AcDbEntity
  8
MEKA - Havalandırma Cihaz
  6
Continuous
 62
   256
 60
     0
 48
1.0
370
    -1
100
AcDbPolyline
 90
        6
 10
-15.5
 20
20.0
 42
0.0
 10
-18.4128
 20
20.0
 42
0.3742
 10
-21.3842
 20
17.4138
 42
0.0
 10
-21.4958
 20
16.6121
 42
-0.3742
 10
-22.4863
 20
15.75
 42
0.0
 10
-25.0
 20
15.75
 42
0.0
  0
LINE
  5
1330BC
330
1330B4
100
AcDbEntity
  8
MEKA - Havalandırma Cihaz
  6
Continuous
 62
   256
 60
     0
 48
1.0
370
    -1
100
AcDbLine
 39
0.0
 10
-12.5
 20
20.0
 30
0.0
 11
-12.5
 21
-20.0
 31
0.0
  0
LINE
  5
1330BD
330
1330B4
100
AcDbEntity
  8
MEKA - Havalandırma Cihaz
  6
Continuous
 62
   256
 60
     0
 48
1.0
370
    -1
100
AcDbLine
 39
0.0
 10
-15.5
 20
20.0
 30
0.0
 11
-15.5
 21
-20.0
 31
0.0
  0
LINE
  5
1330BE
330
1330B4
100
AcDbEntity
  8
MEKA - Havalandırma Cihaz
  6
Continuous
 62
   256
 60
     0
 48
1.0
370
    -1
100
AcDbLine
 39
0.0
 10
0.0
 20
-15.75
 30
0.0
 11
0.0
 21
15.75
 31
0.0
  0
LINE
  5
1330BF
330
1330B4
100
AcDbEntity
  8
MEKA - Havalandırma Cihaz
  6
Continuous
 62
   256
 60
     0
 48
1.0
370
    -1
100
AcDbLine
 39
0.0
 10
-2.7214
 20
-15.75
 30
0.0
 11
-2.7214
 21
15.75
 31
0.0
  0
LINE
  5
1330C0
330
1330B4
100
AcDbEntity
  8
MEKA - Havalandırma Cihaz
  6
Continuous
 62
   256
 60
     0
 48
1.0
370
    -1
100
AcDbLine
 39
0.0
 10
-22.4863
 20
-15.75
 30
0.0
 11
-22.4863
 21
15.75
 31
0.0
  0
ARC
  5
1330C1
330
1330B4
100
AcDbEntity
  8
MEKA - Havalandırma Cihaz
  6
Continuous
 62
   256
 60
     0
 48
1.0
370
    -1
100
AcDbCircle
 39
0.0
 10
-14.0
 20
18.925
 30
0.0
 40
1.8455
100
AcDbArc
 50
35.6287
 51
144.3713
  0
ARC
  5
1330C2
330
1330B4
100
AcDbEntity
  8
MEKA - Havalandırma Cihaz
  6
Continuous
 62
   256
 60
     0
 48
1.0
370
    -1
100
AcDbCircle
 39
0.0
 10
-14.0
 20
-18.925
 30
0.0
 40
1.8455
100
AcDbArc
 50
215.6287
 51
324.3713
  0
ENDBLK
  5
1330C3
330
1330B4
100
AcDbEntity
  8
0
100
AcDbBlockEnd
  0
BLOCK
  5
1330C5
330
1330C4
100
AcDbEntity
  8
0
100
AcDbBlockBegin
  2
500x300
 70
     0
 10
0.0
 20
0.0
 30
0.0
  3
500x300
  1

  4

  0
LWPOLYLINE
  5
1330C6
330
1330C4
100
AcDbEntity
  8
abc - 6 - Havalandırma Cihaz
  6
Continuous
 62
   256
 60
     0
 48
0.1
370
    -1
100
AcDbPolyline
 90
        4
 70
     1
 10
-59.0
 20
-25.0
 10
-3.0
 20
-25.0
 10
-3.0
 20
25.0
 10
-59.0
 20
25.0
  0
LINE
  5
1330C7
330
1330C4
100
AcDbEntity
  8
abc - 6 - Havalandırma Cihaz
  6
Continuous
 62
   256
 60
     0
 48
0.1
370
    -1
100
AcDbLine
 39
0.0
 10
-62.0
 20
20.0
 30
0.0
 11
-62.0
 21
-20.0
 31
0.0
  0
LINE
  5
1330C8
330
1330C4
100
AcDbEntity
  8
abc - 6 - Havalandırma Cihaz
  6
Continuous
 62
   256
 60
     0
 48
0.1
370
    -1
100
AcDbLine
 39
0.0
 10
-62.0
 20
20.0
 30
0.0
 11
-59.0
 21
20.0
 31
0.0
  0
CIRCLE
  5
1330C9
330
1330C4
100
AcDbEntity
  8
abc - 6 - Havalandırma Cihaz
  6
Continuous
 62
   256
 60
     0
 48
0.1
370
    -1
100
AcDbCircle
 39
0.0
 10
-41.0182
 20
7.0268
 30
0.0
 40
7.68
  0
ARC
  5
1330CA
330
1330C4
100
AcDbEntity
  8
abc - 6 - Havalandırma Cihaz
  6
Continuous
 62
   256
 60
     0
 48
0.1
370
    -1
100
AcDbCircle
 39
0.0
 10
-41.0182
 20
7.0268
 30
0.0
 40
10.08
100
AcDbArc
 50
213.7038
 51
146.2962
  0
CIRCLE
  5
1330CB
330
1330C4
100
AcDbEntity
  8
abc - 6 - Havalandırma Cihaz
  6
Continuous
 62
   256
 60
     0
 48
0.1
370
    -1
100
AcDbCircle
 39
0.0
 10
-47.2419
 20
13.2504
 30
0.0
 40
0.48
  0
CIRCLE
  5
1330CC
330
1330C4
100
AcDbEntity
  8
abc - 6 - Havalandırma Cihaz
  6
Continuous
 62
   256
 60
     0
 48
0.1
370
    -1
100
AcDbCircle
 39
0.0
 10
-34.7946
 20
0.8031
 30
0.0
 40
0.48
  0
CIRCLE
  5
1330CD
330
1330C4
100
AcDbEntity
  8
abc - 6 - Havalandırma Cihaz
  6
Continuous
 62
   256
 60
     0
 48
0.1
370
    -1
100
AcDbCircle
 39
0.0
 10
-47.2419
 20
0.8031
 30
0.0
 40
0.48
  0
CIRCLE
  5
1330CE
330
1330C4
100
AcDbEntity
  8
abc - 6 - Havalandırma Cihaz
  6
Continuous
 62
   256
 60
     0
 48
0.1
370
    -1
100
AcDbCircle
 39
0.0
 10
-34.7946
 20
13.2504
 30
0.0
 40
0.48
  0
LINE
  5
1330CF
330
1330C4
100
AcDbEntity
  8
abc - 6 - Havalandırma Cihaz
  6
Continuous
 62
   256
 60
     0
 48
0.1
370
    -1
100
AcDbLine
 39
0.0
 10
-49.404
 20
12.6202
 30
0.0
 11
-49.404
 21
1.4334
 31
0.0
  0
LINE
  5
1330D0
330
1330C4
100
AcDbEntity
  8
abc - 6 - Havalandırma Cihaz
  6
Continuous
 62
   256
 60
     0
 48
0.1
370
    -1
100
AcDbLine
 39
0.0
 10
-62.0
 20
-20.0
 30
0.0
 11
-59.0
 21
-20.0
 31
0.0
  0
LINE
  5
1330D1
330
1330C4
100
AcDbEntity
  8
abc - 6 - Havalandırma Cihaz
  6
Continuous
 62
   256
 60
     0
 48
0.1
370
    -1
100
AcDbLine
 39
0.0
 10
0.0
 20
20.0
 30
0.0
 11
0.0
 21
-20.0
 31
0.0
  0
LINE
  5
1330D2
330
1330C4
100
AcDbEntity
  8
abc - 6 - Havalandırma Cihaz
  6
Continuous
 62
   256
 60
     0
 48
0.1
370
    -1
100
AcDbLine
 39
0.0
 10
0.0
 20
20.0
 30
0.0
 11
-3.0
 21
20.0
 31
0.0
  0
LINE
  5
1330D3
330
1330C4
100
AcDbEntity
  8
abc - 6 - Havalandırma Cihaz
  6
Continuous
 62
   256
 60
     0
 48
0.1
370
    -1
100
AcDbLine
 39
0.0
 10
0.0
 20
-20.0
 30
0.0
 11
-3.0
 21
-20.0
 31
0.0
  0
LWPOLYLINE
  5
1330D4
330
1330C4
100
AcDbEntity
  8
abc - 6 - Havalandırma Cihaz
  6
Continuous
 62
   256
 60
     0
 48
1.0
370
    -1
100
AcDbPolyline
 90
        4
 70
     1
 10
-49.404
 20
-19.5926
 10
-39.404
 20
-19.5926
 10
-39.404
 20
-9.5926
 10
-49.404
 20
-9.5926
  0
ENDBLK
  5
1330D5
330
1330C4
100
AcDbEntity
  8
0
100
AcDbBlockEnd
  0
BLOCK
  5
13316E
330
133151
100
AcDbEntity
  8
0
100
AcDbBlockBegin
  2
EGZOZ GİZLİ TİP SLOT DİFÜZÖR
 70
     0
 10
0.0
 20
0.0
 30
0.0
  3
EGZOZ GİZLİ TİP SLOT DİFÜZÖR
  1

  4

  0
LWPOLYLINE
  5
133173
330
133151
100
AcDbEntity
  8
-M-HT-LINEER BAR EGZOZ
  6
Continuous
 62
   230
 60
     1
 48
1.0
370
    -1
100
AcDbPolyline
 90
        4
 70
     1
 10
0.0
 20
2.05
 10
100.0
 20
2.05
 10
100.0
 20
1.25
 10
0.0
 20
1.25
1001
AcDbBlockRepETag
1070
     1
1071
        4
1005
133173
  0
LWPOLYLINE
  5
133174
330
133151
100
AcDbEntity
  8
-M-HT-LINEER BAR EGZOZ
  6
Continuous
 62
   230
 60
     1
 48
1.0
370
    -1
100
AcDbPolyline
 90
        4
 70
     1
 10
0.0
 20
-1.25
 10
100.0
 20
-1.25
 10
100.0
 20
-2.05
 10
0.0
 20
-2.05
1001
AcDbBlockRepETag
1070
     1
1071
        5
1005
133174
  0
LWPOLYLINE
  5
133171
330
133151
100
AcDbEntity
  8
-M-HT-LINEER BAR EGZOZ
  6
Continuous
 62
   230
 60
     1
 48
1.0
370
    -1
100
AcDbPolyline
 90
        4
 70
     1
 10
0.0
 20
0.4
 10
100.0
 20
0.4
 10
100.0
 20
-0.4
 10
0.0
 20
-0.4
1001
AcDbBlockRepETag
1070
     1
1071
        2
1005
133171
  0
LWPOLYLINE
  5
13316F
330
133151
100
AcDbEntity
  8
-M-HT-LINEER BAR EGZOZ
  6
Continuous
 62
   256
 60
     0
 48
1.0
370
    -1
100
AcDbPolyline
 90
        4
 70
     1
 10
0.0
 20
1.25
 10
100.0
 20
1.25
 10
100.0
 20
-1.25
 10
0.0
 20
-1.25
1001
AcDbBlockRepETag
1070
     1
1071
        0
1005
13316F
  0
LWPOLYLINE
  5
133170
330
133151
100
AcDbEntity
  8
-M-HT-LINEER BAR EGZOZ
  6
Continuous
 62
   256
 60
     1
 48
1.0
370
    -1
100
AcDbPolyline
 90
        4
 70
     1
 10
0.0
 20
2.9
 10
100.0
 20
2.9
 10
100.0
 20
-2.9
 10
0.0
 20
-2.9
1001
AcDbBlockRepETag
1070
     1
1071
        1
1005
133170
  0
LWPOLYLINE
  5
133172
330
133151
100
AcDbEntity
  8
-M-HT-LINEER BAR EGZOZ
  6
Continuous
 62
   256
 60
     1
 48
1.0
370
    -1
100
AcDbPolyline
 90
        4
 70
     1
 10
0.0
 20
4.55
 10
100.0
 20
4.55
 10
100.0
 20
-4.55
 10
0.0
 20
-4.55
1001
AcDbBlockRepETag
1070
     1
1071
        3
1005
133172
  0
LWPOLYLINE
  5
133176
330
133151
100
AcDbEntity
  8
-M-HT-LINEER BAR EGZOZ
  6
Continuous
 62
   230
 60
     1
 48
1.0
370
    -1
100
AcDbPolyline
 90
        4
 70
     1
 10
0.0
 20
3.7
 10
100.0
 20
3.7
 10
100.0
 20
2.9
 10
0.0
 20
2.9
1001
AcDbBlockRepETag
1070
     1
1071
        7
1005
133176
  0
LWPOLYLINE
  5
133177
330
133151
100
AcDbEntity
  8
-M-HT-LINEER BAR EGZOZ
  6
Continuous
 62
   230
 60
     1
 48
1.0
370
    -1
100
AcDbPolyline
 90
        4
 70
     1
 10
0.0
 20
0.4
 10
100.0
 20
0.4
 10
100.0
 20
-0.4
 10
0.0
 20
-0.4
1001
AcDbBlockRepETag
1070
     1
1071
        8
1005
133177
  0
LWPOLYLINE
  5
133178
330
133151
100
AcDbEntity
  8
-M-HT-LINEER BAR EGZOZ
  6
Continuous
 62
   230
 60
     1
 48
1.0
370
    -1
100
AcDbPolyline
 90
        4
 70
     1
 10
0.0
 20
-2.9
 10
100.0
 20
-2.9
 10
100.0
 20
-3.7
 10
0.0
 20
-3.7
1001
AcDbBlockRepETag
1070
     1
1071
        9
1005
133178
  0
LWPOLYLINE
  5
133175
330
133151
100
AcDbEntity
  8
-M-HT-LINEER BAR EGZOZ
  6
Continuous
 62
   256
 60
     1
 48
1.0
370
    -1
100
AcDbPolyline
 90
        4
 70
     1
 10
0.0
 20
6.2
 10
100.0
 20
6.2
 10
100.0
 20
-6.2
 10
0.0
 20
-6.2
1001
AcDbBlockRepETag
1070
     1
1071
        6
1005
133175
  0
ENDBLK
  5
133179
330
133151
100
AcDbEntity
  8
0
100
AcDbBlockEnd
  0
BLOCK
  5
13322B
330
13320D
100
AcDbEntity
  8
0
100
AcDbBlockBegin
  2
MTY-EGZOST ATIŞ PANJURU
 70
     0
 10
0.0
 20
0.0
 30
0.0
  3
MTY-EGZOST ATIŞ PANJURU
  1

  4

  0
LWPOLYLINE
  5
13322C
330
13320D
100
AcDbEntity
  8
MTY-UFLEME-KANALI-CAP
  6
Continuous
 62
   256
 60
     0
 48
50.0
370
    -1
100
AcDbPolyline
 90
        4
 70
     1
 10
25.0
 20
5.0
 10
-5.0
 20
5.0
 10
-5.0
 20
0.0
 10
25.0
 20
0.0
1001
AcDbBlockRepETag
1070
     1
1071
        0
1005
13322C
  0
LINE
  5
13322D
330
13320D
100
AcDbEntity
  8
MTY-UFLEME-KANALI-CAP
  6
Continuous
 62
     2
 60
     0
 48
50.0
370
    -1
100
AcDbLine
 39
0.0
 10
5.0
 20
14.4623
 30
0.0
 11
5.0
 21
5.0
 31
0.0
1001
AcDbBlockRepETag
1070
     1
1071
        1
1005
13322D
  0
LINE
  5
13322E
330
13320D
100
AcDbEntity
  8
MTY-UFLEME-KANALI-CAP
  6
Continuous
 62
     2
 60
     0
 48
50.0
370
    -1
100
AcDbLine
 39
0.0
 10
6.2824
 20
14.4623
 30
0.0
 11
5.0
 21
14.4623
 31
0.0
1001
AcDbBlockRepETag
1070
     1
1071
        2
1005
13322E
  0
LINE
  5
13322F
330
13320D
100
AcDbEntity
  8
MTY-UFLEME-KANALI-CAP
  6
Continuous
 62
     2
 60
     0
 48
50.0
370
    -1
100
AcDbLine
 39
0.0
 10
5.0
 20
14.4623
 30
0.0
 11
3.7176
 21
14.4623
 31
0.0
1001
AcDbBlockRepETag
1070
     1
1071
        3
1005
13322F
  0
LINE
  5
133230
330
13320D
100
AcDbEntity
  8
MTY-UFLEME-KANALI-CAP
  6
Continuous
 62
     2
 60
     0
 48
50.0
370
    -1
100
AcDbLine
 39
0.0
 10
5.0
 20
21.0709
 30
0.0
 11
6.2824
 21
14.4623
 31
0.0
1001
AcDbBlockRepETag
1070
     1
1071
        4
1005
133230
  0
LINE
  5
133231
330
13320D
100
AcDbEntity
  8
MTY-UFLEME-KANALI-CAP
  6
Continuous
 62
     2
 60
     0
 48
50.0
370
    -1
100
AcDbLine
 39
0.0
 10
3.7176
 20
14.4623
 30
0.0
 11
5.0
 21
21.0709
 31
0.0
1001
AcDbBlockRepETag
1070
     1
1071
        5
1005
133231
  0
TEXT
  5
133232
330
13320D
100
AcDbEntity
  8
MTY-UFLEME-KANALI-CAP
  6
Continuous
 62
   256
 60
     1
 48
100.0
370
    18
100
AcDbText
  1
EGZOST ATIŞ PANJURU
 10
-67.6352
 20
88.4287
 30
0.0
 39
0.0
 40
15.0
 41
0.65
  7
CAP
100
AcDbText
1001
AcDbBlockRepETag
1070
     1
1071
        6
1005
133232
  0
TEXT
  5
133233
330
13320D
100
AcDbEntity
  8
MTY-UFLEME-KANALI-CAP
  6
Continuous
 62
   256
 60
     1
 48
100.0
370
    18
100
AcDbText
  1
700m3/h
 10
-26.827
 20
65.8316
 30
0.0
 39
0.0
 40
15.0
 41
0.65
  7
CAP
100
AcDbText
1001
AcDbBlockRepETag
1070
     1
1071
        7
1005
133233
  0
TEXT
  5
133234
330
13320D
100
AcDbEntity
  8
MTY-UFLEME-KANALI-CAP
  6
Continuous
 62
   256
 60
     1
 48
100.0
370
    18
100
AcDbText
  1
EAP:350x150
 10
-39.9846
 20
46.9522
 30
0.0
 39
0.0
 40
15.0
 41
0.65
  7
CAP
100
AcDbText
1001
AcDbBlockRepETag
1070
     1
1071
        8
1005
133234
  0
LINE
  5
133235
330
13320D
100
AcDbEntity
  8
MTY-UFLEME-KANALI-CAP
  6
Continuous
 62
    21
 60
     1
 48
1.0
370
    -1
100
AcDbLine
 39
0.0
 10
-70.503
 20
84.3054
 30
0.0
 11
96.4687
 21
84.3054
 31
0.0
1001
AcDbBlockRepETag
1070
     1
1071
        9
1005
133235
  0
ATTDEF
  5
133236
330
13320D
100
AcDbEntity
  8
MTY-UFLEME-KANALI-CAP
  6
Continuous
 62
   256
 60
     0
 48
50.0
370
    -1
100
AcDbText
 39
0.0
 10
-9.7619
 20
27.0227
 30
0.0
 40
20.0
  1
m3/h
 41
0.5
  7
CAP
 72
     1
 11
10.0
 21
37.0227
100
AcDbAttributeDefinition
  3
DEBI
  2
DEBI
 70
     0
 73
     0
 74
     2
280
     1
1001
AcDbBlockRepETag
1070
     1
1071
       10
1005
0
  0
ATTDEF
  5
133237
330
13320D
100
AcDbEntity
  8
MTY-UFLEME-KANALI-CAP
  6
Continuous
 62
   256
 60
     0
 48
50.0
370
    -1
100
AcDbText
 39
0.0
 10
-9.5238
 20
54.9334
 30
0.0
 40
20.0
  1
EATP:
 41
0.5
  7
CAP
 72
     1
 11
10.0
 21
64.9334
100
AcDbAttributeDefinition
  3
EATP:
  2
EATP:
 70
     0
 73
     0
 74
     2
280
     1
1001
AcDbBlockRepETag
1070
     1
1071
       11
1005
0
  0
LWPOLYLINE
  5
133238
330
13320D
100
AcDbEntity
  8
MTY-UFLEME-KANALI-CAP
  6
Continuous
 62
   256
 60
     0
 48
50.0
370
    -1
100
AcDbPolyline
 90
        4
 70
     1
 10
20.0
 20
0.0
 10
0.0
 20
0.0
 10
0.0
 20
-20.0
 10
20.0
 20
-20.0
1001
AcDbBlockRepETag
1070
     1
1071
       12
1005
133238
  0
LINE
  5
133239
330
13320D
100
AcDbEntity
  8
MTY-UFLEME-KANALI-CAP
  6
Continuous
 62
     2
 60
     0
 48
50.0
370
    -1
100
AcDbLine
 39
0.0
 10
15.0
 20
14.4623
 30
0.0
 11
15.0
 21
5.0
 31
0.0
1001
AcDbBlockArrayActionBEDITTag
1070
     1
1001
AcDbBlockRepETag
1070
     1
1071
       13
1005
133239
  0
LINE
  5
13323A
330
13320D
100
AcDbEntity
  8
MTY-UFLEME-KANALI-CAP
  6
Continuous
 62
     2
 60
     0
 48
50.0
370
    -1
100
AcDbLine
 39
0.0
 10
16.2824
 20
14.4623
 30
0.0
 11
15.0
 21
14.4623
 31
0.0
1001
AcDbBlockArrayActionBEDITTag
1070
     1
1001
AcDbBlockRepETag
1070
     1
1071
       14
1005
13323A
  0
LINE
  5
13323B
330
13320D
100
AcDbEntity
  8
MTY-UFLEME-KANALI-CAP
  6
Continuous
 62
     2
 60
     0
 48
50.0
370
    -1
100
AcDbLine
 39
0.0
 10
15.0
 20
14.4623
 30
0.0
 11
13.7176
 21
14.4623
 31
0.0
1001
AcDbBlockArrayActionBEDITTag
1070
     1
1001
AcDbBlockRepETag
1070
     1
1071
       15
1005
13323B
  0
LINE
  5
13323C
330
13320D
100
AcDbEntity
  8
MTY-UFLEME-KANALI-CAP
  6
Continuous
 62
     2
 60
     0
 48
50.0
370
    -1
100
AcDbLine
 39
0.0
 10
15.0
 20
21.0709
 30
0.0
 11
16.2824
 21
14.4623
 31
0.0
1001
AcDbBlockArrayActionBEDITTag
1070
     1
1001
AcDbBlockRepETag
1070
     1
1071
       16
1005
13323C
  0
LINE
  5
13323D
330
13320D
100
AcDbEntity
  8
MTY-UFLEME-KANALI-CAP
  6
Continuous
 62
     2
 60
     0
 48
50.0
370
    -1
100
AcDbLine
 39
0.0
 10
13.7176
 20
14.4623
 30
0.0
 11
15.0
 21
21.0709
 31
0.0
1001
AcDbBlockArrayActionBEDITTag
1070
     1
1001
AcDbBlockRepETag
1070
     1
1071
       17
1005
13323D
  0
ENDBLK
  5
13323E
330
13320D
100
AcDbEntity
  8
0
100
AcDbBlockEnd
  0
BLOCK
  5
133358
330
133357
100
AcDbEntity
  8
0
100
AcDbBlockBegin
  2
FDUM36KXE6F
 70
     0
 10
0.0
 20
0.0
 30
0.0
  3
FDUM36KXE6F
  1

  4

  0
LINE
  5
133359
330
133357
100
AcDbEntity
  8
DETAIL
  6
Continuous
 62
     5
 60
     0
 48
1.0
370
    -1
100
AcDbLine
 39
0.0
 10
-309.0787
 20
-347.5
 30
0.0
 11
-339.0787
 21
-317.5
 31
0.0
  0
LINE
  5
13335A
330
133357
100
AcDbEntity
  8
DETAIL
  6
Continuous
 62
     5
 60
     0
 48
1.0
370
    -1
100
AcDbLine
 39
0.0
 10
-329.0787
 20
317.5
 30
0.0
 11
-299.0787
 21
347.5
 31
0.0
  0
LINE
  5
13335B
330
133357
100
AcDbEntity
  8
DETAIL
  6
Continuous
 62
     5
 60
     0
 48
1.0
370
    -1
100
AcDbLine
 39
0.0
 10
-425.0
 20
314.5
 30
0.0
 11
-425.0
 21
295.5
 31
0.0
  0
LINE
  5
13335C
330
133357
100
AcDbEntity
  8
DETAIL
  6
Continuous
 62
     5
 60
     0
 48
1.0
370
    -1
100
AcDbLine
 39
0.0
 10
-425.0
 20
283.5
 30
0.0
 11
-425.0
 21
264.5
 31
0.0
  0
LINE
  5
13335D
330
133357
100
AcDbEntity
  8
DETAIL
  6
Continuous
 62
     5
 60
     0
 48
1.0
370
    -1
100
AcDbLine
 39
0.0
 10
-425.0
 20
-157.5
 30
0.0
 11
-425.0
 21
-176.5
 31
0.0
  0
LINE
  5
13335E
330
133357
100
AcDbEntity
  8
DETAIL
  6
Continuous
 62
     5
 60
     0
 48
1.0
370
    -1
100
AcDbLine
 39
0.0
 10
-425.0
 20
-188.5
 30
0.0
 11
-425.0
 21
-207.5
 31
0.0
  0
LINE
  5
13335F
330
133357
100
AcDbEntity
  8
DETAIL
  6
Continuous
 62
     5
 60
     0
 48
1.0
370
    -1
100
AcDbLine
 39
0.0
 10
-422.7
 20
-207.5
 30
0.0
 11
-422.7
 21
-188.5
 31
0.0
  0
LINE
  5
133360
330
133357
100
AcDbEntity
  8
DETAIL
  6
Continuous
 62
     5
 60
     0
 48
1.0
370
    -1
100
AcDbLine
 39
0.0
 10
-422.7
 20
-176.5
 30
0.0
 11
-422.7
 21
-157.5
 31
0.0
  0
LINE
  5
133361
330
133357
100
AcDbEntity
  8
DETAIL
  6
Continuous
 62
     5
 60
     0
 48
1.0
370
    -1
100
AcDbLine
 39
0.0
 10
-422.7
 20
264.5
 30
0.0
 11
-422.7
 21
283.5
 31
0.0
  0
LINE
  5
133362
330
133357
100
AcDbEntity
  8
DETAIL
  6
Continuous
 62
     5
 60
     0
 48
1.0
370
    -1
100
AcDbLine
 39
0.0
 10
-422.7
 20
295.5
 30
0.0
 11
-422.7
 21
314.5
 31
0.0
  0
LINE
  5
133363
330
133357
100
AcDbEntity
  8
DETAIL
  6
Continuous
 62
     5
 60
     0
 48
1.0
370
    -1
100
AcDbLine
 39
0.0
 10
-396.7
 20
-200.5
 30
0.0
 11
-396.7
 21
-240.5
 31
0.0
  0
LINE
  5
133364
330
133357
100
AcDbEntity
  8
DETAIL
  6
Continuous
 62
     5
 60
     0
 48
1.0
370
    -1
100
AcDbLine
 39
0.0
 10
-395.0
 20
-317.5
 30
0.0
 11
-395.0
 21
-240.5
 31
0.0
  0
LINE
  5
133365
330
133357
100
AcDbEntity
  8
DETAIL
  6
Continuous
 62
     5
 60
     0
 48
1.0
370
    -1
100
AcDbLine
 39
0.0
 10
-395.0
 20
-200.5
 30
0.0
 11
-395.0
 21
50.3
 31
0.0
  0
LINE
  5
133366
330
133357
100
AcDbEntity
  8
DETAIL
  6
Continuous
 62
     5
 60
     0
 48
1.0
370
    -1
100
AcDbLine
 39
0.0
 10
-395.0
 20
41.3
 30
0.0
 11
-395.0
 21
317.5
 31
0.0
  0
LINE
  5
133367
330
133357
100
AcDbEntity
  8
DETAIL
  6
Continuous
 62
     5
 60
     0
 48
1.0
370
    -1
100
AcDbLine
 39
0.0
 10
-330.0
 20
347.5
 30
0.0
 11
-331.2
 21
347.5
 31
0.0
  0
LINE
  5
133368
330
133357
100
AcDbEntity
  8
DETAIL
  6
Continuous
 62
     5
 60
     0
 48
1.0
370
    -1
100
AcDbLine
 39
0.0
 10
-299.0787
 20
347.5
 30
0.0
 11
299.0787
 21
347.5
 31
0.0
  0
LINE
  5
133369
330
133357
100
AcDbEntity
  8
DETAIL
  6
Continuous
 62
     5
 60
     0
 48
1.0
370
    -1
100
AcDbLine
 39
0.0
 10
330.0
 20
337.5
 30
0.0
 11
331.2
 21
337.5
 31
0.0
  0
LINE
  5
13336A
330
133357
100
AcDbEntity
  8
DETAIL
  6
Continuous
 62
     5
 60
     0
 48
1.0
370
    -1
100
AcDbLine
 39
0.0
 10
-395.0
 20
317.5
 30
0.0
 11
395.0
 21
317.5
 31
0.0
  0
LINE
  5
13336B
330
133357
100
AcDbEntity
  8
DETAIL
  6
Continuous
 62
     5
 60
     0
 48
1.0
370
    -1
100
AcDbLine
 39
0.0
 10
-354.7
 20
-200.5
 30
0.0
 11
-354.7
 21
-240.5
 31
0.0
  0
LINE
  5
13336C
330
133357
100
AcDbEntity
  8
DETAIL
  6
Continuous
 62
     5
 60
     0
 48
1.0
370
    -1
100
AcDbLine
 39
0.0
 10
-341.2
 20
-317.5
 30
0.0
 11
-341.2
 21
-347.5
 31
0.0
  0
LINE
  5
13336D
330
133357
100
AcDbEntity
  8
DETAIL
  6
Continuous
 62
     5
 60
     0
 48
1.0
370
    -1
100
AcDbLine
 39
0.0
 10
-340.0
 20
-317.5
 30
0.0
 11
-340.0
 21
-347.5
 31
0.0
  0
LINE
  5
13336E
330
133357
100
AcDbEntity
  8
DETAIL
  6
Continuous
 62
     5
 60
     0
 48
1.0
370
    -1
100
AcDbLine
 39
0.0
 10
-331.2
 20
347.5
 30
0.0
 11
-331.2
 21
317.5
 31
0.0
  0
LINE
  5
13336F
330
133357
100
AcDbEntity
  8
DETAIL
  6
Continuous
 62
     5
 60
     0
 48
1.0
370
    -1
100
AcDbLine
 39
0.0
 10
-330.0
 20
317.5
 30
0.0
 11
-330.0
 21
347.5
 31
0.0
  0
LINE
  5
133370
330
133357
100
AcDbEntity
  8
DETAIL
  6
Continuous
 62
     5
 60
     0
 48
1.0
370
    -1
100
AcDbLine
 39
0.0
 10
-395.0
 20
314.5
 30
0.0
 11
-425.0
 21
314.5
 31
0.0
  0
LINE
  5
133371
330
133357
100
AcDbEntity
  8
DETAIL
  6
Continuous
 62
     5
 60
     0
 48
1.0
370
    -1
100
AcDbLine
 39
0.0
 10
395.0
 20
314.5
 30
0.0
 11
424.2
 21
314.5
 31
0.0
  0
LINE
  5
133372
330
133357
100
AcDbEntity
  8
DETAIL
  6
Continuous
 62
     5
 60
     0
 48
1.0
370
    -1
100
AcDbLine
 39
0.0
 10
424.2
 20
295.5
 30
0.0
 11
395.0
 21
295.5
 31
0.0
  0
LINE
  5
133373
330
133357
100
AcDbEntity
  8
DETAIL
  6
Continuous
 62
     5
 60
     0
 48
1.0
370
    -1
100
AcDbLine
 39
0.0
 10
-425.0
 20
295.5
 30
0.0
 11
-395.0
 21
295.5
 31
0.0
  0
LINE
  5
133374
330
133357
100
AcDbEntity
  8
DETAIL
  6
Continuous
 62
     5
 60
     0
 48
1.0
370
    -1
100
AcDbLine
 39
0.0
 10
-425.0
 20
283.5
 30
0.0
 11
-395.0
 21
283.5
 31
0.0
  0
LINE
  5
133375
330
133357
100
AcDbEntity
  8
DETAIL
  6
Continuous
 62
     5
 60
     0
 48
1.0
370
    -1
100
AcDbLine
 39
0.0
 10
395.0
 20
283.5
 30
0.0
 11
424.2
 21
283.5
 31
0.0
  0
LINE
  5
133376
330
133357
100
AcDbEntity
  8
DETAIL
  6
Continuous
 62
     5
 60
     0
 48
1.0
370
    -1
100
AcDbLine
 39
0.0
 10
395.0
 20
270.0
 30
0.0
 11
456.0
 21
270.0
 31
0.0
  0
LINE
  5
133377
330
133357
100
AcDbEntity
  8
DETAIL
  6
Continuous
 62
     5
 60
     0
 48
1.0
370
    -1
100
AcDbLine
 39
0.0
 10
-425.0
 20
264.5
 30
0.0
 11
-395.0
 21
264.5
 31
0.0
  0
LINE
  5
133378
330
133357
100
AcDbEntity
  8
DETAIL
  6
Continuous
 62
     5
 60
     0
 48
1.0
370
    -1
100
AcDbLine
 39
0.0
 10
395.0
 20
53.8
 30
0.0
 11
417.5
 21
53.8
 31
0.0
  0
LINE
  5
133379
330
133357
100
AcDbEntity
  8
DETAIL
  6
Continuous
 62
     5
 60
     0
 48
1.0
370
    -1
100
AcDbLine
 39
0.0
 10
395.0
 20
-30.0
 30
0.0
 11
456.0
 21
-30.0
 31
0.0
  0
LINE
  5
13337A
330
133357
100
AcDbEntity
  8
DETAIL
  6
Continuous
 62
     5
 60
     0
 48
1.0
370
    -1
100
AcDbLine
 39
0.0
 10
313.0
 20
-57.7
 30
0.0
 11
253.0
 21
-57.7
 31
0.0
  0
LINE
  5
13337B
330
133357
100
AcDbEntity
  8
DETAIL
  6
Continuous
 62
     5
 60
     0
 48
1.0
370
    -1
100
AcDbLine
 39
0.0
 10
399.0
 20
-81.5
 30
0.0
 11
395.0
 21
-81.5
 31
0.0
  0
LINE
  5
13337C
330
133357
100
AcDbEntity
  8
DETAIL
  6
Continuous
 62
     5
 60
     0
 48
1.0
370
    -1
100
AcDbLine
 39
0.0
 10
399.0
 20
-109.5
 30
0.0
 11
395.0
 21
-109.5
 31
0.0
  0
LINE
  5
13337D
330
133357
100
AcDbEntity
  8
DETAIL
  6
Continuous
 62
     5
 60
     0
 48
1.0
370
    -1
100
AcDbLine
 39
0.0
 10
253.0
 20
-127.7
 30
0.0
 11
313.0
 21
-127.7
 31
0.0
  0
LINE
  5
13337E
330
133357
100
AcDbEntity
  8
DETAIL
  6
Continuous
 62
     5
 60
     0
 48
1.0
370
    -1
100
AcDbLine
 39
0.0
 10
395.0
 20
-135.3
 30
0.0
 11
408.5
 21
-135.3
 31
0.0
  0
LINE
  5
13337F
330
133357
100
AcDbEntity
  8
DETAIL
  6
Continuous
 62
     5
 60
     0
 48
1.0
370
    -1
100
AcDbLine
 39
0.0
 10
408.5
 20
-137.65
 30
0.0
 11
413.3
 21
-137.65
 31
0.0
  0
LINE
  5
133380
330
133357
100
AcDbEntity
  8
DETAIL
  6
Continuous
 62
     5
 60
     0
 48
1.0
370
    -1
100
AcDbLine
 39
0.0
 10
-395.0
 20
-157.5
 30
0.0
 11
-425.0
 21
-157.5
 31
0.0
  0
LINE
  5
133381
330
133357
100
AcDbEntity
  8
DETAIL
  6
Continuous
 62
     5
 60
     0
 48
1.0
370
    -1
100
AcDbLine
 39
0.0
 10
408.5
 20
-160.95
 30
0.0
 11
413.3
 21
-160.95
 31
0.0
  0
LINE
  5
133382
330
133357
100
AcDbEntity
  8
DETAIL
  6
Continuous
 62
     5
 60
     0
 48
1.0
370
    -1
100
AcDbLine
 39
0.0
 10
395.0
 20
-163.3
 30
0.0
 11
408.5
 21
-163.3
 31
0.0
  0
LINE
  5
133383
330
133357
100
AcDbEntity
  8
DETAIL
  6
Continuous
 62
     5
 60
     0
 48
1.0
370
    -1
100
AcDbLine
 39
0.0
 10
414.0212
 20
-176.5
 30
0.0
 11
395.0
 21
-176.5
 31
0.0
  0
LINE
  5
133384
330
133357
100
AcDbEntity
  8
DETAIL
  6
Continuous
 62
     5
 60
     0
 48
1.0
370
    -1
100
AcDbLine
 39
0.0
 10
-425.0
 20
-176.5
 30
0.0
 11
-395.0
 21
-176.5
 31
0.0
  0
LINE
  5
133385
330
133357
100
AcDbEntity
  8
DETAIL
  6
Continuous
 62
     5
 60
     0
 48
1.0
370
    -1
100
AcDbLine
 39
0.0
 10
-425.0
 20
-188.5
 30
0.0
 11
-395.0
 21
-188.5
 31
0.0
  0
LINE
  5
133386
330
133357
100
AcDbEntity
  8
DETAIL
  6
Continuous
 62
     5
 60
     0
 48
1.0
370
    -1
100
AcDbLine
 39
0.0
 10
-396.7
 20
-200.5
 30
0.0
 11
-354.7
 21
-200.5
 31
0.0
  0
LINE
  5
133387
330
133357
100
AcDbEntity
  8
DETAIL
  6
Continuous
 62
     5
 60
     0
 48
1.0
370
    -1
100
AcDbLine
 39
0.0
 10
-425.0
 20
-207.5
 30
0.0
 11
-396.7
 21
-207.5
 31
0.0
  0
LINE
  5
133388
330
133357
100
AcDbEntity
  8
DETAIL
  6
Continuous
 62
     5
 60
     0
 48
1.0
370
    -1
100
AcDbLine
 39
0.0
 10
395.0
 20
-207.5
 30
0.0
 11
414.0212
 21
-207.5
 31
0.0
  0
LINE
  5
133389
330
133357
100
AcDbEntity
  8
DETAIL
  6
Continuous
 62
     5
 60
     0
 48
1.0
370
    -1
100
AcDbLine
 39
0.0
 10
354.5
 20
-239.7
 30
0.0
 11
396.5
 21
-239.7
 31
0.0
  0
LINE
  5
13338A
330
133357
100
AcDbEntity
  8
DETAIL
  6
Continuous
 62
     5
 60
     0
 48
1.0
370
    -1
100
AcDbLine
 39
0.0
 10
-396.7
 20
-240.5
 30
0.0
 11
-354.7
 21
-240.5
 31
0.0
  0
LINE
  5
13338B
330
133357
100
AcDbEntity
  8
DETAIL
  6
Continuous
 62
     5
 60
     0
 48
1.0
370
    -1
100
AcDbLine
 39
0.0
 10
233.0
 20
-77.7
 30
0.0
 11
233.0
 21
-107.7
 31
0.0
  0
LINE
  5
13338C
330
133357
100
AcDbEntity
  8
DETAIL
  6
Continuous
 62
     5
 60
     0
 48
1.0
370
    -1
100
AcDbLine
 39
0.0
 10
354.5
 20
-279.7
 30
0.0
 11
396.5
 21
-279.7
 31
0.0
  0
LINE
  5
13338D
330
133357
100
AcDbEntity
  8
DETAIL
  6
Continuous
 62
     5
 60
     0
 48
1.0
370
    -1
100
AcDbLine
 39
0.0
 10
330.0
 20
317.5
 30
0.0
 11
330.0
 21
337.5
 31
0.0
  0
LINE
  5
13338E
330
133357
100
AcDbEntity
  8
DETAIL
  6
Continuous
 62
     5
 60
     0
 48
1.0
370
    -1
100
AcDbLine
 39
0.0
 10
-395.0
 20
-317.5
 30
0.0
 11
395.0
 21
-317.5
 31
0.0
  0
LINE
  5
13338F
330
133357
100
AcDbEntity
  8
DETAIL
  6
Continuous
 62
     5
 60
     0
 48
1.0
370
    -1
100
AcDbLine
 39
0.0
 10
-340.0
 20
-347.5
 30
0.0
 11
-341.2
 21
-347.5
 31
0.0
  0
LINE
  5
133390
330
133357
100
AcDbEntity
  8
DETAIL
  6
Continuous
 62
     5
 60
     0
 48
1.0
370
    -1
100
AcDbLine
 39
0.0
 10
-309.0787
 20
-347.5
 30
0.0
 11
309.0787
 21
-347.5
 31
0.0
  0
LINE
  5
133391
330
133357
100
AcDbEntity
  8
DETAIL
  6
Continuous
 62
     5
 60
     0
 48
1.0
370
    -1
100
AcDbLine
 39
0.0
 10
340.0
 20
-347.5
 30
0.0
 11
341.2
 21
-347.5
 31
0.0
  0
LINE
  5
133392
330
133357
100
AcDbEntity
  8
DETAIL
  6
Continuous
 62
     5
 60
     0
 48
1.0
370
    -1
100
AcDbLine
 39
0.0
 10
331.2
 20
317.5
 30
0.0
 11
331.2
 21
337.5
 31
0.0
  0
LINE
  5
133393
330
133357
100
AcDbEntity
  8
DETAIL
  6
Continuous
 62
     5
 60
     0
 48
1.0
370
    -1
100
AcDbLine
 39
0.0
 10
333.0
 20
-107.7
 30
0.0
 11
333.0
 21
-77.7
 31
0.0
  0
LINE
  5
133394
330
133357
100
AcDbEntity
  8
DETAIL
  6
Continuous
 62
     5
 60
     0
 48
1.0
370
    -1
100
AcDbLine
 39
0.0
 10
340.0
 20
-317.5
 30
0.0
 11
340.0
 21
-347.5
 31
0.0
  0
LINE
  5
133395
330
133357
100
AcDbEntity
  8
DETAIL
  6
Continuous
 62
     5
 60
     0
 48
1.0
370
    -1
100
AcDbLine
 39
0.0
 10
341.2
 20
-347.5
 30
0.0
 11
341.2
 21
-317.5
 31
0.0
  0
LINE
  5
133396
330
133357
100
AcDbEntity
  8
DETAIL
  6
Continuous
 62
     5
 60
     0
 48
1.0
370
    -1
100
AcDbLine
 39
0.0
 10
354.5
 20
-279.7
 30
0.0
 11
354.5
 21
-239.7
 31
0.0
  0
LINE
  5
133397
330
133357
100
AcDbEntity
  8
DETAIL
  6
Continuous
 62
     5
 60
     0
 48
1.0
370
    -1
100
AcDbLine
 39
0.0
 10
395.0
 20
-317.5
 30
0.0
 11
395.0
 21
-279.7
 31
0.0
  0
LINE
  5
133398
330
133357
100
AcDbEntity
  8
DETAIL
  6
Continuous
 62
     5
 60
     0
 48
1.0
370
    -1
100
AcDbLine
 39
0.0
 10
395.0
 20
-239.7
 30
0.0
 11
395.0
 21
317.5
 31
0.0
  0
LINE
  5
133399
330
133357
100
AcDbEntity
  8
DETAIL
  6
Continuous
 62
     5
 60
     0
 48
1.0
370
    -1
100
AcDbLine
 39
0.0
 10
396.5
 20
-279.7
 30
0.0
 11
396.5
 21
-239.7
 31
0.0
  0
LINE
  5
13339A
330
133357
100
AcDbEntity
  8
DETAIL
  6
Continuous
 62
     5
 60
     0
 48
1.0
370
    -1
100
AcDbLine
 39
0.0
 10
408.5
 20
-163.3
 30
0.0
 11
408.5
 21
-135.3
 31
0.0
  0
LINE
  5
13339B
330
133357
100
AcDbEntity
  8
DETAIL
  6
Continuous
 62
     5
 60
     0
 48
1.0
370
    -1
100
AcDbLine
 39
0.0
 10
413.3
 20
-160.95
 30
0.0
 11
413.3
 21
-137.65
 31
0.0
  0
LINE
  5
13339C
330
133357
100
AcDbEntity
  8
DETAIL
  6
Continuous
 62
     5
 60
     0
 48
1.0
370
    -1
100
AcDbLine
 39
0.0
 10
417.5
 20
53.8
 30
0.0
 11
417.5
 21
-30.0
 31
0.0
  0
LINE
  5
13339D
330
133357
100
AcDbEntity
  8
DETAIL
  6
Continuous
 62
     5
 60
     0
 48
1.0
370
    -1
100
AcDbLine
 39
0.0
 10
421.9
 20
270.0
 30
0.0
 11
421.9
 21
283.5
 31
0.0
  0
LINE
  5
13339E
330
133357
100
AcDbEntity
  8
DETAIL
  6
Continuous
 62
     5
 60
     0
 48
1.0
370
    -1
100
AcDbLine
 39
0.0
 10
421.9
 20
295.5
 30
0.0
 11
421.9
 21
314.5
 31
0.0
  0
LINE
  5
13339F
330
133357
100
AcDbEntity
  8
DETAIL
  6
Continuous
 62
     5
 60
     0
 48
1.0
370
    -1
100
AcDbLine
 39
0.0
 10
422.7
 20
-172.46
 30
0.0
 11
422.7
 21
-166.5
 31
0.0
  0
LINE
  5
1333A0
330
133357
100
AcDbEntity
  8
DETAIL
  6
Continuous
 62
     5
 60
     0
 48
1.0
370
    -1
100
AcDbLine
 39
0.0
 10
424.2
 20
270.0
 30
0.0
 11
424.2
 21
283.5
 31
0.0
  0
LINE
  5
1333A1
330
133357
100
AcDbEntity
  8
DETAIL
  6
Continuous
 62
     5
 60
     0
 48
1.0
370
    -1
100
AcDbLine
 39
0.0
 10
424.2
 20
295.5
 30
0.0
 11
424.2
 21
314.5
 31
0.0
  0
LINE
  5
1333A2
330
133357
100
AcDbEntity
  8
DETAIL
  6
Continuous
 62
     5
 60
     0
 48
1.0
370
    -1
100
AcDbLine
 39
0.0
 10
425.0
 20
-172.46
 30
0.0
 11
425.0
 21
-166.5
 31
0.0
  0
LINE
  5
1333A3
330
133357
100
AcDbEntity
  8
DETAIL
  6
Continuous
 62
     5
 60
     0
 48
1.0
370
    -1
100
AcDbLine
 39
0.0
 10
299.0787
 20
347.5
 30
0.0
 11
329.0787
 21
317.5
 31
0.0
  0
LINE
  5
1333A4
330
133357
100
AcDbEntity
  8
DETAIL
  6
Continuous
 62
     5
 60
     0
 48
1.0
370
    -1
100
AcDbLine
 39
0.0
 10
456.0
 20
-30.0
 30
0.0
 11
456.0
 21
270.0
 31
0.0
  0
LINE
  5
1333A5
330
133357
100
AcDbEntity
  8
DETAIL
  6
Continuous
 62
     5
 60
     0
 48
1.0
370
    -1
100
AcDbLine
 39
0.0
 10
456.1
 20
121.1962
 30
0.0
 11
456.1
 21
10.8874
 31
0.0
  0
LINE
  5
1333A6
330
133357
100
AcDbEntity
  8
DETAIL
  6
Continuous
 62
     5
 60
     0
 48
1.0
370
    -1
100
AcDbLine
 39
0.0
 10
339.0787
 20
-317.5
 30
0.0
 11
309.0787
 21
-347.5
 31
0.0
  0
ARC
  5
1333A7
330
133357
100
AcDbEntity
  8
DETAIL
  6
Continuous
 62
     5
 60
     0
 48
1.0
370
    -1
100
AcDbCircle
 39
0.0
 10
313.0
 20
-77.7
 30
0.0
 40
20.0
100
AcDbArc
 50
0.0
 51
90.0
  0
ARC
  5
1333A8
330
133357
100
AcDbEntity
  8
DETAIL
  6
Continuous
 62
     5
 60
     0
 48
1.0
370
    -1
100
AcDbCircle
 39
0.0
 10
253.0
 20
-77.7
 30
0.0
 40
20.0
100
AcDbArc
 50
90.0
 51
180.0
  0
ARC
  5
1333A9
330
133357
100
AcDbEntity
  8
DETAIL
  6
Continuous
 62
     5
 60
     0
 48
1.0
370
    -1
100
AcDbCircle
 39
0.0
 10
253.0
 20
-107.7
 30
0.0
 40
20.0
100
AcDbArc
 50
180.0
 51
270.0
  0
ARC
  5
1333AA
330
133357
100
AcDbEntity
  8
DETAIL
  6
Continuous
 62
     5
 60
     0
 48
1.0
370
    -1
100
AcDbCircle
 39
0.0
 10
313.0
 20
-107.7
 30
0.0
 40
20.0
100
AcDbArc
 50
270.0
 51
0.0
  0
LINE
  5
1333AB
330
133357
100
AcDbEntity
  8
DETAIL
  6
Continuous
 62
     5
 60
     0
 48
1.0
370
    -1
100
AcDbLine
 39
0.0
 10
443.9998
 20
-69.0
 30
0.0
 11
602.0
 21
-69.0
 31
0.0
  0
LINE
  5
1333AC
330
133357
100
AcDbEntity
  8
DETAIL
  6
Continuous
 62
     5
 60
     0
 48
1.0
370
    -1
100
AcDbLine
 39
0.0
 10
443.9998
 20
-122.0
 30
0.0
 11
602.0
 21
-122.0
 31
0.0
  0
LINE
  5
1333AD
330
133357
100
AcDbEntity
  8
DETAIL
  6
Continuous
 62
     5
 60
     0
 48
1.0
370
    -1
100
AcDbLine
 39
0.0
 10
399.0
 20
-73.0
 30
0.0
 11
443.9998
 21
-73.0
 31
0.0
  0
LINE
  5
1333AE
330
133357
100
AcDbEntity
  8
DETAIL
  6
Continuous
 62
     5
 60
     0
 48
1.0
370
    -1
100
AcDbLine
 39
0.0
 10
399.0
 20
-118.0
 30
0.0
 11
443.9998
 21
-118.0
 31
0.0
  0
LINE
  5
1333AF
330
133357
100
AcDbEntity
  8
DETAIL
  6
Continuous
 62
     5
 60
     0
 48
1.0
370
    -1
100
AcDbLine
 39
0.0
 10
399.0
 20
-118.0
 30
0.0
 11
399.0
 21
-73.0
 31
0.0
  0
LINE
  5
1333B0
330
133357
100
AcDbEntity
  8
DETAIL
  6
Continuous
 62
     5
 60
     0
 48
1.0
370
    -1
100
AcDbLine
 39
0.0
 10
443.9998
 20
-122.0
 30
0.0
 11
443.9998
 21
-69.0
 31
0.0
  0
LINE
  5
1333B1
330
133357
100
AcDbEntity
  8
DETAIL
  6
Continuous
 62
     5
 60
     0
 48
1.0
370
    -1
100
AcDbLine
 39
0.0
 10
602.0
 20
-79.5
 30
0.0
 11
659.0
 21
-79.5
 31
0.0
  0
LINE
  5
1333B2
330
133357
100
AcDbEntity
  8
DETAIL
  6
Continuous
 62
     5
 60
     0
 48
1.0
370
    -1
100
AcDbLine
 39
0.0
 10
602.0
 20
-111.5
 30
0.0
 11
659.0
 21
-111.5
 31
0.0
  0
LINE
  5
1333B3
330
133357
100
AcDbEntity
  8
DETAIL
  6
Continuous
 62
     5
 60
     0
 48
1.0
370
    -1
100
AcDbLine
 39
0.0
 10
602.0
 20
-122.0
 30
0.0
 11
602.0
 21
-69.0
 31
0.0
  0
LINE
  5
1333B4
330
133357
100
AcDbEntity
  8
DETAIL
  6
Continuous
 62
     5
 60
     0
 48
1.0
370
    -1
100
AcDbLine
 39
0.0
 10
659.0
 20
-111.5
 30
0.0
 11
659.0
 21
-79.5
 31
0.0
  0
LINE
  5
1333B5
330
133357
100
AcDbEntity
  8
DETAIL
  6
Continuous
 62
     5
 60
     0
 48
1.0
370
    -1
100
AcDbLine
 39
0.0
 10
414.9698
 20
-166.5
 30
0.0
 11
414.9698
 21
-140.5
 31
0.0
  0
LINE
  5
1333B6
330
133357
100
AcDbEntity
  8
DETAIL
  6
Continuous
 62
     5
 60
     0
 48
1.0
370
    -1
100
AcDbLine
 39
0.0
 10
432.9698
 20
-140.5
 30
0.0
 11
414.9698
 21
-140.5
 31
0.0
  0
LINE
  5
1333B7
330
133357
100
AcDbEntity
  8
DETAIL
  6
Continuous
 62
     5
 60
     0
 48
1.0
370
    -1
100
AcDbLine
 39
0.0
 10
432.9698
 20
-166.5
 30
0.0
 11
432.9698
 21
-140.5
 31
0.0
  0
LINE
  5
1333B8
330
133357
100
AcDbEntity
  8
DETAIL
  6
Continuous
 62
     5
 60
     0
 48
1.0
370
    -1
100
AcDbLine
 39
0.0
 10
432.9698
 20
-166.5
 30
0.0
 11
414.9698
 21
-166.5
 31
0.0
  0
LINE
  5
1333B9
330
133357
100
AcDbEntity
  8
DETAIL
  6
Continuous
 62
     5
 60
     0
 48
1.0
370
    -1
100
AcDbLine
 39
0.0
 10
414.9698
 20
-159.7617
 30
0.0
 11
413.3
 21
-159.7617
 31
0.0
  0
LINE
  5
1333BA
330
133357
100
AcDbEntity
  8
DETAIL
  6
Continuous
 62
     5
 60
     0
 48
1.0
370
    -1
100
AcDbLine
 39
0.0
 10
414.9698
 20
-147.2422
 30
0.0
 11
413.3
 21
-147.2422
 31
0.0
  0
LINE
  5
1333BB
330
133357
100
AcDbEntity
  8
DETAIL
  6
Continuous
 62
     5
 60
     0
 48
1.0
370
    -1
100
AcDbLine
 39
0.0
 10
414.0212
 20
-212.46
 30
0.0
 11
414.0212
 21
-172.46
 31
0.0
  0
LINE
  5
1333BC
330
133357
100
AcDbEntity
  8
DETAIL
  6
Continuous
 62
     5
 60
     0
 48
1.0
370
    -1
100
AcDbLine
 39
0.0
 10
442.0212
 20
-212.46
 30
0.0
 11
442.0212
 21
-172.46
 31
0.0
  0
LINE
  5
1333BD
330
133357
100
AcDbEntity
  8
DETAIL
  6
Continuous
 62
     5
 60
     0
 48
1.0
370
    -1
100
AcDbLine
 39
0.0
 10
442.0212
 20
-172.46
 30
0.0
 11
414.0212
 21
-172.46
 31
0.0
  0
LINE
  5
1333BE
330
133357
100
AcDbEntity
  8
DETAIL
  6
Continuous
 62
     5
 60
     0
 48
1.0
370
    -1
100
AcDbLine
 39
0.0
 10
414.0212
 20
-179.76
 30
0.0
 11
395.0
 21
-179.76
 31
0.0
  0
LINE
  5
1333BF
330
133357
100
AcDbEntity
  8
DETAIL
  6
Continuous
 62
     5
 60
     0
 48
1.0
370
    -1
100
AcDbLine
 39
0.0
 10
414.0212
 20
-205.16
 30
0.0
 11
395.0
 21
-205.16
 31
0.0
  0
LINE
  5
1333C0
330
133357
100
AcDbEntity
  8
DETAIL
  6
Continuous
 62
     5
 60
     0
 48
1.0
370
    -1
100
AcDbLine
 39
0.0
 10
414.0212
 20
-212.46
 30
0.0
 11
442.0212
 21
-212.46
 31
0.0
  0
LINE
  5
1333C1
330
133357
100
AcDbEntity
  8
OUTLINE
  6
Continuous
 62
     3
 60
     0
 48
1.0
370
    -1
100
AcDbLine
 39
0.0
 10
-395.0
 20
317.5
 30
0.0
 11
-395.0
 21
-317.5
 31
0.0
  0
LINE
  5
1333C2
330
133357
100
AcDbEntity
  8
OUTLINE
  6
Continuous
 62
     3
 60
     0
 48
1.0
370
    -1
100
AcDbLine
 39
0.0
 10
-395.0
 20
-317.5
 30
0.0
 11
395.0
 21
-317.5
 31
0.0
  0
LINE
  5
1333C3
330
133357
100
AcDbEntity
  8
OUTLINE
  6
Continuous
 62
     3
 60
     0
 48
1.0
370
    -1
100
AcDbLine
 39
0.0
 10
395.0
 20
-317.5
 30
0.0
 11
395.0
 21
317.5
 31
0.0
  0
LINE
  5
1333C4
330
133357
100
AcDbEntity
  8
OUTLINE
  6
Continuous
 62
     3
 60
     0
 48
1.0
370
    -1
100
AcDbLine
 39
0.0
 10
395.0
 20
317.5
 30
0.0
 11
-395.0
 21
317.5
 31
0.0
  0
CIRCLE
  5
1333C5
330
133357
100
AcDbEntity
  8
ARRANGE
  6
Continuous
 62
     1
 60
     0
 48
1.0
370
    -1
100
AcDbCircle
 39
0.0
 10
0.0
 20
0.0
 30
0.0
 40
19.5
  0
CIRCLE
  5
1333C6
330
133357
100
AcDbEntity
  8
FIX
  6
Continuous
 62
    11
 60
     0
 48
1.0
370
    -1
100
AcDbCircle
 39
0.0
 10
-393.0
 20
289.5
 30
0.0
 40
6.0
  0
CIRCLE
  5
1333C7
330
133357
100
AcDbEntity
  8
FIX
  6
Continuous
 62
    11
 60
     0
 48
1.0
370
    -1
100
AcDbCircle
 39
0.0
 10
-393.0
 20
-182.5
 30
0.0
 40
6.0
  0
CIRCLE
  5
1333C8
330
133357
100
AcDbEntity
  8
FIX
  6
Continuous
 62
    11
 60
     0
 48
1.0
370
    -1
100
AcDbCircle
 39
0.0
 10
393.0
 20
-182.5
 30
0.0
 40
6.0
  0
CIRCLE
  5
1333C9
330
133357
100
AcDbEntity
  8
FIX
  6
Continuous
 62
    11
 60
     0
 48
1.0
370
    -1
100
AcDbCircle
 39
0.0
 10
393.0
 20
289.5
 30
0.0
 40
6.0
  0
LINE
  5
1333CA
330
133357
100
AcDbEntity
  8
BASIS
  6
AM_ISO08W050
 62
     6
 60
     0
 48
1.0
370
    -1
100
AcDbLine
 39
0.0
 10
393.0
 20
289.5
 30
0.0
 11
404.6227
 21
289.5
 31
0.0
  0
LINE
  5
1333CB
330
133357
100
AcDbEntity
  8
BASIS
  6
AM_ISO08W050
 62
     6
 60
     0
 48
1.0
370
    -1
100
AcDbLine
 39
0.0
 10
393.0
 20
289.5
 30
0.0
 11
393.0
 21
301.1227
 31
0.0
  0
LINE
  5
1333CC
330
133357
100
AcDbEntity
  8
BASIS
  6
AM_ISO08W050
 62
     6
 60
     0
 48
1.0
370
    -1
100
AcDbLine
 39
0.0
 10
393.0
 20
289.5
 30
0.0
 11
381.3773
 21
289.5
 31
0.0
  0
LINE
  5
1333CD
330
133357
100
AcDbEntity
  8
BASIS
  6
AM_ISO08W050
 62
     6
 60
     0
 48
1.0
370
    -1
100
AcDbLine
 39
0.0
 10
393.0
 20
289.5
 30
0.0
 11
393.0
 21
277.8773
 31
0.0
  0
LINE
  5
1333CE
330
133357
100
AcDbEntity
  8
BASIS
  6
AM_ISO08W050
 62
     6
 60
     0
 48
1.0
370
    -1
100
AcDbLine
 39
0.0
 10
393.0
 20
-182.5
 30
0.0
 11
404.6227
 21
-182.5
 31
0.0
  0
LINE
  5
1333CF
330
133357
100
AcDbEntity
  8
BASIS
  6
AM_ISO08W050
 62
     6
 60
     0
 48
1.0
370
    -1
100
AcDbLine
 39
0.0
 10
393.0
 20
-182.5
 30
0.0
 11
393.0
 21
-170.8773
 31
0.0
  0
LINE
  5
1333D0
330
133357
100
AcDbEntity
  8
BASIS
  6
AM_ISO08W050
 62
     6
 60
     0
 48
1.0
370
    -1
100
AcDbLine
 39
0.0
 10
393.0
 20
-182.5
 30
0.0
 11
381.3773
 21
-182.5
 31
0.0
  0
LINE
  5
1333D1
330
133357
100
AcDbEntity
  8
BASIS
  6
AM_ISO08W050
 62
     6
 60
     0
 48
1.0
370
    -1
100
AcDbLine
 39
0.0
 10
393.0
 20
-182.5
 30
0.0
 11
393.0
 21
-194.1227
 31
0.0
  0
LINE
  5
1333D2
330
133357
100
AcDbEntity
  8
BASIS
  6
AM_ISO08W050
 62
     6
 60
     0
 48
1.0
370
    -1
100
AcDbLine
 39
0.0
 10
-393.0
 20
-182.5
 30
0.0
 11
-381.3773
 21
-182.5
 31
0.0
  0
LINE
  5
1333D3
330
133357
100
AcDbEntity
  8
BASIS
  6
AM_ISO08W050
 62
     6
 60
     0
 48
1.0
370
    -1
100
AcDbLine
 39
0.0
 10
-393.0
 20
-182.5
 30
0.0
 11
-393.0
 21
-170.8773
 31
0.0
  0
LINE
  5
1333D4
330
133357
100
AcDbEntity
  8
BASIS
  6
AM_ISO08W050
 62
     6
 60
     0
 48
1.0
370
    -1
100
AcDbLine
 39
0.0
 10
-393.0
 20
-182.5
 30
0.0
 11
-404.6227
 21
-182.5
 31
0.0
  0
LINE
  5
1333D5
330
133357
100
AcDbEntity
  8
BASIS
  6
AM_ISO08W050
 62
     6
 60
     0
 48
1.0
370
    -1
100
AcDbLine
 39
0.0
 10
-393.0
 20
-182.5
 30
0.0
 11
-393.0
 21
-194.1227
 31
0.0
  0
LINE
  5
1333D6
330
133357
100
AcDbEntity
  8
BASIS
  6
AM_ISO08W050
 62
     6
 60
     0
 48
1.0
370
    -1
100
AcDbLine
 39
0.0
 10
-393.0
 20
289.5
 30
0.0
 11
-381.3773
 21
289.5
 31
0.0
  0
LINE
  5
1333D7
330
133357
100
AcDbEntity
  8
BASIS
  6
AM_ISO08W050
 62
     6
 60
     0
 48
1.0
370
    -1
100
AcDbLine
 39
0.0
 10
-393.0
 20
289.5
 30
0.0
 11
-393.0
 21
301.1227
 31
0.0
  0
LINE
  5
1333D8
330
133357
100
AcDbEntity
  8
BASIS
  6
AM_ISO08W050
 62
     6
 60
     0
 48
1.0
370
    -1
100
AcDbLine
 39
0.0
 10
-393.0
 20
289.5
 30
0.0
 11
-404.6227
 21
289.5
 31
0.0
  0
LINE
  5
1333D9
330
133357
100
AcDbEntity
  8
BASIS
  6
AM_ISO08W050
 62
     6
 60
     0
 48
1.0
370
    -1
100
AcDbLine
 39
0.0
 10
-393.0
 20
289.5
 30
0.0
 11
-393.0
 21
277.8773
 31
0.0
  0
LINE
  5
1333DA
330
133357
100
AcDbEntity
  8
OUTLINE
  6
Continuous
 62
     3
 60
     0
 48
1.0
370
    -1
100
AcDbLine
 39
0.0
 10
-331.2
 20
317.5
 30
0.0
 11
-331.2
 21
347.5
 31
0.0
  0
LINE
  5
1333DB
330
133357
100
AcDbEntity
  8
OUTLINE
  6
Continuous
 62
     3
 60
     0
 48
1.0
370
    -1
100
AcDbLine
 39
0.0
 10
-331.2
 20
347.5
 30
0.0
 11
331.2
 21
347.5
 31
0.0
  0
LINE
  5
1333DC
330
133357
100
AcDbEntity
  8
OUTLINE
  6
Continuous
 62
     3
 60
     0
 48
1.0
370
    -1
100
AcDbLine
 39
0.0
 10
331.2
 20
317.5
 30
0.0
 11
331.2
 21
347.5
 31
0.0
  0
LINE
  5
1333DD
330
133357
100
AcDbEntity
  8
OUTLINE
  6
Continuous
 62
     3
 60
     0
 48
1.0
370
    -1
100
AcDbLine
 39
0.0
 10
-341.2
 20
-317.5
 30
0.0
 11
-341.2
 21
-347.5
 31
0.0
  0
LINE
  5
1333DE
330
133357
100
AcDbEntity
  8
OUTLINE
  6
Continuous
 62
     3
 60
     0
 48
1.0
370
    -1
100
AcDbLine
 39
0.0
 10
-341.2
 20
-347.5
 30
0.0
 11
341.2
 21
-347.5
 31
0.0
  0
LINE
  5
1333DF
330
133357
100
AcDbEntity
  8
OUTLINE
  6
Continuous
 62
     3
 60
     0
 48
1.0
370
    -1
100
AcDbLine
 39
0.0
 10
341.2
 20
-347.5
 30
0.0
 11
341.2
 21
-317.5
 31
0.0
  0
LINE
  5
1333E0
330
133357
100
AcDbEntity
  8
DETAIL
  6
Continuous
 62
     5
 60
     0
 48
1.0
370
    -1
100
AcDbLine
 39
0.0
 10
-395.0
 20
38.5
 30
0.0
 11
395.0
 21
38.5
 31
0.0
  0
LINE
  5
1333E1
330
133357
100
AcDbEntity
  8
0
  6
Continuous
 62
   256
 60
     0
 48
1.0
370
    -1
100
AcDbLine
 39
0.0
 10
-239.4801
 20
-384.7593
 30
0.0
 11
-239.4801
 21
-422.0185
 31
0.0
  0
LINE
  5
1333E2
330
133357
100
AcDbEntity
  8
0
  6
Continuous
 62
   256
 60
     0
 48
1.0
370
    -1
100
AcDbLine
 39
0.0
 10
-239.4801
 20
-384.7593
 30
0.0
 11
-188.8758
 21
-384.7593
 31
0.0
  0
LINE
  5
1333E3
330
133357
100
AcDbEntity
  8
0
  6
Continuous
 62
   256
 60
     0
 48
1.0
370
    -1
100
AcDbLine
 39
0.0
 10
-188.8758
 20
-422.0185
 30
0.0
 11
-188.8758
 21
-384.7593
 31
0.0
  0
LINE
  5
1333E4
330
133357
100
AcDbEntity
  8
0
  6
Continuous
 62
   256
 60
     0
 48
1.0
370
    -1
100
AcDbLine
 39
0.0
 10
-264.7822
 20
-422.0185
 30
0.0
 11
-239.4801
 21
-422.0185
 31
0.0
  0
LINE
  5
1333E5
330
133357
100
AcDbEntity
  8
0
  6
Continuous
 62
   256
 60
     0
 48
1.0
370
    -1
100
AcDbLine
 39
0.0
 10
-188.8758
 20
-422.0185
 30
0.0
 11
-163.5737
 21
-422.0185
 31
0.0
  0
LINE
  5
1333E6
330
133357
100
AcDbEntity
  8
0
  6
Continuous
 62
   256
 60
     0
 48
1.0
370
    -1
100
AcDbLine
 39
0.0
 10
-163.5737
 20
-422.0185
 30
0.0
 11
-214.178
 21
-496.537
 31
0.0
  0
LINE
  5
1333E7
330
133357
100
AcDbEntity
  8
0
  6
Continuous
 62
   256
 60
     0
 48
1.0
370
    -1
100
AcDbLine
 39
0.0
 10
-214.178
 20
-496.537
 30
0.0
 11
-264.7822
 21
-422.0185
 31
0.0
  0
LINE
  5
1333E8
330
133357
100
AcDbEntity
  8
0
  6
Continuous
 62
   256
 60
     0
 48
1.0
370
    -1
100
AcDbLine
 39
0.0
 10
239.4801
 20
-384.7593
 30
0.0
 11
239.4801
 21
-422.0185
 31
0.0
  0
LINE
  5
1333E9
330
133357
100
AcDbEntity
  8
0
  6
Continuous
 62
   256
 60
     0
 48
1.0
370
    -1
100
AcDbLine
 39
0.0
 10
239.4801
 20
-384.7593
 30
0.0
 11
188.8758
 21
-384.7593
 31
0.0
  0
LINE
  5
1333EA
330
133357
100
AcDbEntity
  8
0
  6
Continuous
 62
   256
 60
     0
 48
1.0
370
    -1
100
AcDbLine
 39
0.0
 10
188.8758
 20
-422.0185
 30
0.0
 11
188.8758
 21
-384.7593
 31
0.0
  0
LINE
  5
1333EB
330
133357
100
AcDbEntity
  8
0
  6
Continuous
 62
   256
 60
     0
 48
1.0
370
    -1
100
AcDbLine
 39
0.0
 10
264.7822
 20
-422.0185
 30
0.0
 11
239.4801
 21
-422.0185
 31
0.0
  0
LINE
  5
1333EC
330
133357
100
AcDbEntity
  8
0
  6
Continuous
 62
   256
 60
     0
 48
1.0
370
    -1
100
AcDbLine
 39
0.0
 10
188.8758
 20
-422.0185
 30
0.0
 11
163.5737
 21
-422.0185
 31
0.0
  0
LINE
  5
1333ED
330
133357
100
AcDbEntity
  8
0
  6
Continuous
 62
   256
 60
     0
 48
1.0
370
    -1
100
AcDbLine
 39
0.0
 10
163.5737
 20
-422.0185
 30
0.0
 11
214.178
 21
-496.537
 31
0.0
  0
LINE
  5
1333EE
330
133357
100
AcDbEntity
  8
0
  6
Continuous
 62
   256
 60
     0
 48
1.0
370
    -1
100
AcDbLine
 39
0.0
 10
214.178
 20
-496.537
 30
0.0
 11
264.7822
 21
-422.0185
 31
0.0
  0
ENDBLK
  5
1333EF
330
133357
100
AcDbEntity
  8
0
100
AcDbBlockEnd
  0
BLOCK
  5
20
330
1F
100
AcDbEntity
  8
0
100
AcDbBlockBegin
  2
*Model_Space
 70
     0
 10
0.0
 20
0.0
 30
0.0
  3
*Model_Space
  1

  4

  0
ENDBLK
  5
21
330
1F
100
AcDbEntity
  8
0
100
AcDbBlockEnd
  0
BLOCK
  5
D8
330
D6
100
AcDbEntity
  8
0
100
AcDbBlockBegin
  2
*Paper_Space
 70
     0
 10
0.0
 20
0.0
 30
0.0
  3
*Paper_Space
  1

  4

  0
ENDBLK
  5
D9
330
D6
100
AcDbEntity
  8
0
100
AcDbBlockEnd
  0
BLOCK
  5
D4
330
D2
100
AcDbEntity
  8
0
100
AcDbBlockBegin
  2
*Paper_Space0
 70
     0
 10
0.0
 20
0.0
 30
0.0
  3
*Paper_Space0
  1

  4

  0
VIEWPORT
  5
13352F
330
D2
100
AcDbEntity
 67
     1
  8
0
 62
   256
 48
1.0
370
    -1
100
AcDbViewport
 10
160.0
 20
110.0
 30
0.0
 40
297.0
 41
210.0
 68
     1
 69
     1
 12
346.0
 22
160.0
 13
0.0
 23
0.0
 14
0.0
 24
0.0
 15
0.0
 25
0.0
 16
0.0
 26
0.0
 36
0.0
 17
0.0
 27
0.0
 37
0.0
 42
0.0
 43
0.0
 44
0.0
 45
200.0
 50
0.0
 51
0.0
 72
     0
 90
        0
  1

281
     0
 71
     1
 74
     0
110
0.0
120
0.0
130
0.0
111
0.0
121
0.0
131
0.0
112
0.0
122
0.0
132
0.0
 79
     0
146
0.0
170
     0
348
F5
292
     1
282
     1
  0
VIEWPORT
  5
133530
330
D2
100
AcDbEntity
 67
     1
  8
WatermarkLayer
 62
   256
 48
1.0
370
    -1
100
AcDbViewport
 10
160.0
 20
110.0
 30
0.0
 40
297.0
 41
210.0
 68
     2
 69
     2
 12
346.0
 22
160.0
 13
0.0
 23
0.0
 14
0.0
 24
0.0
 15
0.0
 25
0.0
 16
0.0
 26
0.0
 36
0.0
 17
0.0
 27
0.0
 37
0.0
 42
0.0
 43
0.0
 44
0.0
 45
200.0
 50
0.0
 51
0.0
 72
     0
 90
        0
  1

281
     0
 71
     1
 74
     0
110
0.0
120
0.0
130
0.0
111
0.0
121
0.0
131
0.0
112
0.0
122
0.0
132
0.0
345
200
 79
     0
146
0.0
170
     0
348
F5
292
     1
282
     1
  0
MTEXT
  5
133531
330
D2
100
AcDbEntity
 67
     1
  8
WatermarkLayer
347
BYLAYER
 62
    65
 60
     0
 48
0.0
370
    -1
100
AcDbMText
 10
-20.0
 20
230.0
 30
0.0
210
0.0
220
0.0
230
1.0
 40
10.0
 41
110.0
 50
0.0
 71
     1
 72
     5
  1
{\fArial|b1|i0|c204|p34;Evaluation only.}
  7
Annotative
 11
1.0
 21
-1.0
 42
105.0
 73
     1
 44
1.0
 90
        0
 75
     0
 78
     0
 79
     0
 48
0.0
 49
0.0
  0
MTEXT
  5
133532
330
D2
100
AcDbEntity
 67
     1
  8
WatermarkLayer
347
BYLAYER
 62
    65
 60
     0
 48
0.0
370
    -1
100
AcDbMText
 10
31.0
 20
230.0
 30
0.0
210
0.0
220
0.0
230
1.0
 40
10.0
 41
110.0
 50
0.0
 71
     1
 72
     5
  1
{\fArial|b1|i0|c204|p34;Evaluation only.}
  7
Annotative
 11
1.0
 21
-1.0
 42
105.0
 73
     1
 44
1.0
 90
        0
 75
     0
 78
     0
 79
     0
 48
0.0
 49
0.0
  0
MTEXT
  5
133533
330
D2
100
AcDbEntity
 67
     1
  8
WatermarkLayer
347
BYLAYER
 62
    65
 60
     0
 48
0.0
370
    -1
100
AcDbMText
 10
82.0
 20
230.0
 30
0.0
210
0.0
220
0.0
230
1.0
 40
10.0
 41
110.0
 50
0.0
 71
     1
 72
     5
  1
{\fArial|b1|i0|c204|p34;Evaluation only.}
  7
Annotative
 11
1.0
 21
-1.0
 42
105.0
 73
     1
 44
1.0
 90
        0
 75
     0
 78
     0
 79
     0
 48
0.0
 49
0.0
  0
MTEXT
  5
133534
330
D2
100
AcDbEntity
 67
     1
  8
WatermarkLayer
347
BYLAYER
 62
    65
 60
     0
 48
0.0
370
    -1
100
AcDbMText
 10
133.0
 20
230.0
 30
0.0
210
0.0
220
0.0
230
1.0
 40
10.0
 41
110.0
 50
0.0
 71
     1
 72
     5
  1
{\fArial|b1|i0|c204|p34;Evaluation only.}
  7
Annotative
 11
1.0
 21
-1.0
 42
105.0
 73
     1
 44
1.0
 90
        0
 75
     0
 78
     0
 79
     0
 48
0.0
 49
0.0
  0
MTEXT
  5
133535
330
D2
100
AcDbEntity
 67
     1
  8
WatermarkLayer
347
BYLAYER
 62
    65
 60
     0
 48
0.0
370
    -1
100
AcDbMText
 10
184.0
 20
230.0
 30
0.0
210
0.0
220
0.0
230
1.0
 40
10.0
 41
110.0
 50
0.0
 71
     1
 72
     5
  1
{\fArial|b1|i0|c204|p34;Evaluation only.}
  7
Annotative
 11
1.0
 21
-1.0
 42
105.0
 73
     1
 44
1.0
 90
        0
 75
     0
 78
     0
 79
     0
 48
0.0
 49
0.0
  0
MTEXT
  5
133536
330
D2
100
AcDbEntity
 67
     1
  8
WatermarkLayer
347
BYLAYER
 62
    65
 60
     0
 48
0.0
370
    -1
100
AcDbMText
 10
235.0
 20
230.0
 30
0.0
210
0.0
220
0.0
230
1.0
 40
10.0
 41
110.0
 50
0.0
 71
     1
 72
     5
  1
{\fArial|b1|i0|c204|p34;Evaluation only.}
  7
Annotative
 11
1.0
 21
-1.0
 42
105.0
 73
     1
 44
1.0
 90
        0
 75
     0
 78
     0
 79
     0
 48
0.0
 49
0.0
  0
MTEXT
  5
133537
330
D2
100
AcDbEntity
 67
     1
  8
WatermarkLayer
347
BYLAYER
 62
    65
 60
     0
 48
0.0
370
    -1
100
AcDbMText
 10
286.0
 20
230.0
 30
0.0
210
0.0
220
0.0
230
1.0
 40
10.0
 41
110.0
 50
0.0
 71
     1
 72
     5
  1
{\fArial|b1|i0|c204|p34;Evaluation only.}
  7
Annotative
 11
1.0
 21
-1.0
 42
105.0
 73
     1
 44
1.0
 90
        0
 75
     0
 78
     0
 79
     0
 48
0.0
 49
0.0
  0
MTEXT
  5
133538
330
D2
100
AcDbEntity
 67
     1
  8
WatermarkLayer
347
BYLAYER
 62
    65
 60
     0
 48
0.0
370
    -1
100
AcDbMText
 10
-20.0
 20
140.0
 30
0.0
210
0.0
220
0.0
230
1.0
 40
10.0
 41
110.0
 50
0.0
 71
     1
 72
     5
  1
{\fArial|b1|i0|c204|p34;Evaluation only.}
  7
Annotative
 11
1.0
 21
-1.0
 42
105.0
 73
     1
 44
1.0
 90
        0
 75
     0
 78
     0
 79
     0
 48
0.0
 49
0.0
  0
MTEXT
  5
133539
330
D2
100
AcDbEntity
 67
     1
  8
WatermarkLayer
347
BYLAYER
 62
    65
 60
     0
 48
0.0
370
    -1
100
AcDbMText
 10
31.0
 20
140.0
 30
0.0
210
0.0
220
0.0
230
1.0
 40
10.0
 41
110.0
 50
0.0
 71
     1
 72
     5
  1
{\fArial|b1|i0|c204|p34;Evaluation only.}
  7
Annotative
 11
1.0
 21
-1.0
 42
105.0
 73
     1
 44
1.0
 90
        0
 75
     0
 78
     0
 79
     0
 48
0.0
 49
0.0
  0
MTEXT
  5
13353A
330
D2
100
AcDbEntity
 67
     1
  8
WatermarkLayer
347
BYLAYER
 62
    65
 60
     0
 48
0.0
370
    -1
100
AcDbMText
 10
82.0
 20
140.0
 30
0.0
210
0.0
220
0.0
230
1.0
 40
10.0
 41
110.0
 50
0.0
 71
     1
 72
     5
  1
{\fArial|b1|i0|c204|p34;Evaluation only.}
  7
Annotative
 11
1.0
 21
-1.0
 42
105.0
 73
     1
 44
1.0
 90
        0
 75
     0
 78
     0
 79
     0
 48
0.0
 49
0.0
  0
MTEXT
  5
13353B
330
D2
100
AcDbEntity
 67
     1
  8
WatermarkLayer
347
BYLAYER
 62
    65
 60
     0
 48
0.0
370
    -1
100
AcDbMText
 10
133.0
 20
140.0
 30
0.0
210
0.0
220
0.0
230
1.0
 40
10.0
 41
110.0
 50
0.0
 71
     1
 72
     5
  1
{\fArial|b1|i0|c204|p34;Evaluation only.}
  7
Annotative
 11
1.0
 21
-1.0
 42
105.0
 73
     1
 44
1.0
 90
        0
 75
     0
 78
     0
 79
     0
 48
0.0
 49
0.0
  0
MTEXT
  5
13353C
330
D2
100
AcDbEntity
 67
     1
  8
WatermarkLayer
347
BYLAYER
 62
    65
 60
     0
 48
0.0
370
    -1
100
AcDbMText
 10
184.0
 20
140.0
 30
0.0
210
0.0
220
0.0
230
1.0
 40
10.0
 41
110.0
 50
0.0
 71
     1
 72
     5
  1
{\fArial|b1|i0|c204|p34;Evaluation only.}
  7
Annotative
 11
1.0
 21
-1.0
 42
105.0
 73
     1
 44
1.0
 90
        0
 75
     0
 78
     0
 79
     0
 48
0.0
 49
0.0
  0
MTEXT
  5
13353D
330
D2
100
AcDbEntity
 67
     1
  8
WatermarkLayer
347
BYLAYER
 62
    65
 60
     0
 48
0.0
370
    -1
100
AcDbMText
 10
235.0
 20
140.0
 30
0.0
210
0.0
220
0.0
230
1.0
 40
10.0
 41
110.0
 50
0.0
 71
     1
 72
     5
  1
{\fArial|b1|i0|c204|p34;Evaluation only.}
  7
Annotative
 11
1.0
 21
-1.0
 42
105.0
 73
     1
 44
1.0
 90
        0
 75
     0
 78
     0
 79
     0
 48
0.0
 49
0.0
  0
MTEXT
  5
13353E
330
D2
100
AcDbEntity
 67
     1
  8
WatermarkLayer
347
BYLAYER
 62
    65
 60
     0
 48
0.0
370
    -1
100
AcDbMText
 10
286.0
 20
140.0
 30
0.0
210
0.0
220
0.0
230
1.0
 40
10.0
 41
110.0
 50
0.0
 71
     1
 72
     5
  1
{\fArial|b1|i0|c204|p34;Evaluation only.}
  7
Annotative
 11
1.0
 21
-1.0
 42
105.0
 73
     1
 44
1.0
 90
        0
 75
     0
 78
     0
 79
     0
 48
0.0
 49
0.0
  0
MTEXT
  5
13353F
330
D2
100
AcDbEntity
 67
     1
  8
WatermarkLayer
347
BYLAYER
 62
    65
 60
     0
 48
0.0
370
    -1
100
AcDbMText
 10
-20.0
 20
50.0
 30
0.0
210
0.0
220
0.0
230
1.0
 40
10.0
 41
110.0
 50
0.0
 71
     1
 72
     5
  1
{\fArial|b1|i0|c204|p34;Evaluation only.}
  7
Annotative
 11
1.0
 21
-1.0
 42
105.0
 73
     1
 44
1.0
 90
        0
 75
     0
 78
     0
 79
     0
 48
0.0
 49
0.0
  0
MTEXT
  5
133540
330
D2
100
AcDbEntity
 67
     1
  8
WatermarkLayer
347
BYLAYER
 62
    65
 60
     0
 48
0.0
370
    -1
100
AcDbMText
 10
31.0
 20
50.0
 30
0.0
210
0.0
220
0.0
230
1.0
 40
10.0
 41
110.0
 50
0.0
 71
     1
 72
     5
  1
{\fArial|b1|i0|c204|p34;Evaluation only.}
  7
Annotative
 11
1.0
 21
-1.0
 42
105.0
 73
     1
 44
1.0
 90
        0
 75
     0
 78
     0
 79
     0
 48
0.0
 49
0.0
  0
MTEXT
  5
133541
330
D2
100
AcDbEntity
 67
     1
  8
WatermarkLayer
347
BYLAYER
 62
    65
 60
     0
 48
0.0
370
    -1
100
AcDbMText
 10
82.0
 20
50.0
 30
0.0
210
0.0
220
0.0
230
1.0
 40
10.0
 41
110.0
 50
0.0
 71
     1
 72
     5
  1
{\fArial|b1|i0|c204|p34;Evaluation only.}
  7
Annotative
 11
1.0
 21
-1.0
 42
105.0
 73
     1
 44
1.0
 90
        0
 75
     0
 78
     0
 79
     0
 48
0.0
 49
0.0
  0
MTEXT
  5
133542
330
D2
100
AcDbEntity
 67
     1
  8
WatermarkLayer
347
BYLAYER
 62
    65
 60
     0
 48
0.0
370
    -1
100
AcDbMText
 10
133.0
 20
50.0
 30
0.0
210
0.0
220
0.0
230
1.0
 40
10.0
 41
110.0
 50
0.0
 71
     1
 72
     5
  1
{\fArial|b1|i0|c204|p34;Evaluation only.}
  7
Annotative
 11
1.0
 21
-1.0
 42
105.0
 73
     1
 44
1.0
 90
        0
 75
     0
 78
     0
 79
     0
 48
0.0
 49
0.0
  0
MTEXT
  5
133543
330
D2
100
AcDbEntity
 67
     1
  8
WatermarkLayer
347
BYLAYER
 62
    65
 60
     0
 48
0.0
370
    -1
100
AcDbMText
 10
184.0
 20
50.0
 30
0.0
210
0.0
220
0.0
230
1.0
 40
10.0
 41
110.0
 50
0.0
 71
     1
 72
     5
  1
{\fArial|b1|i0|c204|p34;Evaluation only.}
  7
Annotative
 11
1.0
 21
-1.0
 42
105.0
 73
     1
 44
1.0
 90
        0
 75
     0
 78
     0
 79
     0
 48
0.0
 49
0.0
  0
MTEXT
  5
133544
330
D2
100
AcDbEntity
 67
     1
  8
WatermarkLayer
347
BYLAYER
 62
    65
 60
     0
 48
0.0
370
    -1
100
AcDbMText
 10
235.0
 20
50.0
 30
0.0
210
0.0
220
0.0
230
1.0
 40
10.0
 41
110.0
 50
0.0
 71
     1
 72
     5
  1
{\fArial|b1|i0|c204|p34;Evaluation only.}
  7
Annotative
 11
1.0
 21
-1.0
 42
105.0
 73
     1
 44
1.0
 90
        0
 75
     0
 78
     0
 79
     0
 48
0.0
 49
0.0
  0
MTEXT
  5
133545
330
D2
100
AcDbEntity
 67
     1
  8
WatermarkLayer
347
BYLAYER
 62
    65
 60
     0
 48
0.0
370
    -1
100
AcDbMText
 10
286.0
 20
50.0
 30
0.0
210
0.0
220
0.0
230
1.0
 40
10.0
 41
110.0
 50
0.0
 71
     1
 72
     5
  1
{\fArial|b1|i0|c204|p34;Evaluation only.}
  7
Annotative
 11
1.0
 21
-1.0
 42
105.0
 73
     1
 44
1.0
 90
        0
 75
     0
 78
     0
 79
     0
 48
0.0
 49
0.0
  0
ENDBLK
  5
D5
330
D2
100
AcDbEntity
  8
0
100
AcDbBlockEnd
  0
BLOCK
  5
2C2
330
2C1
100
AcDbEntity
  8
0
100
AcDbBlockBegin
  2
_ArchTick
 70
     0
 10
0.0
 20
0.0
 30
0.0
  3
_ArchTick
  1

  4

  0
LWPOLYLINE
  5
2C3
330
2C1
100
AcDbEntity
  8
0
  6
Byblock
 62
     0
 60
     0
 48
1.0
370
    -1
100
AcDbPolyline
 90
        2
 43
0.15
 10
-0.5
 20
-0.5
 10
0.5
 20
0.5
  0
ENDBLK
  5
2C4
330
2C1
100
AcDbEntity
  8
0
100
AcDbBlockEnd
  0
BLOCK
  5
381
330
37E
100
AcDbEntity
  8
0
100
AcDbBlockBegin
  2
A$C0d0f490b
 70
     0
 10
0.0
 20
0.0
 30
0.0
  3
A$C0d0f490b
  1

  4

  0
LWPOLYLINE
  5
382
330
37E
100
AcDbEntity
  8
A_INT_STAIR
  6
Continuous
 62
   256
 60
     0
 48
1.0
370
    -1
100
AcDbPolyline
 90
        5
 10
-560.9948
 20
-110.9711
 10
-266.2448
 20
-110.9711
 10
-266.2448
 20
-90.9711
 10
-266.2448
 20
-90.9711
 10
-560.9948
 20
-90.9711
  0
LINE
  5
383
330
37E
100
AcDbEntity
  8
A_ELEV_03
  6
ACAD_ISO03W100
 62
   256
 60
     0
 48
0.6
370
    -1
100
AcDbLine
 39
0.0
 10
-269.2448
 20
-110.9711
 30
0.0
 11
-269.2448
 21
-265.9711
 31
0.0
  0
LINE
  5
384
330
37E
100
AcDbEntity
  8
A_ELEV_03
  6
ACAD_ISO03W100
 62
   256
 60
     0
 48
0.6
370
    -1
100
AcDbLine
 39
0.0
 10
-557.9948
 20
-110.9711
 30
0.0
 11
-557.9948
 21
-265.9711
 31
0.0
  0
LINE
  5
385
330
37E
100
AcDbEntity
  8
A_ELEV_03
  6
ACAD_ISO03W100
 62
   256
 60
     0
 48
0.6
370
    -1
100
AcDbLine
 39
0.0
 10
-531.7448
 20
-110.9711
 30
0.0
 11
-531.7448
 21
-265.9711
 31
0.0
  0
LINE
  5
386
330
37E
100
AcDbEntity
  8
A_ELEV_03
  6
ACAD_ISO03W100
 62
   256
 60
     0
 48
0.6
370
    -1
100
AcDbLine
 39
0.0
 10
-505.4948
 20
-110.9711
 30
0.0
 11
-505.4948
 21
-265.9711
 31
0.0
  0
LINE
  5
387
330
37E
100
AcDbEntity
  8
A_ELEV_03
  6
ACAD_ISO03W100
 62
   256
 60
     0
 48
0.6
370
    -1
100
AcDbLine
 39
0.0
 10
-479.2448
 20
-110.9711
 30
0.0
 11
-479.2448
 21
-265.9711
 31
0.0
  0
LINE
  5
388
330
37E
100
AcDbEntity
  8
A_ELEV_03
  6
ACAD_ISO03W100
 62
   256
 60
     0
 48
0.6
370
    -1
100
AcDbLine
 39
0.0
 10
-452.9948
 20
-110.9711
 30
0.0
 11
-452.9948
 21
-265.9711
 31
0.0
  0
LINE
  5
389
330
37E
100
AcDbEntity
  8
A_ELEV_03
  6
ACAD_ISO03W100
 62
   256
 60
     0
 48
0.6
370
    -1
100
AcDbLine
 39
0.0
 10
-426.7448
 20
-110.9711
 30
0.0
 11
-426.7448
 21
-265.9711
 31
0.0
  0
LINE
  5
38A
330
37E
100
AcDbEntity
  8
A_ELEV_03
  6
ACAD_ISO03W100
 62
   256
 60
     0
 48
0.6
370
    -1
100
AcDbLine
 39
0.0
 10
-400.4948
 20
-110.9711
 30
0.0
 11
-400.4948
 21
-265.9711
 31
0.0
  0
LINE
  5
38B
330
37E
100
AcDbEntity
  8
A_ELEV_03
  6
ACAD_ISO03W100
 62
   256
 60
     0
 48
0.6
370
    -1
100
AcDbLine
 39
0.0
 10
-374.2448
 20
-110.9711
 30
0.0
 11
-374.2448
 21
-265.9711
 31
0.0
  0
LINE
  5
38C
330
37E
100
AcDbEntity
  8
A_ELEV_03
  6
ACAD_ISO03W100
 62
   256
 60
     0
 48
0.6
370
    -1
100
AcDbLine
 39
0.0
 10
-347.9948
 20
-110.9711
 30
0.0
 11
-347.9948
 21
-265.9711
 31
0.0
  0
LINE
  5
38D
330
37E
100
AcDbEntity
  8
A_ELEV_03
  6
ACAD_ISO03W100
 62
   256
 60
     0
 48
0.6
370
    -1
100
AcDbLine
 39
0.0
 10
-321.7448
 20
-110.9711
 30
0.0
 11
-321.7448
 21
-265.9711
 31
0.0
  0
LINE
  5
38E
330
37E
100
AcDbEntity
  8
A_ELEV_03
  6
ACAD_ISO03W100
 62
   256
 60
     0
 48
0.6
370
    -1
100
AcDbLine
 39
0.0
 10
-295.4948
 20
-110.9711
 30
0.0
 11
-295.4948
 21
-265.9711
 31
0.0
  0
LINE
  5
38F
330
37E
100
AcDbEntity
  8
A_ELEV_03
  6
ACAD_ISO03W100
 62
   256
 60
     0
 48
0.6
370
    -1
100
AcDbLine
 39
0.0
 10
-269.2448
 20
-90.9711
 30
0.0
 11
-269.2448
 21
44.0289
 31
0.0
  0
LINE
  5
390
330
37E
100
AcDbEntity
  8
A_ELEV_03
  6
ACAD_ISO03W100
 62
   256
 60
     0
 48
0.6
370
    -1
100
AcDbLine
 39
0.0
 10
-557.9948
 20
-90.9711
 30
0.0
 11
-557.9948
 21
44.0289
 31
0.0
  0
LINE
  5
391
330
37E
100
AcDbEntity
  8
A_ELEV_03
  6
ACAD_ISO03W100
 62
   256
 60
     0
 48
0.6
370
    -1
100
AcDbLine
 39
0.0
 10
-531.7448
 20
-90.9711
 30
0.0
 11
-531.7448
 21
44.0289
 31
0.0
  0
LINE
  5
392
330
37E
100
AcDbEntity
  8
A_ELEV_03
  6
ACAD_ISO03W100
 62
   256
 60
     0
 48
0.6
370
    -1
100
AcDbLine
 39
0.0
 10
-505.4948
 20
-90.9711
 30
0.0
 11
-505.4948
 21
44.0289
 31
0.0
  0
LINE
  5
393
330
37E
100
AcDbEntity
  8
A_ELEV_03
  6
ACAD_ISO03W100
 62
   256
 60
     0
 48
0.6
370
    -1
100
AcDbLine
 39
0.0
 10
-479.2448
 20
-90.9711
 30
0.0
 11
-479.2448
 21
44.0289
 31
0.0
  0
LINE
  5
394
330
37E
100
AcDbEntity
  8
A_ELEV_03
  6
ACAD_ISO03W100
 62
   256
 60
     0
 48
0.6
370
    -1
100
AcDbLine
 39
0.0
 10
-452.9948
 20
-90.9711
 30
0.0
 11
-452.9948
 21
44.0289
 31
0.0
  0
LINE
  5
395
330
37E
100
AcDbEntity
  8
A_ELEV_03
  6
ACAD_ISO03W100
 62
   256
 60
     0
 48
0.6
370
    -1
100
AcDbLine
 39
0.0
 10
-426.7448
 20
-90.9711
 30
0.0
 11
-426.7448
 21
44.0289
 31
0.0
  0
LINE
  5
396
330
37E
100
AcDbEntity
  8
A_ELEV_03
  6
ACAD_ISO03W100
 62
   256
 60
     0
 48
0.6
370
    -1
100
AcDbLine
 39
0.0
 10
-400.4948
 20
-90.9711
 30
0.0
 11
-400.4948
 21
44.0289
 31
0.0
  0
LINE
  5
397
330
37E
100
AcDbEntity
  8
A_ELEV_03
  6
ACAD_ISO03W100
 62
   256
 60
     0
 48
0.6
370
    -1
100
AcDbLine
 39
0.0
 10
-374.2448
 20
-90.9711
 30
0.0
 11
-374.2448
 21
44.0289
 31
0.0
  0
LINE
  5
398
330
37E
100
AcDbEntity
  8
A_ELEV_03
  6
ACAD_ISO03W100
 62
   256
 60
     0
 48
0.6
370
    -1
100
AcDbLine
 39
0.0
 10
-347.9948
 20
-90.9711
 30
0.0
 11
-347.9948
 21
44.0289
 31
0.0
  0
LINE
  5
399
330
37E
100
AcDbEntity
  8
A_ELEV_03
  6
ACAD_ISO03W100
 62
   256
 60
     0
 48
0.6
370
    -1
100
AcDbLine
 39
0.0
 10
-321.7448
 20
-90.9711
 30
0.0
 11
-321.7448
 21
44.0289
 31
0.0
  0
LINE
  5
39A
330
37E
100
AcDbEntity
  8
A_ELEV_03
  6
ACAD_ISO03W100
 62
   256
 60
     0
 48
0.6
370
    -1
100
AcDbLine
 39
0.0
 10
-295.4948
 20
-90.9711
 30
0.0
 11
-295.4948
 21
44.0289
 31
0.0
  0
LINE
  5
39B
330
37E
100
AcDbEntity
  8
A_INT_STAIR
  6
Continuous
 62
   256
 60
     0
 48
1.0
370
    -1
100
AcDbLine
 39
0.0
 10
-560.9948
 20
-90.9711
 30
0.0
 11
-560.9948
 21
-110.9711
 31
0.0
  0
LINE
  5
39C
330
37E
100
AcDbEntity
  8
A_INT_STAIR
  6
Continuous
 62
   256
 60
     0
 48
1.0
370
    -1
100
AcDbLine
 39
0.0
 10
-560.9948
 20
-265.9711
 30
0.0
 11
-560.9948
 21
-110.9711
 31
0.0
  0
LINE
  5
39D
330
37E
100
AcDbEntity
  8
A_INT_STAIR
  6
Continuous
 62
   256
 60
     0
 48
1.0
370
    -1
100
AcDbLine
 39
0.0
 10
-534.7448
 20
-265.9711
 30
0.0
 11
-534.7448
 21
-110.9711
 31
0.0
  0
LINE
  5
39E
330
37E
100
AcDbEntity
  8
A_INT_STAIR
  6
Continuous
 62
   256
 60
     0
 48
1.0
370
    -1
100
AcDbLine
 39
0.0
 10
-508.4948
 20
-265.9711
 30
0.0
 11
-508.4948
 21
-110.9711
 31
0.0
  0
LWPOLYLINE
  5
39F
330
37E
100
AcDbEntity
  8
A_INT_STAIR
  6
Continuous
 62
   256
 60
     0
 48
1.0
370
    -1
100
AcDbPolyline
 90
        2
 10
-560.9948
 20
-188.4711
 10
-350.9948
 20
-188.4711
  0
LINE
  5
3A0
330
37E
100
AcDbEntity
  8
A_ELEV_03
  6
ACAD_ISO03W100
 62
   256
 60
     0
 48
1.0
370
    -1
100
AcDbLine
 39
0.0
 10
-325.7086
 20
-259.8845
 30
0.0
 11
-378.4362
 21
-110.9711
 31
0.0
  0
LINE
  5
3A1
330
37E
100
AcDbEntity
  8
A_ELEV_03
  6
ACAD_ISO03W100
 62
   256
 60
     0
 48
1.0
370
    -1
100
AcDbLine
 39
0.0
 10
-315.1487
 20
-265.9711
 30
0.0
 11
-368.139
 21
-110.9711
 31
0.0
  0
LWPOLYLINE
  5
3A2
330
37E
100
AcDbEntity
  8
A_INT_STAIR
  6
Continuous
 62
   256
 60
     0
 48
1.0
370
    -1
100
AcDbPolyline
 90
        2
 10
-350.9948
 20
-188.4711
 10
-371.6352
 20
-172.8728
  0
LWPOLYLINE
  5
3A3
330
37E
100
AcDbEntity
  8
A_INT_STAIR
  6
Continuous
 62
   256
 60
     0
 48
1.0
370
    -1
100
AcDbPolyline
 90
        2
 10
-350.9948
 20
-188.4711
 10
-371.6352
 20
-204.0694
  0
LWPOLYLINE
  5
3A4
330
37E
100
AcDbEntity
  8
A_INT_STAIR
  6
Continuous
 62
   256
 60
     0
 48
1.0
370
    -1
100
AcDbPolyline
 90
        4
 10
-341.6438
 20
-188.4711
 10
-201.7448
 20
-188.4711
 10
-201.7448
 20
-23.4711
 10
-554.9948
 20
-23.4711
  0
LWPOLYLINE
  5
3A5
330
37E
100
AcDbEntity
  8
A_INT_STAIR
  6
Continuous
 62
   256
 60
     0
 48
1.0
370
    -1
100
AcDbPolyline
 90
        2
 10
-554.9948
 20
-23.4711
 10
-536.7165
 20
-7.8728
  0
LWPOLYLINE
  5
3A6
330
37E
100
AcDbEntity
  8
A_INT_STAIR
  6
Continuous
 62
   256
 60
     0
 48
1.0
370
    -1
100
AcDbPolyline
 90
        2
 10
-554.9948
 20
-23.4711
 10
-536.7165
 20
-39.0694
  0
CIRCLE
  5
3A7
330
37E
100
AcDbEntity
  8
A_INT_STAIR
  6
Continuous
 62
   256
 60
     0
 48
1.0
370
    -1
100
AcDbCircle
 39
0.0
 10
-560.9948
 20
-188.4711
 30
0.0
 40
5.0
  0
LINE
  5
3A8
330
37E
100
AcDbEntity
  8
A_INT_STAIR
  6
Continuous
 62
   256
 60
     0
 48
1.0
370
    -1
100
AcDbLine
 39
0.0
 10
-482.2448
 20
-265.9711
 30
0.0
 11
-482.2448
 21
-110.9711
 31
0.0
  0
LINE
  5
3A9
330
37E
100
AcDbEntity
  8
A_INT_STAIR
  6
Continuous
 62
   256
 60
     0
 48
1.0
370
    -1
100
AcDbLine
 39
0.0
 10
-455.9948
 20
-265.9711
 30
0.0
 11
-455.9948
 21
-110.9711
 31
0.0
  0
LINE
  5
3AA
330
37E
100
AcDbEntity
  8
A_INT_STAIR
  6
Continuous
 62
   256
 60
     0
 48
1.0
370
    -1
100
AcDbLine
 39
0.0
 10
-429.7448
 20
-265.9711
 30
0.0
 11
-429.7448
 21
-110.9711
 31
0.0
  0
LINE
  5
3AB
330
37E
100
AcDbEntity
  8
A_INT_STAIR
  6
Continuous
 62
   256
 60
     0
 48
1.0
370
    -1
100
AcDbLine
 39
0.0
 10
-403.4948
 20
-265.9711
 30
0.0
 11
-403.4948
 21
-110.9711
 31
0.0
  0
LINE
  5
3AC
330
37E
100
AcDbEntity
  8
A_INT_STAIR
  6
Continuous
 62
   256
 60
     0
 48
1.0
370
    -1
100
AcDbLine
 39
0.0
 10
-377.2448
 20
-265.9711
 30
0.0
 11
-377.2448
 21
-110.9711
 31
0.0
  0
LINE
  5
3AD
330
37E
100
AcDbEntity
  8
A_INT_STAIR
  6
Continuous
 62
   256
 60
     0
 48
1.0
370
    -1
100
AcDbLine
 39
0.0
 10
-350.9948
 20
-265.9711
 30
0.0
 11
-350.9948
 21
-110.9711
 31
0.0
  0
LINE
  5
3AE
330
37E
100
AcDbEntity
  8
A_INT_STAIR
  6
Continuous
 62
   256
 60
     0
 48
1.0
370
    -1
100
AcDbLine
 39
0.0
 10
-324.7448
 20
-265.9711
 30
0.0
 11
-324.7448
 21
-110.9711
 31
0.0
  0
LINE
  5
3AF
330
37E
100
AcDbEntity
  8
A_INT_STAIR
  6
Continuous
 62
   256
 60
     0
 48
1.0
370
    -1
100
AcDbLine
 39
0.0
 10
-298.4948
 20
-265.9711
 30
0.0
 11
-298.4948
 21
-110.9711
 31
0.0
  0
LINE
  5
3B0
330
37E
100
AcDbEntity
  8
A_INT_STAIR
  6
Continuous
 62
   256
 60
     0
 48
1.0
370
    -1
100
AcDbLine
 39
0.0
 10
-272.2448
 20
-265.9711
 30
0.0
 11
-272.2448
 21
-110.9711
 31
0.0
  0
LINE
  5
3B1
330
37E
100
AcDbEntity
  8
A_INT_STAIR
  6
Continuous
 62
   256
 60
     0
 48
1.0
370
    -1
100
AcDbLine
 39
0.0
 10
-554.9948
 20
44.0289
 30
0.0
 11
-554.9948
 21
-90.9711
 31
0.0
  0
LINE
  5
3B2
330
37E
100
AcDbEntity
  8
A_INT_STAIR
  6
Continuous
 62
   256
 60
     0
 48
1.0
370
    -1
100
AcDbLine
 39
0.0
 10
-528.7448
 20
44.0289
 30
0.0
 11
-528.7448
 21
-90.9711
 31
0.0
  0
LINE
  5
3B3
330
37E
100
AcDbEntity
  8
A_INT_STAIR
  6
Continuous
 62
   256
 60
     0
 48
1.0
370
    -1
100
AcDbLine
 39
0.0
 10
-502.4948
 20
44.0289
 30
0.0
 11
-502.4948
 21
-90.9711
 31
0.0
  0
LINE
  5
3B4
330
37E
100
AcDbEntity
  8
A_INT_STAIR
  6
Continuous
 62
   256
 60
     0
 48
1.0
370
    -1
100
AcDbLine
 39
0.0
 10
-476.2448
 20
44.0289
 30
0.0
 11
-476.2448
 21
-90.9711
 31
0.0
  0
LINE
  5
3B5
330
37E
100
AcDbEntity
  8
A_INT_STAIR
  6
Continuous
 62
   256
 60
     0
 48
1.0
370
    -1
100
AcDbLine
 39
0.0
 10
-449.9948
 20
44.0289
 30
0.0
 11
-449.9948
 21
-90.9711
 31
0.0
  0
LINE
  5
3B6
330
37E
100
AcDbEntity
  8
A_INT_STAIR
  6
Continuous
 62
   256
 60
     0
 48
1.0
370
    -1
100
AcDbLine
 39
0.0
 10
-423.7448
 20
44.0289
 30
0.0
 11
-423.7448
 21
-90.9711
 31
0.0
  0
LINE
  5
3B7
330
37E
100
AcDbEntity
  8
A_INT_STAIR
  6
Continuous
 62
   256
 60
     0
 48
1.0
370
    -1
100
AcDbLine
 39
0.0
 10
-397.4948
 20
44.0289
 30
0.0
 11
-397.4948
 21
-90.9711
 31
0.0
  0
LINE
  5
3B8
330
37E
100
AcDbEntity
  8
A_INT_STAIR
  6
Continuous
 62
   256
 60
     0
 48
1.0
370
    -1
100
AcDbLine
 39
0.0
 10
-371.2448
 20
44.0289
 30
0.0
 11
-371.2448
 21
-90.9711
 31
0.0
  0
LINE
  5
3B9
330
37E
100
AcDbEntity
  8
A_INT_STAIR
  6
Continuous
 62
   256
 60
     0
 48
1.0
370
    -1
100
AcDbLine
 39
0.0
 10
-344.9948
 20
44.0289
 30
0.0
 11
-344.9948
 21
-90.9711
 31
0.0
  0
LINE
  5
3BA
330
37E
100
AcDbEntity
  8
A_INT_STAIR
  6
Continuous
 62
   256
 60
     0
 48
1.0
370
    -1
100
AcDbLine
 39
0.0
 10
-318.7448
 20
44.0289
 30
0.0
 11
-318.7448
 21
-90.9711
 31
0.0
  0
LINE
  5
3BB
330
37E
100
AcDbEntity
  8
A_INT_STAIR
  6
Continuous
 62
   256
 60
     0
 48
1.0
370
    -1
100
AcDbLine
 39
0.0
 10
-292.4948
 20
44.0289
 30
0.0
 11
-292.4948
 21
-90.9711
 31
0.0
  0
LINE
  5
3BC
330
37E
100
AcDbEntity
  8
A_INT_STAIR
  6
Continuous
 62
   256
 60
     0
 48
1.0
370
    -1
100
AcDbLine
 39
0.0
 10
-266.2448
 20
44.0289
 30
0.0
 11
-266.2448
 21
-90.9711
 31
0.0
  0
ENDBLK
  5
3BD
330
37E
100
AcDbEntity
  8
0
100
AcDbBlockEnd
  0
BLOCK
  5
7C3
330
7C2
100
AcDbEntity
  8
0
100
AcDbBlockBegin
  2
_None
 70
     0
 10
0.0
 20
0.0
 30
0.0
  3
_None
  1

  4

  0
ENDBLK
  5
7C4
330
7C2
100
AcDbEntity
  8
0
100
AcDbBlockEnd
  0
BLOCK
  5
E88
330
E85
100
AcDbEntity
  8
0
100
AcDbBlockBegin
  2
p_klt
 70
     0
 10
0.0
 20
0.0
 30
0.0
  3
p_klt
  1

  4

  0
LINE
  5
E89
330
E85
100
AcDbEntity
  8
A_DOOR_WINDOW
  6
Continuous
 62
   256
 60
     0
 48
1.0
370
    -1
100
AcDbLine
 39
0.0
 10
1212.7729
 20
31206.6066
 30
0.0
 11
1215.7729
 21
31206.6066
 31
0.0
  0
LINE
  5
E8A
330
E85
100
AcDbEntity
  8
A_DOOR_WINDOW
  6
Continuous
 62
   256
 60
     0
 48
1.0
370
    -1
100
AcDbLine
 39
0.0
 10
1210.7729
 20
31187.6073
 30
0.0
 11
1210.7729
 21
31203.8066
 31
0.0
  0
LINE
  5
E8B
330
E85
100
AcDbEntity
  8
A_DOOR_WINDOW
  6
Continuous
 62
   256
 60
     0
 48
1.0
370
    -1
100
AcDbLine
 39
0.0
 10
1212.7729
 20
31206.6066
 30
0.0
 11
1212.7729
 21
31203.6066
 31
0.0
  0
LINE
  5
E8C
330
E85
100
AcDbEntity
  8
A_DOOR_WINDOW
  6
Continuous
 62
   256
 60
     0
 48
1.0
370
    -1
100
AcDbLine
 39
0.0
 10
1212.7729
 20
31203.6066
 30
0.0
 11
1210.7729
 21
31203.6066
 31
0.0
  0
LINE
  5
E8D
330
E85
100
AcDbEntity
  8
A_DOOR_WINDOW
  6
Continuous
 62
   256
 60
     0
 48
1.0
370
    -1
100
AcDbLine
 39
0.0
 10
1126.7729
 20
31206.6066
 30
0.0
 11
1123.7729
 21
31206.6066
 31
0.0
  0
LINE
  5
E8E
330
E85
100
AcDbEntity
  8
A_DOOR_WINDOW
  6
Continuous
 62
   256
 60
     0
 48
1.0
370
    -1
100
AcDbLine
 39
0.0
 10
1123.7729
 20
31203.1051
 30
0.0
 11
1123.7729
 21
31187.6051
 31
0.0
  0
LINE
  5
E8F
330
E85
100
AcDbEntity
  8
A_DOOR_WINDOW
  6
Continuous
 62
   256
 60
     0
 48
1.0
370
    -1
100
AcDbLine
 39
0.0
 10
1128.7729
 20
31187.6051
 30
0.0
 11
1128.7729
 21
31203.8066
 31
0.0
  0
LINE
  5
E90
330
E85
100
AcDbEntity
  8
A_DOOR_WINDOW
  6
Continuous
 62
   256
 60
     0
 48
1.0
370
    -1
100
AcDbLine
 39
0.0
 10
1126.7729
 20
31206.6066
 30
0.0
 11
1126.7729
 21
31203.6066
 31
0.0
  0
LINE
  5
E91
330
E85
100
AcDbEntity
  8
A_DOOR_WINDOW
  6
Continuous
 62
   256
 60
     0
 48
1.0
370
    -1
100
AcDbLine
 39
0.0
 10
1126.7729
 20
31203.6066
 30
0.0
 11
1128.7729
 21
31203.6066
 31
0.0
  0
LINE
  5
E92
330
E85
100
AcDbEntity
  8
A_DOOR_WINDOW
  6
Continuous
 62
   256
 60
     0
 48
1.0
370
    -1
100
AcDbLine
 39
0.0
 10
1126.9729
 20
31203.8066
 30
0.0
 11
1126.9729
 21
31208.8066
 31
0.0
  0
LINE
  5
E93
330
E85
100
AcDbEntity
  8
A_DOOR_WINDOW
  6
Continuous
 62
   256
 60
     0
 48
1.0
370
    -1
100
AcDbLine
 39
0.0
 10
1126.9729
 20
31208.8066
 30
0.0
 11
1212.5729
 21
31208.8066
 31
0.0
  0
LINE
  5
E94
330
E85
100
AcDbEntity
  8
A_DOOR_WINDOW
  6
Continuous
 62
   256
 60
     0
 48
1.0
370
    -1
100
AcDbLine
 39
0.0
 10
1212.5729
 20
31208.8066
 30
0.0
 11
1212.5729
 21
31203.8066
 31
0.0
  0
LINE
  5
E95
330
E85
100
AcDbEntity
  8
A_DOOR_WINDOW
  6
Continuous
 62
   256
 60
     0
 48
1.0
370
    -1
100
AcDbLine
 39
0.0
 10
1212.5729
 20
31203.8066
 30
0.0
 11
1126.9729
 21
31203.8066
 31
0.0
  0
CIRCLE
  5
E96
330
E85
100
AcDbEntity
  8
A_DOOR_WINDOW
  6
Continuous
 62
   256
 60
     0
 48
1.0
370
    -1
100
AcDbCircle
 39
0.0
 10
1126.2054
 20
31207.2066
 30
0.0
 40
0.6
  0
LINE
  5
E97
330
E85
100
AcDbEntity
  8
A_DOOR_WINDOW
  6
Continuous
 62
     3
 60
     0
 48
1.0
370
    -1
100
AcDbLine
 39
0.0
 10
1126.7729
 20
31203.8066
 30
0.0
 11
1126.7729
 21
31203.6066
 31
0.0
  0
LINE
  5
E98
330
E85
100
AcDbEntity
  8
A_DOOR_WINDOW
  6
Continuous
 62
     3
 60
     0
 48
1.0
370
    -1
100
AcDbLine
 39
0.0
 10
1128.7729
 20
31203.74
 30
0.0
 11
1126.7729
 21
31203.74
 31
0.0
  0
LINE
  5
E99
330
E85
100
AcDbEntity
  8
A_DOOR_WINDOW
  6
Continuous
 62
     3
 60
     0
 48
1.0
370
    -1
100
AcDbLine
 39
0.0
 10
1128.7729
 20
31203.6733
 30
0.0
 11
1126.7729
 21
31203.6733
 31
0.0
  0
LINE
  5
E9A
330
E85
100
AcDbEntity
  8
A_DOOR_WINDOW
  6
Continuous
 62
     3
 60
     0
 48
1.0
370
    -1
100
AcDbLine
 39
0.0
 10
1128.7729
 20
31203.8066
 30
0.0
 11
1126.7729
 21
31203.8066
 31
0.0
  0
LINE
  5
E9B
330
E85
100
AcDbEntity
  8
A_DOOR_WINDOW
  6
Continuous
 62
     3
 60
     0
 48
1.0
370
    -1
100
AcDbLine
 39
0.0
 10
1126.7729
 20
31203.6066
 30
0.0
 11
1128.7729
 21
31203.6066
 31
0.0
  0
LINE
  5
E9C
330
E85
100
AcDbEntity
  8
A_DOOR_WINDOW
  6
Continuous
 62
     3
 60
     0
 48
1.0
370
    -1
100
AcDbLine
 39
0.0
 10
1212.7729
 20
31203.74
 30
0.0
 11
1210.7729
 21
31203.74
 31
0.0
  0
LINE
  5
E9D
330
E85
100
AcDbEntity
  8
A_DOOR_WINDOW
  6
Continuous
 62
     3
 60
     0
 48
1.0
370
    -1
100
AcDbLine
 39
0.0
 10
1212.7729
 20
31203.6733
 30
0.0
 11
1210.7729
 21
31203.6733
 31
0.0
  0
LINE
  5
E9E
330
E85
100
AcDbEntity
  8
A_DOOR_WINDOW
  6
Continuous
 62
     3
 60
     0
 48
1.0
370
    -1
100
AcDbLine
 39
0.0
 10
1212.7729
 20
31203.8066
 30
0.0
 11
1210.7729
 21
31203.8066
 31
0.0
  0
LINE
  5
E9F
330
E85
100
AcDbEntity
  8
A_DOOR_WINDOW
  6
Continuous
 62
     3
 60
     0
 48
1.0
370
    -1
100
AcDbLine
 39
0.0
 10
1210.7729
 20
31203.6066
 30
0.0
 11
1212.7729
 21
31203.6066
 31
0.0
  0
LINE
  5
EA0
330
E85
100
AcDbEntity
  8
A_DOOR_WINDOW
  6
Continuous
 62
   256
 60
     0
 48
1.0
370
    -1
100
AcDbLine
 39
0.0
 10
1202.5993
 20
31209.1066
 30
0.0
 11
1208.5993
 21
31209.1066
 31
0.0
  0
LINE
  5
EA1
330
E85
100
AcDbEntity
  8
A_DOOR_WINDOW
  6
Continuous
 62
   256
 60
     0
 48
1.0
370
    -1
100
AcDbLine
 39
0.0
 10
1204.3993
 20
31214.8066
 30
0.0
 11
1195.5993
 21
31214.8066
 31
0.0
  0
LINE
  5
EA2
330
E85
100
AcDbEntity
  8
A_DOOR_WINDOW
  6
Continuous
 62
   256
 60
     0
 48
1.0
370
    -1
100
AcDbLine
 39
0.0
 10
1204.3993
 20
31216.8066
 30
0.0
 11
1195.5993
 21
31216.8066
 31
0.0
  0
ARC
  5
EA3
330
E85
100
AcDbEntity
  8
A_DOOR_WINDOW
  6
Continuous
 62
   256
 60
     0
 48
1.0
370
    -1
100
AcDbCircle
 39
0.0
 10
1204.3993
 20
31214.6066
 30
0.0
 40
2.2
100
AcDbArc
 50
0.0
 51
90.0
  0
LINE
  5
EA4
330
E85
100
AcDbEntity
  8
A_DOOR_WINDOW
  6
Continuous
 62
   256
 60
     0
 48
1.0
370
    -1
100
AcDbLine
 39
0.0
 10
1208.5993
 20
31208.8066
 30
0.0
 11
1208.5993
 21
31209.1066
 31
0.0
  0
LINE
  5
EA5
330
E85
100
AcDbEntity
  8
A_DOOR_WINDOW
  6
Continuous
 62
   256
 60
     0
 48
1.0
370
    -1
100
AcDbLine
 39
0.0
 10
1206.5993
 20
31214.6066
 30
0.0
 11
1206.5993
 21
31209.1066
 31
0.0
  0
LINE
  5
EA6
330
E85
100
AcDbEntity
  8
A_DOOR_WINDOW
  6
Continuous
 62
   256
 60
     0
 48
1.0
370
    -1
100
AcDbLine
 39
0.0
 10
1204.5993
 20
31214.6066
 30
0.0
 11
1204.5993
 21
31209.1066
 31
0.0
  0
ARC
  5
EA7
330
E85
100
AcDbEntity
  8
A_DOOR_WINDOW
  6
Continuous
 62
   256
 60
     0
 48
1.0
370
    -1
100
AcDbCircle
 39
0.0
 10
1195.5993
 20
31215.8066
 30
0.0
 40
1.0
100
AcDbArc
 50
90.0
 51
270.0
  0
ARC
  5
EA8
330
E85
100
AcDbEntity
  8
A_DOOR_WINDOW
  6
Continuous
 62
   256
 60
     0
 48
1.0
370
    -1
100
AcDbCircle
 39
0.0
 10
1204.3993
 20
31214.6066
 30
0.0
 40
0.2
100
AcDbArc
 50
0.0
 51
90.0
  0
LINE
  5
EA9
330
E85
100
AcDbEntity
  8
A_DOOR_WINDOW
  6
Continuous
 62
   256
 60
     0
 48
1.0
370
    -1
100
AcDbLine
 39
0.0
 10
1202.5993
 20
31203.5066
 30
0.0
 11
1208.5993
 21
31203.5066
 31
0.0
  0
LINE
  5
EAA
330
E85
100
AcDbEntity
  8
A_DOOR_WINDOW
  6
Continuous
 62
   256
 60
     0
 48
1.0
370
    -1
100
AcDbLine
 39
0.0
 10
1202.5993
 20
31203.8066
 30
0.0
 11
1202.5993
 21
31203.5066
 31
0.0
  0
LWPOLYLINE
  5
EAB
330
E85
100
AcDbEntity
  8
A_DOOR_WINDOW
  6
Continuous
 62
   256
 60
     0
 48
1.0
370
    -1
100
AcDbPolyline
 90
        4
 70
     1
 10
1212.7729
 20
31206.6066
 10
1212.7729
 20
31208.6066
 10
1220.2729
 20
31208.6066
 10
1220.2729
 20
31206.6066
  0
LWPOLYLINE
  5
EAC
330
E85
100
AcDbEntity
  8
A_DOOR_WINDOW
  6
Continuous
 62
   256
 60
     0
 48
1.0
370
    -1
100
AcDbPolyline
 90
        4
 70
     1
 10
1116.2729
 20
31206.6066
 10
1116.2729
 20
31208.6066
 10
1123.7729
 20
31208.6066
 10
1123.7729
 20
31206.6066
  0
LWPOLYLINE
  5
EAD
330
E85
100
AcDbEntity
  8
A_DOOR_WINDOW
  6
Continuous
 62
   256
 60
     0
 48
1.0
370
    -1
100
AcDbPolyline
 90
        3
 10
1123.7729
 20
31187.6051
 10
1121.7729
 20
31187.6051
 10
1121.7729
 20
31206.6066
  0
LWPOLYLINE
  5
EAE
330
E85
100
AcDbEntity
  8
A_DOOR_WINDOW
  6
Continuous
 62
   256
 60
     0
 48
1.0
370
    -1
100
AcDbPolyline
 90
        4
 70
     1
 10
1210.7729
 20
31187.6073
 10
1210.7729
 20
31185.6073
 10
1219.7729
 20
31185.6073
 10
1219.7729
 20
31187.6073
  0
LWPOLYLINE
  5
EAF
330
E85
100
AcDbEntity
  8
A_DOOR_WINDOW
  6
Continuous
 62
   256
 60
     0
 48
1.0
370
    -1
100
AcDbPolyline
 90
        4
 70
     1
 10
1119.7729
 20
31187.6051
 10
1119.7729
 20
31185.6051
 10
1128.7729
 20
31185.6051
 10
1128.7729
 20
31187.6051
  0
LINE
  5
EB0
330
E85
100
AcDbEntity
  8
A_DOOR_WINDOW
  6
Continuous
 62
   256
 60
     0
 48
1.0
370
    -1
100
AcDbLine
 39
0.0
 10
1126.9729
 20
31208.8066
 30
0.0
 11
1126.9729
 21
31294.4066
 31
0.0
  0
LINE
  5
EB1
330
E85
100
AcDbEntity
  8
A_DOOR_WINDOW
  6
Continuous
 62
   256
 60
     0
 48
1.0
370
    -1
100
AcDbLine
 39
0.0
 10
1123.7729
 20
31206.6066
 30
0.0
 11
1123.7729
 21
31187.6051
 31
0.0
  0
ARC
  5
EB2
330
E85
100
AcDbEntity
  8
A_DOOR_WINDOW
  6
Continuous
 62
   256
 60
     0
 48
1.0
370
    -1
100
AcDbCircle
 39
0.0
 10
1126.9729
 20
31208.8066
 30
0.0
 40
85.6
100
AcDbArc
 50
0.0
 51
90.0
  0
LINE
  5
EB3
330
E85
100
AcDbEntity
  8
A_ELEV_03
  6
Continuous
 62
   256
 60
     0
 48
1.0
370
    -1
100
AcDbLine
 39
0.0
 10
1128.7729
 20
31187.6051
 30
0.0
 11
1123.7729
 21
31187.6051
 31
0.0
  0
LINE
  5
EB4
330
E85
100
AcDbEntity
  8
A_ELEV_03
  6
Continuous
 62
   256
 60
     0
 48
1.0
370
    -1
100
AcDbLine
 39
0.0
 10
1215.7729
 20
31187.6073
 30
0.0
 11
1215.7729
 21
31206.6066
 31
0.0
  0
LINE
  5
EB5
330
E85
100
AcDbEntity
  8
A_ELEV_03
  6
Continuous
 62
   256
 60
     0
 48
1.0
370
    -1
100
AcDbLine
 39
0.0
 10
1123.7729
 20
31206.6066
 30
0.0
 11
1121.7729
 21
31206.6066
 31
0.0
  0
LWPOLYLINE
  5
EB6
330
E85
100
AcDbEntity
  8
A_ELEV_04
  6
Continuous
 62
   256
 60
     0
 48
1.0
370
    -1
100
AcDbPolyline
 90
        4
 70
     1
 10
1121.7729
 20
31189.6051
 10
1119.7729
 20
31189.6051
 10
1119.7729
 20
31204.6066
 10
1121.7729
 20
31204.6066
  0
LWPOLYLINE
  5
EB7
330
E85
100
AcDbEntity
  8
A_ELEV_03
  6
Continuous
 62
   256
 60
     0
 48
1.0
370
    -1
100
AcDbPolyline
 90
        3
 10
1215.7729
 20
31206.6066
 10
1217.7729
 20
31206.6066
 10
1217.7729
 20
31187.6073
  0
LWPOLYLINE
  5
EB8
330
E85
100
AcDbEntity
  8
A_ELEV_04
  6
Continuous
 62
   256
 60
     0
 48
1.0
370
    -1
100
AcDbPolyline
 90
        4
 70
     1
 10
1217.7729
 20
31204.6066
 10
1219.7729
 20
31204.6066
 10
1219.7729
 20
31189.6073
 10
1217.7729
 20
31189.6073
  0
LINE
  5
EB9
330
E85
100
AcDbEntity
  8
A_DOOR_WINDOW
  6
Continuous
 62
   256
 60
     0
 48
1.0
370
    -1
100
AcDbLine
 39
0.0
 10
1204.3993
 20
31197.8066
 30
0.0
 11
1195.5993
 21
31197.8066
 31
0.0
  0
LINE
  5
EBA
330
E85
100
AcDbEntity
  8
A_DOOR_WINDOW
  6
Continuous
 62
   256
 60
     0
 48
1.0
370
    -1
100
AcDbLine
 39
0.0
 10
1204.3993
 20
31195.8066
 30
0.0
 11
1195.5993
 21
31195.8066
 31
0.0
  0
ARC
  5
EBB
330
E85
100
AcDbEntity
  8
A_DOOR_WINDOW
  6
Continuous
 62
   256
 60
     0
 48
1.0
370
    -1
100
AcDbCircle
 39
0.0
 10
1204.3993
 20
31198.0066
 30
0.0
 40
2.2
100
AcDbArc
 50
270.0
 51
0.0
  0
LINE
  5
EBC
330
E85
100
AcDbEntity
  8
A_DOOR_WINDOW
  6
Continuous
 62
   256
 60
     0
 48
1.0
370
    -1
100
AcDbLine
 39
0.0
 10
1206.5993
 20
31198.0066
 30
0.0
 11
1206.5993
 21
31203.5066
 31
0.0
  0
LINE
  5
EBD
330
E85
100
AcDbEntity
  8
A_DOOR_WINDOW
  6
Continuous
 62
   256
 60
     0
 48
1.0
370
    -1
100
AcDbLine
 39
0.0
 10
1204.5993
 20
31198.0066
 30
0.0
 11
1204.5993
 21
31203.5066
 31
0.0
  0
ARC
  5
EBE
330
E85
100
AcDbEntity
  8
A_DOOR_WINDOW
  6
Continuous
 62
   256
 60
     0
 48
1.0
370
    -1
100
AcDbCircle
 39
0.0
 10
1195.5993
 20
31196.8066
 30
0.0
 40
1.0
100
AcDbArc
 50
90.0
 51
270.0
  0
ARC
  5
EBF
330
E85
100
AcDbEntity
  8
A_DOOR_WINDOW
  6
Continuous
 62
   256
 60
     0
 48
1.0
370
    -1
100
AcDbCircle
 39
0.0
 10
1204.3993
 20
31198.0066
 30
0.0
 40
0.2
100
AcDbArc
 50
270.0
 51
0.0
  0
ENDBLK
  5
EC0
330
E85
100
AcDbEntity
  8
0
100
AcDbBlockEnd
  0
ENDSEC
  0
SECTION
  2
ENTITIES
  0
VIEWPORT
  5
14866
330
D6
100
AcDbEntity
 67
     1
  8
0
  6
Continuous
 62
   256
 60
     0
 48
1.0
370
    -1
100
AcDbViewport
 10
128.5
 20
137.5851
 30
0.0
 40
560.2697
 41
302.3512
 68
     0
 69
     0
 12
128.5
 22
137.5851
 13
0.0
 23
0.0
 14
10.0
 24
10.0
 15
10.0
 25
10.0
 16
0.0
 26
0.0
 36
1.0
 17
0.0
 27
0.0
 37
0.0
 42
50.0
 43
0.0
 44
0.0
 45
302.3512
 50
0.0
 51
0.0
 72
  1000
331
14C11
331
48A3F
 90
   819232
  1

281
     0
 71
     1
 74
     0
110
0.0
120
0.0
130
0.0
111
1.0
121
0.0
131
0.0
112
0.0
122
1.0
132
0.0
 79
     0
146
0.0
170
     0
 61
     5
348
F5
292
     1
282
     1
141
0.0
142
0.0
 63
   250
  0
VIEWPORT
  5
1486A
330
D6
100
AcDbEntity
 67
     1
  8
0
  6
Continuous
 62
   256
 60
     0
 48
1.0
370
    -1
100
AcDbViewport
 10
128.5
 20
97.5
 30
0.0
 40
205.6
 41
156.0
 68
     0
 69
     0
 12
29949.3088
 22
8891.4573
 13
0.0
 23
0.0
 14
10.0
 24
10.0
 15
10.0
 25
10.0
 16
0.0
 26
0.0
 36
1.0
 17
0.0
 27
0.0
 37
0.0
 42
50.0
 43
0.0
 44
0.0
 45
43327.9458
 50
0.0
 51
0.0
 72
  1000
331
14C11
331
48A3F
331
926
 90
   819296
  1

281
     0
 71
     1
 74
     0
110
0.0
120
0.0
130
0.0
111
1.0
121
0.0
131
0.0
112
0.0
122
1.0
132
0.0
 79
     0
146
0.0
170
     0
 61
     5
348
F5
292
     1
282
     1
141
0.0
142
0.0
 63
   250
  0
LWPOLYLINE
  5
13288C
330
1F
100
AcDbEntity
 67
     0
  8
S-KOLON
  6
Continuous
 62
   256
 60
     0
 48
0.5
370
    -1
100
AcDbPolyline
 90
        2
 10
73073.168
 20
22830.3459
 10
73043.168
 20
22830.3459
  0
LWPOLYLINE
  5
13288D
330
1F
100
AcDbEntity
 67
     0
  8
S-KOLON
  6
Continuous
 62
   256
 60
     0
 48
0.5
370
    -1
100
AcDbPolyline
 90
        4
 10
73463.168
 20
22950.3459
 10
73463.168
 20
22830.3459
 10
73433.168
 20
22830.3459
 10
73433.168
 20
22950.3459
  0
LWPOLYLINE
  5
13288E
330
1F
100
AcDbEntity
 67
     0
  8
Alçıpan
  6
Continuous
 62
   256
 60
     0
 48
1.0
370
    -1
100
AcDbPolyline
 90
        2
 10
73859.168
 20
22830.3459
 10
73824.168
 20
22830.3459
  0
LWPOLYLINE
  5
13288F
330
1F
100
AcDbEntity
 67
     0
  8
Alçıpan
  6
Continuous
 62
   256
 60
     0
 48
1.0
370
    -1
100
AcDbPolyline
 90
        4
 10
74262.9907
 20
22950.3459
 10
74262.9907
 20
22830.3459
 10
74232.9907
 20
22830.3459
 10
74232.9907
 20
22950.3459
  0
LWPOLYLINE
  5
132890
330
1F
100
AcDbEntity
 67
     0
  8
S-KOLON
  6
Continuous
 62
   256
 60
     0
 48
0.5
370
    -1
100
AcDbPolyline
 90
        4
 10
73043.168
 20
22160.3459
 10
73103.168
 20
22160.3459
 10
73103.168
 20
22210.3459
 10
73043.168
 20
22210.3459
  0
LWPOLYLINE
  5
132891
330
1F
100
AcDbEntity
 67
     0
  8
S-KOLON
  6
Continuous
 62
   256
 60
     0
 48
0.5
370
    -1
100
AcDbPolyline
 90
        4
 10
73073.168
 20
21380.3459
 10
73073.168
 20
20950.3459
 10
73043.168
 20
20950.3459
 10
73043.168
 20
22950.3459
  0
LWPOLYLINE
  5
132892
330
1F
100
AcDbEntity
 67
     0
  8
Alçıpan
  6
Continuous
 62
   256
 60
     0
 48
1.0
370
    -1
100
AcDbPolyline
 90
        4
 10
73856.668
 20
21375.3459
 10
73856.668
 20
20950.3459
 10
73821.668
 20
20950.3459
 10
73821.668
 20
21375.3459
  0
LWPOLYLINE
  5
132893
330
1F
100
AcDbEntity
 67
     0
  8
S-KOLON
  6
Continuous
 62
   256
 60
     0
 48
0.5
370
    -1
100
AcDbPolyline
 90
        4
 10
73043.168
 20
21430.3459
 10
73103.168
 20
21430.3459
 10
73103.168
 20
21380.3459
 10
73043.168
 20
21380.3459
  0
LWPOLYLINE
  5
132894
330
1F
100
AcDbEntity
 67
     0
  8
S-KOLON
  6
Continuous
 62
   256
 60
     0
 48
0.5
370
    -1
100
AcDbPolyline
 90
        2
 10
73463.168
 20
21930.3459
 10
73043.168
 20
21930.3459
  0
LWPOLYLINE
  5
132895
330
1F
100
AcDbEntity
 67
     0
  8
S-KOLON
  6
Continuous
 62
   256
 60
     0
 48
0.5
370
    -1
100
AcDbPolyline
 90
        2
 10
73463.168
 20
21660.3459
 10
73043.168
 20
21660.3459
  0
LWPOLYLINE
  5
132896
330
1F
100
AcDbEntity
 67
     0
  8
Alçıpan
  6
Continuous
 62
   256
 60
     0
 48
1.0
370
    -1
100
AcDbPolyline
 90
        2
 10
73854.168
 20
21630.3459
 10
73824.168
 20
21630.3459
  0
LINE
  5
132898
330
1F
100
AcDbEntity
 67
     0
  8
S-PERDE
  6
Continuous
 62
   256
 60
     0
 48
0.5
370
    -1
100
AcDbLine
 39
0.0
 10
73073.168
 20
22210.3459
 30
0.0
 11
73073.168
 21
22950.3459
 31
0.0
  0
LINE
  5
13289A
330
1F
100
AcDbEntity
 67
     0
  8
S-PERDE
  6
Continuous
 62
   256
 60
     0
 48
0.5
370
    -1
100
AcDbLine
 39
0.0
 10
73073.168
 20
22920.3459
 30
0.0
 11
73433.168
 21
22920.3459
 31
0.0
  0
LINE
  5
13289C
330
1F
100
AcDbEntity
 67
     0
  8
S-PERDE
  6
Continuous
 62
   256
 60
     0
 48
0.5
370
    -1
100
AcDbLine
 39
0.0
 10
73463.168
 20
22920.3459
 30
0.0
 11
73824.168
 21
22920.3459
 31
0.0
  0
LINE
  5
13289E
330
1F
100
AcDbEntity
 67
     0
  8
S-PERDE
  6
Continuous
 62
   256
 60
     0
 48
0.5
370
    -1
100
AcDbLine
 39
0.0
 10
73859.168
 20
22920.3459
 30
0.0
 11
74232.9907
 21
22920.3459
 31
0.0
  0
LINE
  5
1328A3
330
1F
100
AcDbEntity
 67
     0
  8
S-PERDE
  6
Continuous
 62
   256
 60
     0
 48
0.5
370
    -1
100
AcDbLine
 39
0.0
 10
73073.168
 20
21430.3459
 30
0.0
 11
73073.168
 21
21630.3459
 31
0.0
  0
LINE
  5
1328A5
330
1F
100
AcDbEntity
 67
     0
  8
S-PERDE
  6
Continuous
 62
   256
 60
     0
 48
0.5
370
    -1
100
AcDbLine
 39
0.0
 10
73073.168
 20
21660.3459
 30
0.0
 11
73073.168
 21
21930.3459
 31
0.0
  0
LINE
  5
1328A7
330
1F
100
AcDbEntity
 67
     0
  8
S-PERDE
  6
Continuous
 62
   256
 60
     0
 48
0.5
370
    -1
100
AcDbLine
 39
0.0
 10
73073.168
 20
21960.3459
 30
0.0
 11
73073.168
 21
22160.3459
 31
0.0
  0
LWPOLYLINE
  5
1328A8
330
1F
100
AcDbEntity
 67
     0
  8
Alçıpan
  6
Continuous
 62
   256
 60
     0
 48
1.0
370
    -1
100
AcDbPolyline
 90
        4
 70
     1
 10
73787.9525
 20
22208.5432
 10
73887.9525
 20
22208.5432
 10
73887.9525
 20
22148.5432
 10
73787.9525
 20
22148.5432
  0
LWPOLYLINE
  5
1328A9
330
1F
100
AcDbEntity
 67
     0
  8
Alçıpan
  6
Continuous
 62
   256
 60
     0
 48
1.0
370
    -1
100
AcDbPolyline
 90
        5
 10
73890.168
 20
21435.3459
 10
73787.9525
 20
21435.3459
 10
73787.9525
 20
21375.3459
 10
73887.9525
 20
21375.3459
 10
73887.9525
 20
21435.3459
  0
LINE
  5
1328AA
330
1F
100
AcDbEntity
 67
     0
  8
A_WALL_BLOK-15
  6
Byblock
 62
   256
 60
     0
 48
1.0
370
    -1
100
AcDbLine
 39
0.0
 10
73103.168
 20
21390.3459
 30
0.0
 11
73187.168
 21
21390.3459
 31
0.0
  0
LINE
  5
1328AB
330
1F
100
AcDbEntity
 67
     0
  8
A_WALL_BLOK-15
  6
Byblock
 62
   256
 60
     0
 48
1.0
370
    -1
100
AcDbLine
 39
0.0
 10
73364.168
 20
21390.3459
 30
0.0
 11
73463.168
 21
21390.3459
 31
0.0
  0
LINE
  5
1328AC
330
1F
100
AcDbEntity
 67
     0
  8
A_WALL_BLOK-15
  6
Byblock
 62
   256
 60
     0
 48
1.0
370
    -1
100
AcDbLine
 39
0.0
 10
73608.168
 20
21390.3459
 30
0.0
 11
73787.9525
 21
21390.3459
 31
0.0
  0
LINE
  5
1328AD
330
1F
100
AcDbEntity
 67
     0
  8
A_WALL_BLOK-15
  6
Byblock
 62
   256
 60
     0
 48
1.0
370
    -1
100
AcDbLine
 39
0.0
 10
73103.168
 20
21405.3459
 30
0.0
 11
73187.168
 21
21405.3459
 31
0.0
  0
LINE
  5
1328AE
330
1F
100
AcDbEntity
 67
     0
  8
A_WALL_BLOK-15
  6
Byblock
 62
   256
 60
     0
 48
1.0
370
    -1
100
AcDbLine
 39
0.0
 10
73364.168
 20
21405.3459
 30
0.0
 11
73448.168
 21
21405.3459
 31
0.0
  0
LINE
  5
1328AF
330
1F
100
AcDbEntity
 67
     0
  8
A_WALL_BLOK-15
  6
Byblock
 62
   256
 60
     0
 48
1.0
370
    -1
100
AcDbLine
 39
0.0
 10
73608.168
 20
21405.3459
 30
0.0
 11
73787.9525
 21
21405.3459
 31
0.0
  0
LINE
  5
1328B0
330
1F
100
AcDbEntity
 67
     0
  8
A_WALL_BLOK-15
  6
Byblock
 62
   256
 60
     0
 48
1.0
370
    -1
100
AcDbLine
 39
0.0
 10
73073.168
 20
20955.3459
 30
0.0
 11
73223.168
 21
20955.3459
 31
0.0
  0
LINE
  5
1328B1
330
1F
100
AcDbEntity
 67
     0
  8
A_WALL_BLOK-15
  6
Byblock
 62
   256
 60
     0
 48
1.0
370
    -1
100
AcDbLine
 39
0.0
 10
73443.168
 20
20955.3459
 30
0.0
 11
73666.418
 21
20955.3459
 31
0.0
  0
LINE
  5
1328B2
330
1F
100
AcDbEntity
 67
     0
  8
A_WALL_BLOK-15
  6
Byblock
 62
   256
 60
     0
 48
1.0
370
    -1
100
AcDbLine
 39
0.0
 10
73777.418
 20
20955.3459
 30
0.0
 11
73821.668
 21
20955.3459
 31
0.0
  0
LINE
  5
1328B3
330
1F
100
AcDbEntity
 67
     0
  8
A_WALL_BLOK-15
  6
Byblock
 62
   256
 60
     0
 48
1.0
370
    -1
100
AcDbLine
 39
0.0
 10
73777.418
 20
20970.3459
 30
0.0
 11
73821.668
 21
20970.3459
 31
0.0
  0
LINE
  5
1328B4
330
1F
100
AcDbEntity
 67
     0
  8
A_WALL_BLOK-15
  6
Byblock
 62
   256
 60
     0
 48
1.0
370
    -1
100
AcDbLine
 39
0.0
 10
73073.168
 20
20970.3459
 30
0.0
 11
73223.168
 21
20970.3459
 31
0.0
  0
LINE
  5
1328B5
330
1F
100
AcDbEntity
 67
     0
  8
A_WALL_BLOK-15
  6
Byblock
 62
   256
 60
     0
 48
1.0
370
    -1
100
AcDbLine
 39
0.0
 10
73443.168
 20
20970.3459
 30
0.0
 11
73593.168
 21
20970.3459
 31
0.0
  0
LINE
  5
1328B6
330
1F
100
AcDbEntity
 67
     0
  8
A_WALL_BLOK-15
  6
Byblock
 62
   256
 60
     0
 48
1.0
370
    -1
100
AcDbLine
 39
0.0
 10
73608.168
 20
20970.3459
 30
0.0
 11
73666.418
 21
20970.3459
 31
0.0
  0
LINE
  5
1328B7
330
1F
100
AcDbEntity
 67
     0
  8
A_WALL_BLOK-15
  6
Byblock
 62
   256
 60
     0
 48
1.0
370
    -1
100
AcDbLine
 39
0.0
 10
73824.168
 20
22950.3459
 30
0.0
 11
73824.168
 21
22208.5432
 31
0.0
  0
LINE
  5
1328BC
330
1F
100
AcDbEntity
 67
     0
  8
A_WALL_BLOK-15
  6
Byblock
 62
   256
 60
     0
 48
1.0
370
    -1
100
AcDbLine
 39
0.0
 10
73824.168
 20
22148.5432
 30
0.0
 11
73824.168
 21
21435.3459
 31
0.0
  0
LINE
  5
1328BF
330
1F
100
AcDbEntity
 67
     0
  8
A_WALL_BLOK-15
  6
Byblock
 62
   256
 60
     0
 48
1.0
370
    -1
100
AcDbLine
 39
0.0
 10
73103.168
 20
22200.3459
 30
0.0
 11
73478.168
 21
22200.3459
 31
0.0
  0
LINE
  5
1328C0
330
1F
100
AcDbEntity
 67
     0
  8
A_WALL_BLOK-15
  6
Byblock
 62
   256
 60
     0
 48
1.0
370
    -1
100
AcDbLine
 39
0.0
 10
73578.168
 20
22200.3459
 30
0.0
 11
73787.9525
 21
22200.3459
 31
0.0
  0
LINE
  5
1328C1
330
1F
100
AcDbEntity
 67
     0
  8
A_WALL_BLOK-15
  6
Byblock
 62
   256
 60
     0
 48
1.0
370
    -1
100
AcDbLine
 39
0.0
 10
73103.168
 20
22185.3459
 30
0.0
 11
73448.168
 21
22185.3459
 31
0.0
  0
LINE
  5
1328C2
330
1F
100
AcDbEntity
 67
     0
  8
A_WALL_BLOK-15
  6
Byblock
 62
   256
 60
     0
 48
1.0
370
    -1
100
AcDbLine
 39
0.0
 10
73463.168
 20
22185.3459
 30
0.0
 11
73478.168
 21
22185.3459
 31
0.0
  0
LINE
  5
1328C3
330
1F
100
AcDbEntity
 67
     0
  8
A_WALL_BLOK-15
  6
Byblock
 62
   256
 60
     0
 48
1.0
370
    -1
100
AcDbLine
 39
0.0
 10
73578.168
 20
22185.3459
 30
0.0
 11
73593.168
 21
22185.3459
 31
0.0
  0
LINE
  5
1328C4
330
1F
100
AcDbEntity
 67
     0
  8
A_WALL_BLOK-15
  6
Byblock
 62
   256
 60
     0
 48
1.0
370
    -1
100
AcDbLine
 39
0.0
 10
73608.168
 20
22185.3459
 30
0.0
 11
73787.9525
 21
22185.3459
 31
0.0
  0
LINE
  5
1328C5
330
1F
100
AcDbEntity
 67
     0
  8
A_WALL_BLOK-15
  6
Byblock
 62
   256
 60
     0
 48
1.0
370
    -1
100
AcDbLine
 39
0.0
 10
73608.168
 20
21960.3459
 30
0.0
 11
73854.168
 21
21960.3459
 31
0.0
  0
LINE
  5
1328C6
330
1F
100
AcDbEntity
 67
     0
  8
A_WALL_BLOK-15
  6
Byblock
 62
   256
 60
     0
 48
1.0
370
    -1
100
AcDbLine
 39
0.0
 10
73608.168
 20
21945.3459
 30
0.0
 11
73824.168
 21
21945.3459
 31
0.0
  0
LINE
  5
1328C7
330
1F
100
AcDbEntity
 67
     0
  8
A_WALL_BLOK-15
  6
Byblock
 62
   256
 60
     0
 48
1.0
370
    -1
100
AcDbLine
 39
0.0
 10
73448.168
 20
22185.3459
 30
0.0
 11
73448.168
 21
22175.3446
 31
0.0
  0
LINE
  5
1328C8
330
1F
100
AcDbEntity
 67
     0
  8
A_WALL_BLOK-15
  6
Byblock
 62
   256
 60
     0
 48
1.0
370
    -1
100
AcDbLine
 39
0.0
 10
73448.168
 20
21970.3459
 30
0.0
 11
73448.168
 21
21960.3459
 31
0.0
  0
LINE
  5
1328C9
330
1F
100
AcDbEntity
 67
     0
  8
A_WALL_BLOK-15
  6
Byblock
 62
   256
 60
     0
 48
1.0
370
    -1
100
AcDbLine
 39
0.0
 10
73448.168
 20
21630.3459
 30
0.0
 11
73448.168
 21
21620.3459
 31
0.0
  0
LINE
  5
1328CA
330
1F
100
AcDbEntity
 67
     0
  8
A_WALL_BLOK-15
  6
Byblock
 62
   256
 60
     0
 48
1.0
370
    -1
100
AcDbLine
 39
0.0
 10
73448.168
 20
21520.3459
 30
0.0
 11
73448.168
 21
21405.3459
 31
0.0
  0
LINE
  5
1328CB
330
1F
100
AcDbEntity
 67
     0
  8
A_WALL_BLOK-15
  6
Byblock
 62
   256
 60
     0
 48
1.0
370
    -1
100
AcDbLine
 39
0.0
 10
73463.168
 20
22185.3459
 30
0.0
 11
73463.168
 21
22175.3446
 31
0.0
  0
LINE
  5
1328CD
330
1F
100
AcDbEntity
 67
     0
  8
A_WALL_BLOK-15
  6
Byblock
 62
   256
 60
     0
 48
1.0
370
    -1
100
AcDbLine
 39
0.0
 10
73463.168
 20
21670.3459
 30
0.0
 11
73463.168
 21
21620.3459
 31
0.0
  0
LINE
  5
1328CE
330
1F
100
AcDbEntity
 67
     0
  8
A_WALL_BLOK-15
  6
Byblock
 62
   256
 60
     0
 48
1.0
370
    -1
100
AcDbLine
 39
0.0
 10
73463.168
 20
21520.3459
 30
0.0
 11
73463.168
 21
21390.3459
 31
0.0
  0
LINE
  5
1328CF
330
1F
100
AcDbEntity
 67
     0
  8
A_WALL_BLOK-15
  6
Byblock
 62
   256
 60
     0
 48
1.0
370
    -1
100
AcDbLine
 39
0.0
 10
73593.168
 20
22185.3459
 30
0.0
 11
73593.168
 21
22070.3459
 31
0.0
  0
LINE
  5
1328D0
330
1F
100
AcDbEntity
 67
     0
  8
A_WALL_BLOK-15
  6
Byblock
 62
   256
 60
     0
 48
1.0
370
    -1
100
AcDbLine
 39
0.0
 10
73593.168
 20
21970.3459
 30
0.0
 11
73593.168
 21
21813.3458
 31
0.0
  0
LINE
  5
1328D1
330
1F
100
AcDbEntity
 67
     0
  8
A_WALL_BLOK-15
  6
Byblock
 62
   256
 60
     0
 48
1.0
370
    -1
100
AcDbLine
 39
0.0
 10
73593.168
 20
21647.3459
 30
0.0
 11
73593.168
 21
21515.3459
 31
0.0
  0
LINE
  5
1328D2
330
1F
100
AcDbEntity
 67
     0
  8
A_WALL_BLOK-15
  6
Byblock
 62
   256
 60
     0
 48
1.0
370
    -1
100
AcDbLine
 39
0.0
 10
73593.168
 20
21415.3459
 30
0.0
 11
73593.168
 21
21380.3459
 31
0.0
  0
LINE
  5
1328D3
330
1F
100
AcDbEntity
 67
     0
  8
A_WALL_BLOK-15
  6
Byblock
 62
   256
 60
     0
 48
1.0
370
    -1
100
AcDbLine
 39
0.0
 10
73593.168
 20
21280.3459
 30
0.0
 11
73593.168
 21
21208.3459
 31
0.0
  0
LINE
  5
1328D4
330
1F
100
AcDbEntity
 67
     0
  8
A_WALL_BLOK-15
  6
Byblock
 62
   256
 60
     0
 48
1.0
370
    -1
100
AcDbLine
 39
0.0
 10
73593.168
 20
21042.3459
 30
0.0
 11
73593.168
 21
20970.3459
 31
0.0
  0
LINE
  5
1328D5
330
1F
100
AcDbEntity
 67
     0
  8
A_WALL_BLOK-15
  6
Byblock
 62
   256
 60
     0
 48
1.0
370
    -1
100
AcDbLine
 39
0.0
 10
73608.168
 20
22185.3459
 30
0.0
 11
73608.168
 21
22070.3459
 31
0.0
  0
LINE
  5
1328D6
330
1F
100
AcDbEntity
 67
     0
  8
A_WALL_BLOK-15
  6
Byblock
 62
   256
 60
     0
 48
1.0
370
    -1
100
AcDbLine
 39
0.0
 10
73608.168
 20
21970.3459
 30
0.0
 11
73608.168
 21
21813.3458
 31
0.0
  0
LINE
  5
1328D7
330
1F
100
AcDbEntity
 67
     0
  8
A_WALL_BLOK-15
  6
Byblock
 62
   256
 60
     0
 48
1.0
370
    -1
100
AcDbLine
 39
0.0
 10
73608.168
 20
21647.3459
 30
0.0
 11
73608.168
 21
21515.3459
 31
0.0
  0
LINE
  5
1328D8
330
1F
100
AcDbEntity
 67
     0
  8
A_WALL_BLOK-15
  6
Byblock
 62
   256
 60
     0
 48
1.0
370
    -1
100
AcDbLine
 39
0.0
 10
73608.168
 20
21415.3459
 30
0.0
 11
73608.168
 21
21405.3459
 31
0.0
  0
LINE
  5
1328D9
330
1F
100
AcDbEntity
 67
     0
  8
A_WALL_BLOK-15
  6
Byblock
 62
   256
 60
     0
 48
1.0
370
    -1
100
AcDbLine
 39
0.0
 10
73608.168
 20
21390.3459
 30
0.0
 11
73608.168
 21
21380.3459
 31
0.0
  0
LINE
  5
1328DA
330
1F
100
AcDbEntity
 67
     0
  8
A_WALL_BLOK-15
  6
Byblock
 62
   256
 60
     0
 48
1.0
370
    -1
100
AcDbLine
 39
0.0
 10
73608.168
 20
21280.3459
 30
0.0
 11
73608.168
 21
21208.3459
 31
0.0
  0
LINE
  5
1328DB
330
1F
100
AcDbEntity
 67
     0
  8
A_WALL_BLOK-15
  6
Byblock
 62
   256
 60
     0
 48
1.0
370
    -1
100
AcDbLine
 39
0.0
 10
73608.168
 20
21042.3459
 30
0.0
 11
73608.168
 21
20970.3459
 31
0.0
  0
INSERT
  5
1328DC
330
1F
100
AcDbEntity
 67
     0
  8
A_ELEV_03
  6
Continuous
 62
   256
 60
     0
 48
1.0
370
    -1
100
AcDbBlockReference
 66
     0
  2
p_hgr
 10
102297.7753
 20
15989.5731
 30
0.0
 41
1.0
 42
1.0
 43
1.0
 50
90.0
 70
     0
 71
     0
 44
0.0
 45
0.0
210
0.0
220
0.0
230
1.0
  0
INSERT
  5
1328DD
330
1F
100
AcDbEntity
 67
     0
  8
A_ELEV_04
  6
Continuous
 62
   256
 60
     0
 48
1.0
370
    -1
100
AcDbBlockReference
 66
     0
  2
p_klt
 10
42403.5621
 20
22500.1188
 30
0.0
 41
1.0
 42
1.0
 43
1.0
 50
270.0
 70
     0
 71
     0
 44
0.0
 45
0.0
210
0.0
220
0.0
230
1.0
  0
INSERT
  5
1328DE
330
1F
100
AcDbEntity
 67
     0
  8
A_ELEV_04
  6
Continuous
 62
   256
 60
     0
 48
1.0
370
    -1
100
AcDbBlockReference
 66
     0
  2
p_klt
 10
72358.3951
 20
-9004.2592
 30
0.0
 41
1.0
 42
1.0
 43
1.0
 50
0.0
 70
     0
 71
     0
 44
0.0
 45
0.0
210
0.0
220
0.0
230
1.0
  0
LINE
  5
1328DF
330
1F
100
AcDbEntity
 67
     0
  8
A_WALL_BLOK-15
  6
Byblock
 62
   256
 60
     0
 48
1.0
370
    -1
100
AcDbLine
 39
0.0
 10
73593.168
 20
21380.3459
 30
0.0
 11
73608.168
 21
21380.3459
 31
0.0
  0
LINE
  5
1328E0
330
1F
100
AcDbEntity
 67
     0
  8
A_WALL_BLOK-15
  6
Byblock
 62
   256
 60
     0
 48
1.0
370
    -1
100
AcDbLine
 39
0.0
 10
73593.168
 20
21280.3459
 30
0.0
 11
73608.168
 21
21280.3459
 31
0.0
  0
LINE
  5
1328E1
330
1F
100
AcDbEntity
 67
     0
  8
A_WALL_BLOK-15
  6
Byblock
 62
   256
 60
     0
 48
1.0
370
    -1
100
AcDbLine
 39
0.0
 10
73593.168
 20
21415.3459
 30
0.0
 11
73608.168
 21
21415.3459
 31
0.0
  0
LINE
  5
1328E2
330
1F
100
AcDbEntity
 67
     0
  8
A_WALL_BLOK-15
  6
Byblock
 62
   256
 60
     0
 48
1.0
370
    -1
100
AcDbLine
 39
0.0
 10
73593.168
 20
21515.3459
 30
0.0
 11
73608.168
 21
21515.3459
 31
0.0
  0
INSERT
  5
1328E3
330
1F
100
AcDbEntity
 67
     0
  8
A_ELEV_04
  6
Continuous
 62
   256
 60
     0
 48
1.0
370
    -1
100
AcDbBlockReference
 66
     0
  2
p_klt
 10
42403.5621
 20
20295.5729
 30
0.0
 41
-1.0
 42
1.0
 43
1.0
 50
270.0
 70
     0
 71
     0
 44
0.0
 45
0.0
210
0.0
220
0.0
230
1.0
  0
LINE
  5
1328E4
330
1F
100
AcDbEntity
 67
     0
  8
A_WALL_BLOK-15
  6
Byblock
 62
   256
 60
     0
 48
1.0
370
    -1
100
AcDbLine
 39
0.0
 10
73593.168
 20
21970.3459
 30
0.0
 11
73608.168
 21
21970.3459
 31
0.0
  0
LINE
  5
1328E5
330
1F
100
AcDbEntity
 67
     0
  8
A_WALL_BLOK-15
  6
Byblock
 62
   256
 60
     0
 48
1.0
370
    -1
100
AcDbLine
 39
0.0
 10
73593.168
 20
22070.3459
 30
0.0
 11
73608.168
 21
22070.3459
 31
0.0
  0
INSERT
  5
1328E6
330
1F
100
AcDbEntity
 67
     0
  8
A_ELEV_04
  6
Continuous
 62
   256
 60
     0
 48
1.0
370
    -1
100
AcDbBlockReference
 66
     0
  2
p_klt
 10
42403.5621
 20
20850.5729
 30
0.0
 41
-1.0
 42
1.0
 43
1.0
 50
270.0
 70
     0
 71
     0
 44
0.0
 45
0.0
210
0.0
220
0.0
230
1.0
  0
LINE
  5
1328E8
330
1F
100
AcDbEntity
 67
     0
  8
A_WALL_BLOK-15
  6
Byblock
 62
   256
 60
     0
 48
1.0
370
    -1
100
AcDbLine
 39
0.0
 10
73478.168
 20
22185.3459
 30
0.0
 11
73478.168
 21
22200.3459
 31
0.0
  0
LINE
  5
1328E9
330
1F
100
AcDbEntity
 67
     0
  8
A_WALL_BLOK-15
  6
Byblock
 62
   256
 60
     0
 48
1.0
370
    -1
100
AcDbLine
 39
0.0
 10
73578.168
 20
22185.3459
 30
0.0
 11
73578.168
 21
22200.3459
 31
0.0
  0
INSERT
  5
1328EA
330
1F
100
AcDbEntity
 67
     0
  8
A_ELEV_04
  6
Continuous
 62
   256
 60
     0
 48
1.0
370
    -1
100
AcDbBlockReference
 66
     0
  2
p_klt
 10
104652.7739
 20
20850.5729
 30
0.0
 41
1.0
 42
1.0
 43
1.0
 50
90.0
 70
     0
 71
     0
 44
0.0
 45
0.0
210
0.0
220
0.0
230
1.0
  0
LINE
  5
1328EB
330
1F
100
AcDbEntity
 67
     0
  8
A_WALL_BLOK-15
  6
Byblock
 62
   256
 60
     0
 48
1.0
370
    -1
100
AcDbLine
 39
0.0
 10
73463.168
 20
22070.3459
 30
0.0
 11
73448.168
 21
22070.3459
 31
0.0
  0
LINE
  5
1328EC
330
1F
100
AcDbEntity
 67
     0
  8
A_WALL_BLOK-15
  6
Byblock
 62
   256
 60
     0
 48
1.0
370
    -1
100
AcDbLine
 39
0.0
 10
73463.168
 20
21970.3459
 30
0.0
 11
73448.168
 21
21970.3459
 31
0.0
  0
LINE
  5
1328ED
330
1F
100
AcDbEntity
 67
     0
  8
A_WALL_BLOK-15
  6
Byblock
 62
   256
 60
     0
 48
1.0
370
    -1
100
AcDbLine
 39
0.0
 10
73448.168
 20
21930.3459
 30
0.0
 11
73448.168
 21
21905.8459
 31
0.0
  0
LINE
  5
1328EE
330
1F
100
AcDbEntity
 67
     0
  8
A_WALL_BLOK-15
  6
Byblock
 62
   256
 60
     0
 48
1.0
370
    -1
100
AcDbLine
 39
0.0
 10
73448.168
 20
21794.8446
 30
0.0
 11
73448.168
 21
21770.3459
 31
0.0
  0
LINE
  5
1328EF
330
1F
100
AcDbEntity
 67
     0
  8
A_WALL_BLOK-15
  6
Byblock
 62
   256
 60
     0
 48
1.0
370
    -1
100
AcDbLine
 39
0.0
 10
73448.168
 20
21670.3459
 30
0.0
 11
73448.168
 21
21660.3459
 31
0.0
  0
LINE
  5
1328F0
330
1F
100
AcDbEntity
 67
     0
  8
A_WALL_BLOK-15
  6
Byblock
 62
   256
 60
     0
 48
1.0
370
    -1
100
AcDbLine
 39
0.0
 10
73463.168
 20
21970.3459
 30
0.0
 11
73463.168
 21
21905.8458
 31
0.0
  0
INSERT
  5
1328F2
330
1F
100
AcDbEntity
 67
     0
  8
A_ELEV_04
  6
Continuous
 62
   256
 60
     0
 48
1.0
370
    -1
100
AcDbBlockReference
 66
     0
  2
p_klt
 10
104652.7739
 20
20550.5729
 30
0.0
 41
1.0
 42
1.0
 43
1.0
 50
90.0
 70
     0
 71
     0
 44
0.0
 45
0.0
210
0.0
220
0.0
230
1.0
  0
LINE
  5
1328F3
330
1F
100
AcDbEntity
 67
     0
  8
A_WALL_BLOK-15
  6
Byblock
 62
   256
 60
     0
 48
1.0
370
    -1
100
AcDbLine
 39
0.0
 10
73463.168
 20
21770.3459
 30
0.0
 11
73448.168
 21
21770.3459
 31
0.0
  0
LINE
  5
1328F4
330
1F
100
AcDbEntity
 67
     0
  8
A_WALL_BLOK-15
  6
Byblock
 62
   256
 60
     0
 48
1.0
370
    -1
100
AcDbLine
 39
0.0
 10
73463.168
 20
21670.3459
 30
0.0
 11
73448.168
 21
21670.3459
 31
0.0
  0
LINE
  5
1328F5
330
1F
100
AcDbEntity
 67
     0
  8
A_WALL_BLOK-15
  6
Byblock
 62
   256
 60
     0
 48
1.0
370
    -1
100
AcDbLine
 39
0.0
 10
73443.168
 20
20955.3459
 30
0.0
 11
73443.168
 21
20970.3459
 31
0.0
  0
LINE
  5
1328F6
330
1F
100
AcDbEntity
 67
     0
  8
A_WALL_BLOK-15
  6
Byblock
 62
   256
 60
     0
 48
1.0
370
    -1
100
AcDbLine
 39
0.0
 10
73223.168
 20
20955.3459
 30
0.0
 11
73223.168
 21
20970.3459
 31
0.0
  0
INSERT
  5
1328F7
330
1F
100
AcDbEntity
 67
     0
  8
A_DOOR_WINDOW
  6
Continuous
 62
   256
 60
     0
 48
1.0
370
    -1
100
AcDbBlockReference
 66
     0
  2
A$Ca6472db2
 10
73190.668
 20
21402.8459
 30
0.0
 41
1.0
 42
1.0
 43
1.0
 50
270.0
 70
     0
 71
     0
 44
0.0
 45
0.0
210
0.0
220
0.0
230
1.0
  0
LINE
  5
1328F8
330
1F
100
AcDbEntity
 67
     0
  8
A_WALL_BLOK-15
  6
Byblock
 62
   256
 60
     0
 48
1.0
370
    -1
100
AcDbLine
 39
0.0
 10
73187.168
 20
21405.3459
 30
0.0
 11
73187.168
 21
21390.3459
 31
0.0
  0
LINE
  5
1328F9
330
1F
100
AcDbEntity
 67
     0
  8
A_WALL_BLOK-15
  6
Byblock
 62
   256
 60
     0
 48
1.0
370
    -1
100
AcDbLine
 39
0.0
 10
73364.168
 20
21405.3459
 30
0.0
 11
73364.168
 21
21390.3459
 31
0.0
  0
INSERT
  5
1328FA
330
1F
100
AcDbEntity
 67
     0
  8
A_DOOR_WINDOW
  6
Continuous
 62
   256
 60
     0
 48
1.0
370
    -1
100
AcDbBlockReference
 66
     0
  2
A$C44fdb021
 10
73595.668
 20
21042.3458
 30
0.0
 41
1.0
 42
1.0
 43
1.0
 50
0.0
 70
     0
 71
     0
 44
0.0
 45
0.0
210
0.0
220
0.0
230
1.0
  0
LINE
  5
1328FB
330
1F
100
AcDbEntity
 67
     0
  8
A_WALL_BLOK-15
  6
Byblock
 62
   256
 60
     0
 48
1.0
370
    -1
100
AcDbLine
 39
0.0
 10
73608.168
 20
21208.3459
 30
0.0
 11
73593.168
 21
21208.3459
 31
0.0
  0
LINE
  5
1328FC
330
1F
100
AcDbEntity
 67
     0
  8
A_WALL_BLOK-15
  6
Byblock
 62
   256
 60
     0
 48
1.0
370
    -1
100
AcDbLine
 39
0.0
 10
73608.168
 20
21042.3459
 30
0.0
 11
73593.168
 21
21042.3459
 31
0.0
  0
INSERT
  5
1328FD
330
1F
100
AcDbEntity
 67
     0
  8
A_DOOR_WINDOW
  6
Continuous
 62
   256
 60
     0
 48
1.0
370
    -1
100
AcDbBlockReference
 66
     0
  2
A$C7a0669ab
 10
73666.4167
 20
20955.3477
 30
0.0
 41
1.0
 42
1.0
 43
1.0
 50
0.0
 70
     0
 71
     0
 44
0.0
 45
0.0
210
0.0
220
0.0
230
1.0
  0
INSERT
  5
1328FE
330
1F
100
AcDbEntity
 67
     0
  8
A_DOOR_WINDOW
  6
Continuous
 62
   256
 60
     0
 48
1.0
370
    -1
100
AcDbBlockReference
 66
     0
  2
A$C44fdb021
 10
73595.668
 20
21647.3458
 30
0.0
 41
1.0
 42
1.0
 43
1.0
 50
0.0
 70
     0
 71
     0
 44
0.0
 45
0.0
210
0.0
220
0.0
230
1.0
  0
LINE
  5
1328FF
330
1F
100
AcDbEntity
 67
     0
  8
A_WALL_BLOK-15
  6
Byblock
 62
   256
 60
     0
 48
1.0
370
    -1
100
AcDbLine
 39
0.0
 10
73608.168
 20
21813.3458
 30
0.0
 11
73593.168
 21
21813.3458
 31
0.0
  0
LINE
  5
132900
330
1F
100
AcDbEntity
 67
     0
  8
A_WALL_BLOK-15
  6
Byblock
 62
   256
 60
     0
 48
1.0
370
    -1
100
AcDbLine
 39
0.0
 10
73608.168
 20
21647.3459
 30
0.0
 11
73593.168
 21
21647.3459
 31
0.0
  0
INSERT
  5
132901
330
1F
100
AcDbEntity
 67
     0
  8
A_DOOR_WINDOW
  6
Continuous
 62
   256
 60
     0
 48
1.0
370
    -1
100
AcDbBlockReference
 66
     0
  2
A$C7a0669ab
 10
73463.1662
 20
21794.8446
 30
0.0
 41
1.0
 42
1.0
 43
1.0
 50
90.0
 70
     0
 71
     0
 44
0.0
 45
0.0
210
0.0
220
0.0
230
1.0
  0
LINE
  5
132902
330
1F
100
AcDbEntity
 67
     0
  8
A_WALL_BLOK-15
  6
Byblock
 62
   256
 60
     0
 48
1.0
370
    -1
100
AcDbLine
 39
0.0
 10
73463.168
 20
21905.8458
 30
0.0
 11
73448.168
 21
21905.8459
 31
0.0
  0
LINE
  5
132903
330
1F
100
AcDbEntity
 67
     0
  8
A_WALL_BLOK-15
  6
Byblock
 62
   256
 60
     0
 48
1.0
370
    -1
100
AcDbLine
 39
0.0
 10
73463.1662
 20
21794.8446
 30
0.0
 11
73448.168
 21
21794.8446
 31
0.0
  0
LINE
  5
132904
330
1F
100
AcDbEntity
 67
     0
  8
A_WALL_BLOK-15
  6
Byblock
 62
   256
 60
     0
 48
1.0
370
    -1
100
AcDbLine
 39
0.0
 10
73463.168
 20
21770.3459
 30
0.0
 11
73463.1662
 21
21794.8446
 31
0.0
  0
INSERT
  5
132905
330
1F
100
AcDbEntity
 67
     0
  8
A_ELEV_04
  6
Continuous
 62
   256
 60
     0
 48
1.0
370
    -1
100
AcDbBlockReference
 66
     0
  2
p_klt
 10
104652.7739
 20
22740.1188
 30
0.0
 41
-1.0
 42
1.0
 43
1.0
 50
90.0
 70
     0
 71
     0
 44
0.0
 45
0.0
210
0.0
220
0.0
230
1.0
  0
LINE
  5
132906
330
1F
100
AcDbEntity
 67
     0
  8
A_WALL_BLOK-15
  6
Byblock
 62
   256
 60
     0
 48
1.0
370
    -1
100
AcDbLine
 39
0.0
 10
73463.168
 20
21520.3459
 30
0.0
 11
73448.168
 21
21520.3459
 31
0.0
  0
LINE
  5
132907
330
1F
100
AcDbEntity
 67
     0
  8
A_WALL_BLOK-15
  6
Byblock
 62
   256
 60
     0
 48
1.0
370
    -1
100
AcDbLine
 39
0.0
 10
73463.168
 20
21620.3459
 30
0.0
 11
73448.168
 21
21620.3459
 31
0.0
  0
LINE
  5
132908
330
1F
100
AcDbEntity
 67
     0
  8
A_WALL_BLOK-15
  6
Byblock
 62
   256
 60
     0
 48
1.0
370
    -1
100
AcDbLine
 39
0.0
 10
73463.1662
 20
22085.3446
 30
0.0
 11
73448.168
 21
22085.3446
 31
0.0
  0
LINE
  5
132909
330
1F
100
AcDbEntity
 67
     0
  8
A_WALL_BLOK-15
  6
Byblock
 62
   256
 60
     0
 48
1.0
370
    -1
100
AcDbLine
 39
0.0
 10
73463.168
 20
22185.3446
 30
0.0
 11
73448.1699
 21
22185.3446
 31
0.0
  0
LINE
  5
13290A
330
1F
100
AcDbEntity
 67
     0
  8
A_WALL_BLOK-15
  6
Byblock
 62
   256
 60
     0
 48
1.0
370
    -1
100
AcDbLine
 39
0.0
 10
73448.168
 20
22085.3446
 30
0.0
 11
73448.168
 21
22070.3458
 31
0.0
  0
LINE
  5
13290B
330
1F
100
AcDbEntity
 67
     0
  8
A_WALL_BLOK-15
  6
Byblock
 62
   256
 60
     0
 48
1.0
370
    -1
100
AcDbLine
 39
0.0
 10
73463.168
 20
22085.3446
 30
0.0
 11
73463.168
 21
22070.3459
 31
0.0
  0
LINE
  5
13290C
330
1F
100
AcDbEntity
 67
     0
  8
A_WALL_BLOK-15
  6
Byblock
 62
   256
 60
     0
 48
1.0
370
    -1
100
AcDbLine
 39
0.0
 10
73666.418
 20
20970.3459
 30
0.0
 11
73666.418
 21
20955.3459
 31
0.0
  0
LINE
  5
13290D
330
1F
100
AcDbEntity
 67
     0
  8
A_WALL_BLOK-15
  6
Byblock
 62
   256
 60
     0
 48
1.0
370
    -1
100
AcDbLine
 39
0.0
 10
73777.418
 20
20970.3456
 30
0.0
 11
73777.418
 21
20955.3456
 31
0.0
  0
LINE
  5
13290E
330
1F
100
AcDbEntity
 67
     0
  8
Alçıpan
  6
Continuous
 62
   256
 60
     0
 48
1.0
370
    -1
100
AcDbLine
 39
0.0
 10
74645.668
 20
22828.3459
 30
0.0
 11
74645.668
 21
22216.8459
 31
0.0
  0
LWPOLYLINE
  5
13290F
330
1F
100
AcDbEntity
 67
     0
  8
Alçıpan
  6
Continuous
 62
   256
 60
     0
 48
1.0
370
    -1
100
AcDbPolyline
 90
        5
 10
74645.668
 20
21070.3459
 10
74680.668
 20
21070.3459
 10
74680.668
 20
20950.3459
 10
74645.668
 20
20950.3459
 10
74645.668
 20
21070.3459
  0
LINE
  5
132910
330
1F
100
AcDbEntity
 67
     0
  8
A_WALL_BLOK-15
  6
Byblock
 62
   256
 60
     0
 48
1.0
370
    -1
100
AcDbLine
 39
0.0
 10
74515.668
 20
20955.3459
 30
0.0
 11
74645.668
 21
20955.3459
 31
0.0
  0
LINE
  5
132911
330
1F
100
AcDbEntity
 67
     0
  8
A_WALL_BLOK-15
  6
Byblock
 62
   256
 60
     0
 48
1.0
370
    -1
100
AcDbLine
 39
0.0
 10
74680.668
 20
20955.3459
 30
0.0
 11
74710.668
 21
20955.3459
 31
0.0
  0
LINE
  5
132912
330
1F
100
AcDbEntity
 67
     0
  8
A_WALL_BLOK-15
  6
Byblock
 62
   256
 60
     0
 48
1.0
370
    -1
100
AcDbLine
 39
0.0
 10
74898.168
 20
20955.3433
 30
0.0
 11
74905.6677
 21
20955.3439
 31
0.0
  0
LINE
  5
132913
330
1F
100
AcDbEntity
 67
     0
  8
A_WALL_BLOK-15
  6
Byblock
 62
   256
 60
     0
 48
1.0
370
    -1
100
AcDbLine
 39
0.0
 10
74515.668
 20
20970.3459
 30
0.0
 11
74645.668
 21
20970.3459
 31
0.0
  0
LINE
  5
132914
330
1F
100
AcDbEntity
 67
     0
  8
A_WALL_BLOK-15
  6
Byblock
 62
   256
 60
     0
 48
1.0
370
    -1
100
AcDbLine
 39
0.0
 10
74680.668
 20
20970.3459
 30
0.0
 11
74710.668
 21
20970.3459
 31
0.0
  0
LINE
  5
132915
330
1F
100
AcDbEntity
 67
     0
  8
A_WALL_BLOK-15
  6
Byblock
 62
   256
 60
     0
 48
1.0
370
    -1
100
AcDbLine
 39
0.0
 10
74898.168
 20
20955.3433
 30
0.0
 11
74898.168
 21
20970.3459
 31
0.0
  0
LINE
  5
132916
330
1F
100
AcDbEntity
 67
     0
  8
A_WALL_BLOK-15
  6
Byblock
 62
   256
 60
     0
 48
1.0
370
    -1
100
AcDbLine
 39
0.0
 10
74710.668
 20
20955.3459
 30
0.0
 11
74710.668
 21
20970.3459
 31
0.0
  0
LINE
  5
132917
330
1F
100
AcDbEntity
 67
     0
  8
A_WALL_BLOK-15
  6
Byblock
 62
   256
 60
     0
 48
1.0
370
    -1
100
AcDbLine
 39
0.0
 10
74515.668
 20
20970.3459
 30
0.0
 11
74515.668
 21
20955.3459
 31
0.0
  0
LINE
  5
132918
330
1F
100
AcDbEntity
 67
     0
  8
A_WALL_BLOK-15
  6
Byblock
 62
   256
 60
     0
 48
1.0
370
    -1
100
AcDbLine
 39
0.0
 10
74295.668
 20
20955.3459
 30
0.0
 11
74295.668
 21
20970.3459
 31
0.0
  0
LINE
  5
132919
330
1F
100
AcDbEntity
 67
     0
  8
A_WALL_BLOK-15
  6
Byblock
 62
   256
 60
     0
 48
1.0
370
    -1
100
AcDbLine
 39
0.0
 10
74898.168
 20
20970.3624
 30
0.0
 11
74905.6677
 21
20970.363
 31
0.0
  0
INSERT
  5
13291A
330
1F
100
AcDbEntity
 67
     0
  8
A_DOOR_WINDOW
  6
Continuous
 62
   256
 60
     0
 48
1.0
370
    -1
100
AcDbBlockReference
 66
     0
  2
A$C59e2465d
 10
73448.168
 20
22085.3446
 30
0.0
 41
1.0
 42
1.0
 43
1.0
 50
0.0
 70
     0
 71
     0
 44
0.0
 45
0.0
210
0.0
220
0.0
230
1.0
  0
LINE
  5
13291B
330
1F
100
AcDbEntity
 67
     0
  8
A_WALL_BLOK-15
  6
Byblock
 62
   256
 60
     0
 48
1.0
370
    -1
100
AcDbLine
 39
0.0
 10
73856.668
 20
20955.3459
 30
0.0
 11
74027.668
 21
20955.3459
 31
0.0
  0
LINE
  5
13291C
330
1F
100
AcDbEntity
 67
     0
  8
A_WALL_BLOK-15
  6
Byblock
 62
   256
 60
     0
 48
1.0
370
    -1
100
AcDbLine
 39
0.0
 10
74138.668
 20
20955.3459
 30
0.0
 11
74295.668
 21
20955.3459
 31
0.0
  0
LINE
  5
13291D
330
1F
100
AcDbEntity
 67
     0
  8
A_WALL_BLOK-15
  6
Byblock
 62
   256
 60
     0
 48
1.0
370
    -1
100
AcDbLine
 39
0.0
 10
74138.668
 20
20970.3459
 30
0.0
 11
74295.668
 21
20970.3459
 31
0.0
  0
LINE
  5
13291E
330
1F
100
AcDbEntity
 67
     0
  8
A_WALL_BLOK-15
  6
Byblock
 62
   256
 60
     0
 48
1.0
370
    -1
100
AcDbLine
 39
0.0
 10
73856.668
 20
20970.3459
 30
0.0
 11
74027.668
 21
20970.3459
 31
0.0
  0
INSERT
  5
13291F
330
1F
100
AcDbEntity
 67
     0
  8
A_DOOR_WINDOW
  6
Continuous
 62
   256
 60
     0
 48
1.0
370
    -1
100
AcDbBlockReference
 66
     0
  2
A$C7a0669ab
 10
74027.6667
 20
20955.3477
 30
0.0
 41
1.0
 42
1.0
 43
1.0
 50
0.0
 70
     0
 71
     0
 44
0.0
 45
0.0
210
0.0
220
0.0
230
1.0
  0
LINE
  5
132920
330
1F
100
AcDbEntity
 67
     0
  8
A_WALL_BLOK-15
  6
Byblock
 62
   256
 60
     0
 48
1.0
370
    -1
100
AcDbLine
 39
0.0
 10
74027.668
 20
20970.3459
 30
0.0
 11
74027.668
 21
20955.3459
 31
0.0
  0
LINE
  5
132921
330
1F
100
AcDbEntity
 67
     0
  8
A_WALL_BLOK-15
  6
Byblock
 62
   256
 60
     0
 48
1.0
370
    -1
100
AcDbLine
 39
0.0
 10
74138.668
 20
20970.3456
 30
0.0
 11
74138.668
 21
20955.3456
 31
0.0
  0
MTEXT
  5
132922
330
1F
100
AcDbEntity
 67
     0
  8
A_TXT_ROOM
  6
Continuous
 62
   256
 60
     0
 48
1.0
370
    -1
100
AcDbMText
 10
73407.1635
 20
22619.9166
 30
0.0
210
0.0
220
0.0
230
1.0
 40
30.0
 41
2105.7778
 50
0.0
 71
     1
 72
     5
  1
DEPO
  7
ARIEL50S
 11
1.0
 21
-0.0
 31
0.0
 42
113.6562
 73
     1
 44
1.0
 90
        0
 75
     0
 78
     0
 79
     0
 48
0.0
 49
0.0
  0
MTEXT
  5
132924
330
1F
100
AcDbEntity
 67
     0
  8
A_TXT_ROOM
  6
Continuous
 62
   256
 60
     0
 48
1.0
370
    -1
100
AcDbMText
 10
73141.1132
 20
22135.6423
 30
0.0
210
0.0
220
0.0
230
1.0
 40
30.0
 41
2105.7778
 50
0.0
 71
     1
 72
     5
  1
MUTFAK
  7
ARIEL50S
 11
1.0
 21
-0.0
 31
0.0
 42
169.0928
 73
     1
 44
1.0
 90
        0
 75
     0
 78
     0
 79
     0
 48
0.0
 49
0.0
  0
MTEXT
  5
132926
330
1F
100
AcDbEntity
 67
     0
  8
A_TXT_ROOM
  6
Continuous
 62
   256
 60
     0
 48
1.0
370
    -1
100
AcDbMText
 10
73698.817
 20
22135.6423
 30
0.0
210
0.0
220
0.0
230
1.0
 40
30.0
 41
2105.7778
 50
0.0
 71
     1
 72
     5
  1
DEPO
  7
ARIEL50S
 11
1.0
 21
-0.0
 31
0.0
 42
113.6562
 73
     1
 44
1.0
 90
        0
 75
     0
 78
     0
 79
     0
 48
0.0
 49
0.0
  0
MTEXT
  5
132928
330
1F
100
AcDbEntity
 67
     0
  8
A_TXT_ROOM
  6
Continuous
 62
   256
 60
     0
 48
1.0
370
    -1
100
AcDbMText
 10
73141.1132
 20
21836.0502
 30
0.0
210
0.0
220
0.0
230
1.0
 40
30.0
 41
2105.7778
 50
0.0
 71
     1
 72
     5
  1
OFİS
  7
ARIEL50S
 11
1.0
 21
-0.0
 31
0.0
 42
93.5812
 73
     1
 44
1.0
 90
        0
 75
     0
 78
     0
 79
     0
 48
0.0
 49
0.0
  0
MTEXT
  5
13292A
330
1F
100
AcDbEntity
 67
     0
  8
A_TXT_ROOM
  6
Continuous
 62
   256
 60
     0
 48
1.0
370
    -1
100
AcDbMText
 10
73649.1879
 20
21836.0502
 30
0.0
210
0.0
220
0.0
230
1.0
 40
30.0
 41
2105.7778
 50
0.0
 71
     1
 72
     5
  1
GIDA\PMÜH.
  7
ARIEL50S
 11
1.0
 21
-0.0
 31
0.0
 42
100.3342
 73
     1
 44
1.0
 90
        0
 75
     0
 78
     0
 79
     0
 48
0.0
 49
0.0
  0
MTEXT
  5
13292C
330
1F
100
AcDbEntity
 67
     0
  8
A_TXT_ROOM
  6
Continuous
 62
   256
 60
     0
 48
1.0
370
    -1
100
AcDbMText
 10
73133.0947
 20
21606.2479
 30
0.0
210
0.0
220
0.0
230
1.0
 40
30.0
 41
2105.7778
 50
0.0
 71
     1
 72
     5
  1
BİRİM MÜDÜR\PODASI
  7
ARIEL50S
 11
1.0
 21
-0.0
 31
0.0
 42
280.4366
 73
     1
 44
1.0
 90
        0
 75
     0
 78
     0
 79
     0
 48
0.0
 49
0.0
1001
ACAD
1000
ACAD_MTEXT_DEFINED_HEIGHT_BEGIN
1070
    46
1040
87.4693
1000
ACAD_MTEXT_DEFINED_HEIGHT_END
  0
MTEXT
  5
13292E
330
1F
100
AcDbEntity
 67
     0
  8
A_TXT_ROOM
  6
Continuous
 62
   256
 60
     0
 48
1.0
370
    -1
100
AcDbMText
 10
73133.0947
 20
21286.8932
 30
0.0
210
0.0
220
0.0
230
1.0
 40
30.0
 41
2105.7778
 50
0.0
 71
     1
 72
     5
  1
GİRİŞ\PASİSTAN
  7
ARIEL50S
 11
1.0
 21
-0.0
 31
0.0
 42
175.8868
 73
     1
 44
1.0
 90
        0
 75
     0
 78
     0
 79
     0
 48
0.0
 49
0.0
1001
ACAD
1000
ACAD_MTEXT_DEFINED_HEIGHT_BEGIN
1070
    46
1040
87.4693
1000
ACAD_MTEXT_DEFINED_HEIGHT_END
  0
MTEXT
  5
132930
330
1F
100
AcDbEntity
 67
     0
  8
A_TXT_ROOM
  6
Continuous
 62
   256
 60
     0
 48
1.0
370
    -1
100
AcDbMText
 10
73663.4033
 20
21286.8932
 30
0.0
210
0.0
220
0.0
230
1.0
 40
30.0
 41
2105.7778
 50
0.0
 71
     1
 72
     5
  1
SATIN\PALMA
  7
ARIEL50S
 11
1.0
 21
-0.0
 31
0.0
 42
118.0969
 73
     1
 44
1.0
 90
        0
 75
     0
 78
     0
 79
     0
 48
0.0
 49
0.0
1001
ACAD
1000
ACAD_MTEXT_DEFINED_HEIGHT_BEGIN
1070
    46
1040
87.4693
1000
ACAD_MTEXT_DEFINED_HEIGHT_END
  0
MTEXT
  5
132932
330
1F
100
AcDbEntity
 67
     0
  8
A_TXT_ROOM
  6
Continuous
 62
   256
 60
     0
 48
1.0
370
    -1
100
AcDbMText
 10
73484.0279
 20
21836.0502
 30
0.0
210
0.0
220
0.0
230
1.0
 40
30.0
 41
2105.7778
 50
0.0
 71
     1
 72
     5
  1
KOR.
  7
ARIEL50S
 11
1.0
 21
-0.0
 31
0.0
 42
95.7503
 73
     1
 44
1.0
 90
        0
 75
     0
 78
     0
 79
     0
 48
0.0
 49
0.0
  0
INSERT
  5
132934
330
1F
100
AcDbEntity
 67
     0
  8
A_DOOR_WINDOW
  6
Continuous
 62
   256
 60
     0
 48
1.0
370
    -1
100
AcDbBlockReference
 66
     0
  2
A$C127d1240
 10
74295.668
 20
20955.3459
 30
0.0
 41
1.0
 42
1.0
 43
1.0
 50
0.0
 70
     0
 71
     0
 44
0.0
 45
0.0
210
0.0
220
0.0
230
1.0
  0
INSERT
  5
132935
330
1F
100
AcDbEntity
 67
     0
  8
A_INT_STAIR
  6
Continuous
 62
   256
 60
     0
 48
1.0
370
    -1
100
AcDbBlockReference
 66
     0
  2
A$C519f2308
 10
73333.168
 20
20949.881
 30
0.0
 41
1.0
 42
1.0
 43
1.0
 50
0.0
 70
     0
 71
     0
 44
0.0
 45
0.0
210
0.0
220
0.0
230
1.0
  0
LWPOLYLINE
  5
132936
330
1F
100
AcDbEntity
 67
     0
  8
Alçıpan
  6
Continuous
 62
   256
 60
     0
 48
1.0
370
    -1
100
AcDbPolyline
 90
        5
 10
74609.668
 20
22919.3459
 10
74609.668
 20
22897.3459
 10
74631.668
 20
22897.3459
 10
74631.668
 20
22828.3459
 10
74645.668
 20
22828.3459
  0
LWPOLYLINE
  5
132937
330
1F
100
AcDbEntity
 67
     0
  8
Alçıpan
  6
Continuous
 62
   256
 60
     0
 48
1.0
370
    -1
100
AcDbPolyline
 90
        5
 10
74609.668
 20
22919.3459
 10
74265.668
 20
22919.3459
 10
74265.668
 20
22826.3459
 10
74228.668
 20
22826.3459
 10
74228.668
 20
22920.3459
  0
LWPOLYLINE
  5
132938
330
1F
100
AcDbEntity
 67
     0
  8
Alçıpan
  6
Continuous
 62
   256
 60
     0
 48
1.0
370
    -1
100
AcDbPolyline
 90
        3
 10
73880.668
 20
22920.3459
 10
73880.668
 20
22898.8459
 10
73859.168
 20
22898.8459
  0
LINE
  5
132939
330
1F
100
AcDbEntity
 67
     0
  8
Alçıpan
  6
Continuous
 62
   256
 60
     0
 48
1.0
370
    -1
100
AcDbLine
 39
0.0
 10
73859.168
 20
22211.8459
 30
0.0
 11
73894.168
 21
22211.8459
 31
0.0
  0
LINE
  5
13293A
330
1F
100
AcDbEntity
 67
     0
  8
Alçıpan
  6
Continuous
 62
   256
 60
     0
 48
1.0
370
    -1
100
AcDbLine
 39
0.0
 10
73894.168
 20
22211.8459
 30
0.0
 11
73894.168
 21
22129.8459
 31
0.0
  0
LINE
  5
13293B
330
1F
100
AcDbEntity
 67
     0
  8
Alçıpan
  6
Continuous
 62
   256
 60
     0
 48
1.0
370
    -1
100
AcDbLine
 39
0.0
 10
73894.168
 20
22129.8459
 30
0.0
 11
73854.168
 21
22129.8459
 31
0.0
  0
LINE
  5
13293C
330
1F
100
AcDbEntity
 67
     0
  8
Alçıpan
  6
Continuous
 62
   256
 60
     0
 48
1.0
370
    -1
100
AcDbLine
 39
0.0
 10
73854.168
 20
22148.5432
 30
0.0
 11
73854.168
 21
21435.3459
 31
0.0
  0
LINE
  5
13293E
330
1F
100
AcDbEntity
 67
     0
  8
Alçıpan
  6
Continuous
 62
   256
 60
     0
 48
1.0
370
    -1
100
AcDbLine
 39
0.0
 10
73890.168
 20
21435.3459
 30
0.0
 11
73890.168
 21
21374.8459
 31
0.0
  0
LINE
  5
13293F
330
1F
100
AcDbEntity
 67
     0
  8
Alçıpan
  6
Continuous
 62
   256
 60
     0
 48
1.0
370
    -1
100
AcDbLine
 39
0.0
 10
73890.168
 20
21374.8459
 30
0.0
 11
73856.668
 21
21374.8459
 31
0.0
  0
LINE
  5
132942
330
1F
100
AcDbEntity
 67
     0
  8
Alçıpan
  6
Continuous
 62
   256
 60
     0
 48
1.0
370
    -1
100
AcDbLine
 39
0.0
 10
73889.668
 20
21374.8459
 30
0.0
 11
73889.668
 21
20974.3459
 31
0.0
  0
LINE
  5
132943
330
1F
100
AcDbEntity
 67
     0
  8
Alçıpan
  6
Continuous
 62
   256
 60
     0
 48
1.0
370
    -1
100
AcDbLine
 39
0.0
 10
73889.668
 20
20974.3459
 30
0.0
 11
74645.668
 21
20974.3459
 31
0.0
  0
LINE
  5
132944
330
1F
100
AcDbEntity
 67
     0
  8
Alçıpan
  6
Continuous
 62
   256
 60
     0
 48
1.0
370
    -1
100
AcDbLine
 39
0.0
 10
73859.168
 20
22950.3459
 30
0.0
 11
73859.168
 21
22211.8459
 31
0.0
  0
LINE
  5
132945
330
1F
100
AcDbEntity
 67
     0
  8
Alçıpan
  6
Continuous
 62
   256
 60
     0
 48
1.0
370
    -1
100
AcDbLine
 39
0.0
 10
74580.668
 20
20974.3459
 30
0.0
 11
74580.668
 21
21105.3459
 31
0.0
  0
LINE
  5
132946
330
1F
100
AcDbEntity
 67
     0
  8
Alçıpan
  6
Continuous
 62
   256
 60
     0
 48
1.0
370
    -1
100
AcDbLine
 39
0.0
 10
74580.668
 20
21105.3459
 30
0.0
 11
74704.168
 21
21105.3459
 31
0.0
  0
LINE
  5
132947
330
1F
100
AcDbEntity
 67
     0
  8
Alçıpan
  6
Continuous
 62
   256
 60
     0
 48
1.0
370
    -1
100
AcDbLine
 39
0.0
 10
74704.168
 20
21105.3459
 30
0.0
 11
74704.168
 21
20970.3459
 31
0.0
  0
LINE
  5
132948
330
1F
100
AcDbEntity
 67
     0
  8
Alçıpan
  6
Continuous
 62
   256
 60
     0
 48
1.0
370
    -1
100
AcDbLine
 39
0.0
 10
74905.668
 20
21373.3459
 30
0.0
 11
74905.6677
 21
20970.363
 31
0.0
  0
LINE
  5
132949
330
1F
100
AcDbEntity
 67
     0
  8
Alçıpan
  6
Continuous
 62
   256
 60
     0
 48
1.0
370
    -1
100
AcDbLine
 39
0.0
 10
74905.668
 20
21373.3459
 30
0.0
 11
74600.668
 21
21373.3459
 31
0.0
  0
LINE
  5
13294A
330
1F
100
AcDbEntity
 67
     0
  8
Alçıpan
  6
Continuous
 62
   256
 60
     0
 48
1.0
370
    -1
100
AcDbLine
 39
0.0
 10
74600.668
 20
21373.3459
 30
0.0
 11
74600.668
 21
21435.3459
 31
0.0
  0
LINE
  5
13294E
330
1F
100
AcDbEntity
 67
     0
  8
Alçıpan
  6
Continuous
 62
   256
 60
     0
 48
1.0
370
    -1
100
AcDbLine
 39
0.0
 10
74600.668
 20
22135.3459
 30
0.0
 11
74600.668
 21
22216.8459
 31
0.0
  0
LINE
  5
13294F
330
1F
100
AcDbEntity
 67
     0
  8
Alçıpan
  6
Continuous
 62
   256
 60
     0
 48
1.0
370
    -1
100
AcDbLine
 39
0.0
 10
74600.668
 20
22216.8459
 30
0.0
 11
74645.668
 21
22216.8459
 31
0.0
  0
LWPOLYLINE
  5
132950
330
1F
100
AcDbEntity
 67
     0
  8
S-KOLON
  6
Continuous
 62
     0
 60
     0
 48
0.5
370
    -2
100
AcDbPolyline
 90
        2
 10
75866.668
 20
22830.3459
 10
75866.668
 20
22950.3459
  0
LWPOLYLINE
  5
132951
330
1F
100
AcDbEntity
 67
     0
  8
Alçıpan
  6
Byblock
 62
   256
 60
     0
 48
1.0
370
    -1
100
AcDbPolyline
 90
        2
 10
74673.668
 20
22830.3459
 10
74660.668
 20
22830.3459
  0
LWPOLYLINE
  5
132952
330
1F
100
AcDbEntity
 67
     0
  8
S-KOLON
  6
Continuous
 62
     0
 60
     0
 48
0.5
370
    -2
100
AcDbPolyline
 90
        4
 10
76286.668
 20
22950.3459
 10
76286.668
 20
22830.3459
 10
76256.668
 20
22830.3459
 10
76256.668
 20
22950.3459
  0
LWPOLYLINE
  5
132953
330
1F
100
AcDbEntity
 67
     0
  8
S-KOLON
  6
Continuous
 62
     0
 60
     0
 48
0.5
370
    -2
100
AcDbPolyline
 90
        5
 10
75459.168
 20
21070.3459
 10
75494.168
 20
21070.3459
 10
75494.168
 20
20950.3459
 10
75459.168
 20
20950.3459
 10
75459.168
 20
21070.3459
  0
LWPOLYLINE
  5
132954
330
1F
100
AcDbEntity
 67
     0
  8
S-KOLON
  6
Continuous
 62
     0
 60
     0
 48
0.5
370
    -2
100
AcDbPolyline
 90
        5
 10
76256.668
 20
21070.3459
 10
76286.668
 20
21070.3459
 10
76286.668
 20
20950.3459
 10
76256.668
 20
20950.3459
 10
76256.668
 20
21070.3459
  0
LWPOLYLINE
  5
132955
330
1F
100
AcDbEntity
 67
     0
  8
S-KOLON
  6
Continuous
 62
     0
 60
     0
 48
0.5
370
    -2
100
AcDbPolyline
 90
        5
 10
76286.668
 20
21430.3459
 10
76226.668
 20
21430.3459
 10
76226.668
 20
21380.3459
 10
76286.668
 20
21380.3459
 10
76286.668
 20
21430.3459
  0
LWPOLYLINE
  5
132956
330
1F
100
AcDbEntity
 67
     0
  8
S-KOLON
  6
Continuous
 62
     0
 60
     0
 48
0.5
370
    -2
100
AcDbPolyline
 90
       12
 10
75806.668
 20
21640.3459
 10
76256.668
 20
21640.3459
 10
76256.668
 20
21950.3459
 10
75806.668
 20
21950.3459
 10
75806.668
 20
21980.3459
 10
76256.668
 20
21980.3459
 10
76256.668
 20
22160.3459
 10
76226.668
 20
22160.3459
 10
76226.668
 20
22210.3459
 10
76286.668
 20
22210.3459
 10
76286.668
 20
21610.3459
 10
75806.668
 20
21610.3459
  0
LINE
  5
132958
330
1F
100
AcDbEntity
 67
     0
  8
S-PERDE
  6
Continuous
 62
   256
 60
     0
 48
0.5
370
    -1
100
AcDbLine
 39
0.0
 10
75378.168
 20
22920.3459
 30
0.0
 11
75866.668
 21
22920.3459
 31
0.0
  0
LINE
  5
13295A
330
1F
100
AcDbEntity
 67
     0
  8
S-PERDE
  6
Continuous
 62
   256
 60
     0
 48
0.5
370
    -1
100
AcDbLine
 39
0.0
 10
76256.668
 20
22920.3459
 30
0.0
 11
75896.668
 21
22920.3459
 31
0.0
  0
LWPOLYLINE
  5
13295B
330
1F
100
AcDbEntity
 67
     0
  8
Alçıpan
  6
Byblock
 62
   256
 60
     0
 48
1.0
370
    -1
100
AcDbPolyline
 90
        3
 10
74711.168
 20
22214.3459
 10
74711.168
 20
22133.3644
 10
74671.668
 20
22133.3644
  0
LWPOLYLINE
  5
13295C
330
1F
100
AcDbEntity
 67
     0
  8
S-KOLON
  6
Continuous
 62
     0
 60
     0
 48
0.5
370
    -2
100
AcDbPolyline
 90
        4
 10
75526.668
 20
22155.3459
 10
75426.668
 20
22155.3459
 10
75426.668
 20
22215.3459
 10
75526.668
 20
22215.3459
  0
LWPOLYLINE
  5
13295D
330
1F
100
AcDbEntity
 67
     0
  8
S-KOLON
  6
Continuous
 62
     0
 60
     0
 48
0.5
370
    -2
100
AcDbPolyline
 90
        4
 70
     1
 10
75426.668
 20
21375.3459
 10
75526.668
 20
21375.3459
 10
75526.668
 20
21435.3459
 10
75426.668
 20
21435.3459
  0
LINE
  5
13295F
330
1F
100
AcDbEntity
 67
     0
  8
A_WALL_BLOK-15
  6
Byblock
 62
   256
 60
     0
 48
1.0
370
    -1
100
AcDbLine
 39
0.0
 10
75651.668
 20
22095.3459
 30
0.0
 11
75936.668
 21
22095.3459
 31
0.0
  0
LINE
  5
132960
330
1F
100
AcDbEntity
 67
     0
  8
A_WALL_BLOK-15
  6
Byblock
 62
   256
 60
     0
 48
1.0
370
    -1
100
AcDbLine
 39
0.0
 10
75666.668
 20
22080.3459
 30
0.0
 11
75921.668
 21
22080.3459
 31
0.0
  0
LINE
  5
132961
330
1F
100
AcDbEntity
 67
     0
  8
A_WALL_BLOK-15
  6
Byblock
 62
   256
 60
     0
 48
1.0
370
    -1
100
AcDbLine
 39
0.0
 10
76146.668
 20
20970.3459
 30
0.0
 11
76146.668
 21
21610.3459
 31
0.0
  0
LINE
  5
132962
330
1F
100
AcDbEntity
 67
     0
  8
A_WALL_BLOK-15
  6
Byblock
 62
   256
 60
     0
 48
1.0
370
    -1
100
AcDbLine
 39
0.0
 10
76131.668
 20
20970.3459
 30
0.0
 11
76131.668
 21
21610.3459
 31
0.0
  0
LINE
  5
132963
330
1F
100
AcDbEntity
 67
     0
  8
Alçıpan
  6
Byblock
 62
   256
 60
     0
 48
1.0
370
    -1
100
AcDbLine
 39
0.0
 10
75459.168
 20
22155.3459
 30
0.0
 11
75459.168
 21
21435.3459
 31
0.0
  0
LINE
  5
132964
330
1F
100
AcDbEntity
 67
     0
  8
A_WALL_BLOK-15
  6
Byblock
 62
   256
 60
     0
 48
1.0
370
    -1
100
AcDbLine
 39
0.0
 10
75474.168
 20
22155.3459
 30
0.0
 11
75474.168
 21
21435.3459
 31
0.0
  0
LINE
  5
132965
330
1F
100
AcDbEntity
 67
     0
  8
Alçıpan
  6
Byblock
 62
   256
 60
     0
 48
1.0
370
    -1
100
AcDbLine
 39
0.0
 10
74660.668
 20
22830.3459
 30
0.0
 11
74660.668
 21
22214.3459
 31
0.0
  0
LINE
  5
132966
330
1F
100
AcDbEntity
 67
     0
  8
Alçıpan
  6
Byblock
 62
   256
 60
     0
 48
1.0
370
    -1
100
AcDbLine
 39
0.0
 10
74671.668
 20
22133.3644
 30
0.0
 11
74671.668
 21
21433.8644
 31
0.0
  0
LINE
  5
132967
330
1F
100
AcDbEntity
 67
     0
  8
Alçıpan
  6
Byblock
 62
   256
 60
     0
 48
1.0
370
    -1
100
AcDbLine
 39
0.0
 10
74926.6686
 20
20970.3459
 30
0.0
 11
74926.6686
 21
21090.3459
 31
0.0
  0
LINE
  5
132968
330
1F
100
AcDbEntity
 67
     0
  8
Alçıpan
  6
Byblock
 62
   256
 60
     0
 48
1.0
370
    -1
100
AcDbLine
 39
0.0
 10
74926.6686
 20
21186.3459
 30
0.0
 11
74926.6686
 21
21382.3644
 31
0.0
  0
LINE
  5
132969
330
1F
100
AcDbEntity
 67
     0
  8
Alçıpan
  6
Byblock
 62
   256
 60
     0
 48
1.0
370
    -1
100
AcDbLine
 39
0.0
 10
74716.668
 20
21382.3644
 30
0.0
 11
74926.6686
 21
21382.3644
 31
0.0
  0
LINE
  5
13296A
330
1F
100
AcDbEntity
 67
     0
  8
Alçıpan
  6
Byblock
 62
   256
 60
     0
 48
1.0
370
    -1
100
AcDbLine
 39
0.0
 10
74905.6678
 20
21090.3459
 30
0.0
 11
75015.1686
 21
21090.3459
 31
0.0
  0
LINE
  5
13296B
330
1F
100
AcDbEntity
 67
     0
  8
Alçıpan
  6
Byblock
 62
   256
 60
     0
 48
1.0
370
    -1
100
AcDbLine
 39
0.0
 10
74905.6679
 20
21186.3459
 30
0.0
 11
74926.6686
 21
21186.3459
 31
0.0
  0
LINE
  5
13296C
330
1F
100
AcDbEntity
 67
     0
  8
A_WALL_BLOK-15
  6
Byblock
 62
   256
 60
     0
 48
1.0
370
    -1
100
AcDbLine
 39
0.0
 10
75284.168
 20
20955.3647
 30
0.0
 11
75459.168
 21
20955.3459
 31
0.0
  0
LINE
  5
13296D
330
1F
100
AcDbEntity
 67
     0
  8
A_WALL_BLOK-15
  6
Byblock
 62
   256
 60
     0
 48
1.0
370
    -1
100
AcDbLine
 39
0.0
 10
75284.168
 20
20970.3647
 30
0.0
 11
75459.168
 21
20970.3459
 31
0.0
  0
INSERT
  5
13296E
330
1F
100
AcDbEntity
 67
     0
  8
A_DOOR_WINDOW
  6
Continuous
 62
   256
 60
     0
 48
1.0
370
    -1
100
AcDbBlockReference
 66
     0
  2
A$C7a0669ab
 10
75173.1667
 20
20955.3666
 30
0.0
 41
1.0
 42
1.0
 43
1.0
 50
0.0
 70
     0
 71
     0
 44
0.0
 45
0.0
210
0.0
220
0.0
230
1.0
  0
LINE
  5
13296F
330
1F
100
AcDbEntity
 67
     0
  8
A_WALL_BLOK-15
  6
Byblock
 62
   256
 60
     0
 48
1.0
370
    -1
100
AcDbLine
 39
0.0
 10
75284.168
 20
20970.3645
 30
0.0
 11
75284.168
 21
20955.3645
 31
0.0
  0
LINE
  5
132970
330
1F
100
AcDbEntity
 67
     0
  8
A_WALL_BLOK-15
  6
Byblock
 62
   256
 60
     0
 48
1.0
370
    -1
100
AcDbLine
 39
0.0
 10
75173.168
 20
20970.3645
 30
0.0
 11
75173.168
 21
20955.3645
 31
0.0
  0
LINE
  5
132971
330
1F
100
AcDbEntity
 67
     0
  8
A_WALL_BLOK-15
  6
Byblock
 62
   256
 60
     0
 48
1.0
370
    -1
100
AcDbLine
 39
0.0
 10
74926.6686
 20
20970.3644
 30
0.0
 11
75173.168
 21
20970.3836
 31
0.0
  0
INSERT
  5
132972
330
1F
100
AcDbEntity
 67
     0
  8
A_ELEV_03
  6
Continuous
 62
   256
 60
     0
 48
1.0
370
    -1
100
AcDbBlockReference
 66
     0
  2
p_hgr
 10
104971.2753
 20
15989.5731
 30
0.0
 41
1.0
 42
1.0
 43
1.0
 50
90.0
 70
     0
 71
     0
 44
0.0
 45
0.0
210
0.0
220
0.0
230
1.0
  0
LINE
  5
132973
330
1F
100
AcDbEntity
 67
     0
  8
A_WALL_BLOK-15
  6
Byblock
 62
   256
 60
     0
 48
1.0
370
    -1
100
AcDbLine
 39
0.0
 10
75494.168
 20
20955.3459
 30
0.0
 11
75622.418
 21
20955.3459
 31
0.0
  0
LINE
  5
132974
330
1F
100
AcDbEntity
 67
     0
  8
A_WALL_BLOK-15
  6
Byblock
 62
   256
 60
     0
 48
1.0
370
    -1
100
AcDbLine
 39
0.0
 10
75733.418
 20
20955.3459
 30
0.0
 11
75896.668
 21
20955.3459
 31
0.0
  0
LINE
  5
132975
330
1F
100
AcDbEntity
 67
     0
  8
A_WALL_BLOK-15
  6
Byblock
 62
   256
 60
     0
 48
1.0
370
    -1
100
AcDbLine
 39
0.0
 10
75494.168
 20
20970.3459
 30
0.0
 11
75622.418
 21
20970.3459
 31
0.0
  0
LINE
  5
132976
330
1F
100
AcDbEntity
 67
     0
  8
A_WALL_BLOK-15
  6
Byblock
 62
   256
 60
     0
 48
1.0
370
    -1
100
AcDbLine
 39
0.0
 10
75733.418
 20
20970.3459
 30
0.0
 11
75861.668
 21
20970.3459
 31
0.0
  0
LINE
  5
132977
330
1F
100
AcDbEntity
 67
     0
  8
A_WALL_BLOK-15
  6
Byblock
 62
   256
 60
     0
 48
1.0
370
    -1
100
AcDbLine
 39
0.0
 10
75876.668
 20
20970.3459
 30
0.0
 11
75896.668
 21
20970.3459
 31
0.0
  0
LINE
  5
132978
330
1F
100
AcDbEntity
 67
     0
  8
A_WALL_BLOK-15
  6
Byblock
 62
   256
 60
     0
 48
1.0
370
    -1
100
AcDbLine
 39
0.0
 10
76116.668
 20
20955.3459
 30
0.0
 11
76116.668
 21
20970.3459
 31
0.0
  0
LINE
  5
132979
330
1F
100
AcDbEntity
 67
     0
  8
A_WALL_BLOK-15
  6
Byblock
 62
   256
 60
     0
 48
1.0
370
    -1
100
AcDbLine
 39
0.0
 10
75896.668
 20
20955.3459
 30
0.0
 11
75896.668
 21
20970.3459
 31
0.0
  0
LINE
  5
13297A
330
1F
100
AcDbEntity
 67
     0
  8
A_WALL_BLOK-15
  6
Byblock
 62
   256
 60
     0
 48
1.0
370
    -1
100
AcDbLine
 39
0.0
 10
76116.668
 20
20955.3459
 30
0.0
 11
76151.668
 21
20955.3459
 31
0.0
  0
LINE
  5
13297B
330
1F
100
AcDbEntity
 67
     0
  8
A_WALL_BLOK-15
  6
Byblock
 62
   256
 60
     0
 48
1.0
370
    -1
100
AcDbLine
 39
0.0
 10
76251.668
 20
20955.3459
 30
0.0
 11
76256.668
 21
20955.3459
 31
0.0
  0
LINE
  5
13297C
330
1F
100
AcDbEntity
 67
     0
  8
A_WALL_BLOK-15
  6
Byblock
 62
   256
 60
     0
 48
1.0
370
    -1
100
AcDbLine
 39
0.0
 10
76116.668
 20
20970.3459
 30
0.0
 11
76131.668
 21
20970.3459
 31
0.0
  0
LINE
  5
13297D
330
1F
100
AcDbEntity
 67
     0
  8
A_WALL_BLOK-15
  6
Byblock
 62
   256
 60
     0
 48
1.0
370
    -1
100
AcDbLine
 39
0.0
 10
76146.668
 20
20970.3459
 30
0.0
 11
76151.668
 21
20970.3459
 31
0.0
  0
LINE
  5
13297E
330
1F
100
AcDbEntity
 67
     0
  8
A_WALL_BLOK-15
  6
Byblock
 62
   256
 60
     0
 48
1.0
370
    -1
100
AcDbLine
 39
0.0
 10
76251.668
 20
20970.3459
 30
0.0
 11
76256.668
 21
20970.3459
 31
0.0
  0
LINE
  5
13297F
330
1F
100
AcDbEntity
 67
     0
  8
A_WALL_BLOK-15
  6
Byblock
 62
   256
 60
     0
 48
1.0
370
    -1
100
AcDbLine
 39
0.0
 10
75861.668
 20
21114.1326
 30
0.0
 11
75861.668
 21
20970.3459
 31
0.0
  0
LINE
  5
132981
330
1F
100
AcDbEntity
 67
     0
  8
A_WALL_BLOK-15
  6
Byblock
 62
   256
 60
     0
 48
1.0
370
    -1
100
AcDbLine
 39
0.0
 10
75806.668
 20
21190.3459
 30
0.0
 11
75724.168
 21
21190.3459
 31
0.0
  0
LINE
  5
132982
330
1F
100
AcDbEntity
 67
     0
  8
A_WALL_BLOK-15
  6
Byblock
 62
   256
 60
     0
 48
1.0
370
    -1
100
AcDbLine
 39
0.0
 10
75800.4548
 20
21175.3459
 30
0.0
 11
75724.168
 21
21175.3459
 31
0.0
  0
INSERT
  5
132983
330
1F
100
AcDbEntity
 67
     0
  8
A_ELEV_04
  6
Continuous
 62
   256
 60
     0
 48
1.0
370
    -1
100
AcDbBlockReference
 66
     0
  2
p_klt
 10
76843.9409
 20
52379.9528
 30
0.0
 41
1.0
 42
1.0
 43
1.0
 50
180.0
 70
     0
 71
     0
 44
0.0
 45
0.0
210
0.0
220
0.0
230
1.0
  0
LINE
  5
132984
330
1F
100
AcDbEntity
 67
     0
  8
A_WALL_BLOK-15
  6
Byblock
 62
   256
 60
     0
 48
1.0
370
    -1
100
AcDbLine
 39
0.0
 10
75724.168
 20
21190.3459
 30
0.0
 11
75724.168
 21
21175.3459
 31
0.0
  0
LINE
  5
132985
330
1F
100
AcDbEntity
 67
     0
  8
A_WALL_BLOK-15
  6
Byblock
 62
   256
 60
     0
 48
1.0
370
    -1
100
AcDbLine
 39
0.0
 10
75624.168
 20
21190.3459
 30
0.0
 11
75624.168
 21
21175.3459
 31
0.0
  0
LINE
  5
132986
330
1F
100
AcDbEntity
 67
     0
  8
A_WALL_BLOK-15
  6
Byblock
 62
   256
 60
     0
 48
1.0
370
    -1
100
AcDbLine
 39
0.0
 10
75806.668
 20
21190.3459
 30
0.0
 11
75876.668
 21
21120.3459
 31
0.0
  0
LINE
  5
132987
330
1F
100
AcDbEntity
 67
     0
  8
A_WALL_BLOK-15
  6
Byblock
 62
   256
 60
     0
 48
1.0
370
    -1
100
AcDbLine
 39
0.0
 10
75806.668
 20
21388.3358
 30
0.0
 11
75989.6579
 21
21205.3459
 31
0.0
  0
LINE
  5
132988
330
1F
100
AcDbEntity
 67
     0
  8
A_WALL_BLOK-15
  6
Byblock
 62
   256
 60
     0
 48
1.0
370
    -1
100
AcDbLine
 39
0.0
 10
75821.668
 20
21394.549
 30
0.0
 11
75995.8711
 21
21220.3459
 31
0.0
  0
LINE
  5
132989
330
1F
100
AcDbEntity
 67
     0
  8
A_WALL_BLOK-15
  6
Byblock
 62
   256
 60
     0
 48
1.0
370
    -1
100
AcDbLine
 39
0.0
 10
75800.4548
 20
21175.3459
 30
0.0
 11
75861.668
 21
21114.1326
 31
0.0
  0
LINE
  5
13298A
330
1F
100
AcDbEntity
 67
     0
  8
A_WALL_BLOK-15
  6
Byblock
 62
   256
 60
     0
 48
1.0
370
    -1
100
AcDbLine
 39
0.0
 10
76131.668
 20
21205.3459
 30
0.0
 11
75989.6579
 21
21205.3459
 31
0.0
  0
LINE
  5
13298B
330
1F
100
AcDbEntity
 67
     0
  8
A_WALL_BLOK-15
  6
Byblock
 62
   256
 60
     0
 48
1.0
370
    -1
100
AcDbLine
 39
0.0
 10
76131.668
 20
21220.3459
 30
0.0
 11
75995.8711
 21
21220.3459
 31
0.0
  0
LINE
  5
13298C
330
1F
100
AcDbEntity
 67
     0
  8
A_WALL_BLOK-15
  6
Byblock
 62
   256
 60
     0
 48
1.0
370
    -1
100
AcDbLine
 39
0.0
 10
75876.668
 20
20970.3459
 30
0.0
 11
75876.668
 21
21120.3459
 31
0.0
  0
LINE
  5
13298D
330
1F
100
AcDbEntity
 67
     0
  8
A_WALL_BLOK-15
  6
Byblock
 62
   256
 60
     0
 48
1.0
370
    -1
100
AcDbLine
 39
0.0
 10
75526.668
 20
21390.3459
 30
0.0
 11
75666.668
 21
21390.3459
 31
0.0
  0
LINE
  5
13298E
330
1F
100
AcDbEntity
 67
     0
  8
A_WALL_BLOK-15
  6
Byblock
 62
   256
 60
     0
 48
1.0
370
    -1
100
AcDbLine
 39
0.0
 10
75526.668
 20
21405.3459
 30
0.0
 11
75651.668
 21
21405.3459
 31
0.0
  0
LINE
  5
13298F
330
1F
100
AcDbEntity
 67
     0
  8
A_WALL_BLOK-15
  6
Byblock
 62
   256
 60
     0
 48
1.0
370
    -1
100
AcDbLine
 39
0.0
 10
75666.668
 20
21390.3459
 30
0.0
 11
75666.668
 21
21640.3459
 31
0.0
  0
LINE
  5
132990
330
1F
100
AcDbEntity
 67
     0
  8
A_WALL_BLOK-15
  6
Byblock
 62
   256
 60
     0
 48
1.0
370
    -1
100
AcDbLine
 39
0.0
 10
75666.668
 20
21740.3459
 30
0.0
 11
75666.668
 21
22080.3459
 31
0.0
  0
LINE
  5
132991
330
1F
100
AcDbEntity
 67
     0
  8
A_WALL_BLOK-15
  6
Byblock
 62
   256
 60
     0
 48
1.0
370
    -1
100
AcDbLine
 39
0.0
 10
75651.668
 20
21405.3459
 30
0.0
 11
75651.668
 21
21640.3459
 31
0.0
  0
LINE
  5
132992
330
1F
100
AcDbEntity
 67
     0
  8
A_WALL_BLOK-15
  6
Byblock
 62
   256
 60
     0
 48
1.0
370
    -1
100
AcDbLine
 39
0.0
 10
75651.668
 20
21740.3459
 30
0.0
 11
75651.668
 21
21965.3459
 31
0.0
  0
LINE
  5
132993
330
1F
100
AcDbEntity
 67
     0
  8
A_WALL_BLOK-15
  6
Byblock
 62
   256
 60
     0
 48
1.0
370
    -1
100
AcDbLine
 39
0.0
 10
75821.668
 20
21394.549
 30
0.0
 11
75821.668
 21
21495.3459
 31
0.0
  0
LINE
  5
132994
330
1F
100
AcDbEntity
 67
     0
  8
A_WALL_BLOK-15
  6
Byblock
 62
   256
 60
     0
 48
1.0
370
    -1
100
AcDbLine
 39
0.0
 10
75821.668
 20
21595.3459
 30
0.0
 11
75821.668
 21
21610.3459
 31
0.0
  0
LINE
  5
132995
330
1F
100
AcDbEntity
 67
     0
  8
A_WALL_BLOK-15
  6
Byblock
 62
   256
 60
     0
 48
1.0
370
    -1
100
AcDbLine
 39
0.0
 10
75806.668
 20
21388.3358
 30
0.0
 11
75806.668
 21
21495.3459
 31
0.0
  0
LINE
  5
132996
330
1F
100
AcDbEntity
 67
     0
  8
A_WALL_BLOK-15
  6
Byblock
 62
   256
 60
     0
 48
1.0
370
    -1
100
AcDbLine
 39
0.0
 10
75806.668
 20
21595.3459
 30
0.0
 11
75806.668
 21
21640.3459
 31
0.0
  0
INSERT
  5
132998
330
1F
100
AcDbEntity
 67
     0
  8
A_ELEV_04
  6
Continuous
 62
   256
 60
     0
 48
1.0
370
    -1
100
AcDbBlockReference
 66
     0
  2
p_klt
 10
44617.0621
 20
22715.1188
 30
0.0
 41
1.0
 42
1.0
 43
1.0
 50
270.0
 70
     0
 71
     0
 44
0.0
 45
0.0
210
0.0
220
0.0
230
1.0
  0
LINE
  5
132999
330
1F
100
AcDbEntity
 67
     0
  8
A_WALL_BLOK-15
  6
Byblock
 62
   256
 60
     0
 48
1.0
370
    -1
100
AcDbLine
 39
0.0
 10
75806.668
 20
21595.3459
 30
0.0
 11
75821.668
 21
21595.3459
 31
0.0
  0
LINE
  5
13299A
330
1F
100
AcDbEntity
 67
     0
  8
A_WALL_BLOK-15
  6
Byblock
 62
   256
 60
     0
 48
1.0
370
    -1
100
AcDbLine
 39
0.0
 10
75806.668
 20
21495.3459
 30
0.0
 11
75821.668
 21
21495.3459
 31
0.0
  0
INSERT
  5
13299B
330
1F
100
AcDbEntity
 67
     0
  8
A_ELEV_04
  6
Continuous
 62
   256
 60
     0
 48
1.0
370
    -1
100
AcDbBlockReference
 66
     0
  2
p_klt
 10
106856.2739
 20
20520.5729
 30
0.0
 41
1.0
 42
1.0
 43
1.0
 50
90.0
 70
     0
 71
     0
 44
0.0
 45
0.0
210
0.0
220
0.0
230
1.0
  0
LINE
  5
13299C
330
1F
100
AcDbEntity
 67
     0
  8
A_WALL_BLOK-15
  6
Byblock
 62
   256
 60
     0
 48
1.0
370
    -1
100
AcDbLine
 39
0.0
 10
75666.668
 20
21740.3459
 30
0.0
 11
75651.668
 21
21740.3459
 31
0.0
  0
LINE
  5
13299D
330
1F
100
AcDbEntity
 67
     0
  8
A_WALL_BLOK-15
  6
Byblock
 62
   256
 60
     0
 48
1.0
370
    -1
100
AcDbLine
 39
0.0
 10
75666.668
 20
21640.3459
 30
0.0
 11
75651.668
 21
21640.3459
 31
0.0
  0
LINE
  5
13299E
330
1F
100
AcDbEntity
 67
     0
  8
A_WALL_BLOK-15
  6
Byblock
 62
   256
 60
     0
 48
1.0
370
    -1
100
AcDbLine
 39
0.0
 10
75786.668
 20
22095.3459
 30
0.0
 11
75786.668
 21
22695.3459
 31
0.0
  0
LINE
  5
13299F
330
1F
100
AcDbEntity
 67
     0
  8
A_WALL_BLOK-15
  6
Byblock
 62
   256
 60
     0
 48
1.0
370
    -1
100
AcDbLine
 39
0.0
 10
75786.668
 20
22710.3459
 30
0.0
 11
75786.668
 21
22720.3459
 31
0.0
  0
LINE
  5
1329A0
330
1F
100
AcDbEntity
 67
     0
  8
A_WALL_BLOK-15
  6
Byblock
 62
   256
 60
     0
 48
1.0
370
    -1
100
AcDbLine
 39
0.0
 10
75786.668
 20
22820.3459
 30
0.0
 11
75786.668
 21
22920.3459
 31
0.0
  0
LINE
  5
1329A1
330
1F
100
AcDbEntity
 67
     0
  8
A_WALL_BLOK-15
  6
Byblock
 62
   256
 60
     0
 48
1.0
370
    -1
100
AcDbLine
 39
0.0
 10
75801.668
 20
22095.3459
 30
0.0
 11
75801.668
 21
22720.3459
 31
0.0
  0
LINE
  5
1329A2
330
1F
100
AcDbEntity
 67
     0
  8
A_WALL_BLOK-15
  6
Byblock
 62
   256
 60
     0
 48
1.0
370
    -1
100
AcDbLine
 39
0.0
 10
75801.668
 20
22820.3459
 30
0.0
 11
75801.668
 21
22920.3459
 31
0.0
  0
LINE
  5
1329A3
330
1F
100
AcDbEntity
 67
     0
  8
A_WALL_BLOK-15
  6
Byblock
 62
   256
 60
     0
 48
1.0
370
    -1
100
AcDbLine
 39
0.0
 10
75921.668
 20
21980.3459
 30
0.0
 11
75921.668
 21
22080.3459
 31
0.0
  0
LINE
  5
1329A4
330
1F
100
AcDbEntity
 67
     0
  8
A_WALL_BLOK-15
  6
Byblock
 62
   256
 60
     0
 48
1.0
370
    -1
100
AcDbLine
 39
0.0
 10
75936.668
 20
21980.3459
 30
0.0
 11
75936.668
 21
22095.3459
 31
0.0
  0
LINE
  5
1329A5
330
1F
100
AcDbEntity
 67
     0
  8
A_WALL_BLOK-15
  6
Byblock
 62
   256
 60
     0
 48
1.0
370
    -1
100
AcDbLine
 39
0.0
 10
75651.668
 20
21980.3459
 30
0.0
 11
75474.168
 21
21980.3459
 31
0.0
  0
LINE
  5
1329A6
330
1F
100
AcDbEntity
 67
     0
  8
A_WALL_BLOK-15
  6
Byblock
 62
   256
 60
     0
 48
1.0
370
    -1
100
AcDbLine
 39
0.0
 10
75651.668
 20
21965.3459
 30
0.0
 11
75474.168
 21
21965.3459
 31
0.0
  0
LINE
  5
1329A8
330
1F
100
AcDbEntity
 67
     0
  8
A_WALL_BLOK-15
  6
Byblock
 62
   256
 60
     0
 48
1.0
370
    -1
100
AcDbLine
 39
0.0
 10
75651.668
 20
21980.3459
 30
0.0
 11
75651.668
 21
22095.3459
 31
0.0
  0
LINE
  5
1329A9
330
1F
100
AcDbEntity
 67
     0
  8
A_WALL_BLOK-15
  6
Byblock
 62
   256
 60
     0
 48
1.0
370
    -1
100
AcDbLine
 39
0.0
 10
76051.668
 20
22200.3459
 30
0.0
 11
76226.668
 21
22200.3459
 31
0.0
  0
LINE
  5
1329AA
330
1F
100
AcDbEntity
 67
     0
  8
A_WALL_BLOK-15
  6
Byblock
 62
   256
 60
     0
 48
1.0
370
    -1
100
AcDbLine
 39
0.0
 10
76052.668
 20
22185.3459
 30
0.0
 11
76226.668
 21
22185.3459
 31
0.0
  0
LINE
  5
1329AB
330
1F
100
AcDbEntity
 67
     0
  8
A_WALL_BLOK-15
  6
Byblock
 62
   256
 60
     0
 48
1.0
370
    -1
100
AcDbLine
 39
0.0
 10
76037.668
 20
21980.3459
 30
0.0
 11
76037.668
 21
22920.3459
 31
0.0
  0
LINE
  5
1329AC
330
1F
100
AcDbEntity
 67
     0
  8
A_WALL_BLOK-15
  6
Byblock
 62
   256
 60
     0
 48
1.0
370
    -1
100
AcDbLine
 39
0.0
 10
76052.668
 20
21980.3459
 30
0.0
 11
76052.668
 21
22185.3459
 31
0.0
  0
LINE
  5
1329AE
330
1F
100
AcDbEntity
 67
     0
  8
A_WALL_BLOK-15
  6
Byblock
 62
   256
 60
     0
 48
1.0
370
    -1
100
AcDbLine
 39
0.0
 10
76052.668
 20
22200.3459
 30
0.0
 11
76052.668
 21
22920.3459
 31
0.0
  0
LINE
  5
1329AF
330
1F
100
AcDbEntity
 67
     0
  8
A_WALL_BLOK-15
  6
Byblock
 62
   256
 60
     0
 48
1.0
370
    -1
100
AcDbLine
 39
0.0
 10
75786.668
 20
22820.3459
 30
0.0
 11
75801.668
 21
22820.3459
 31
0.0
  0
LINE
  5
1329B0
330
1F
100
AcDbEntity
 67
     0
  8
A_WALL_BLOK-15
  6
Byblock
 62
   256
 60
     0
 48
1.0
370
    -1
100
AcDbLine
 39
0.0
 10
75786.668
 20
22720.3459
 30
0.0
 11
75801.668
 21
22720.3459
 31
0.0
  0
INSERT
  5
1329B1
330
1F
100
AcDbEntity
 67
     0
  8
A_ELEV_04
  6
Continuous
 62
   256
 60
     0
 48
1.0
370
    -1
100
AcDbBlockReference
 66
     0
  2
p_klt
 10
44597.0621
 20
23940.1188
 30
0.0
 41
1.0
 42
1.0
 43
1.0
 50
270.0
 70
     0
 71
     0
 44
0.0
 45
0.0
210
0.0
220
0.0
230
1.0
  0
LINE
  5
1329B2
330
1F
100
AcDbEntity
 67
     0
  8
A_FURN_FIX
  6
Continuous
 62
   256
 60
     0
 48
1.0
370
    -1
100
AcDbLine
 39
0.0
 10
75896.668
 20
22830.3459
 30
0.0
 11
75801.668
 21
22830.3459
 31
0.0
  0
LINE
  5
1329B3
330
1F
100
AcDbEntity
 67
     0
  8
A_FURN_FIX
  6
Continuous
 62
   256
 60
     0
 48
1.0
370
    -1
100
AcDbLine
 39
0.0
 10
75866.668
 20
22833.8459
 30
0.0
 11
75801.668
 21
22833.8459
 31
0.0
  0
INSERT
  5
1329B4
330
1F
100
AcDbEntity
 67
     0
  8
A_DOOR_WINDOW
  6
Continuous
 62
   256
 60
     0
 48
1.0
370
    -1
100
AcDbBlockReference
 66
     0
  2
A$C7a0669ab
 10
75622.4167
 20
20955.3477
 30
0.0
 41
1.0
 42
1.0
 43
1.0
 50
0.0
 70
     0
 71
     0
 44
0.0
 45
0.0
210
0.0
220
0.0
230
1.0
  0
LINE
  5
1329B5
330
1F
100
AcDbEntity
 67
     0
  8
A_WALL_BLOK-15
  6
Byblock
 62
   256
 60
     0
 48
1.0
370
    -1
100
AcDbLine
 39
0.0
 10
75733.418
 20
20970.3459
 30
0.0
 11
75733.418
 21
20955.3456
 31
0.0
  0
LINE
  5
1329B6
330
1F
100
AcDbEntity
 67
     0
  8
A_WALL_BLOK-15
  6
Byblock
 62
   256
 60
     0
 48
1.0
370
    -1
100
AcDbLine
 39
0.0
 10
75622.418
 20
20970.3459
 30
0.0
 11
75622.418
 21
20955.3456
 31
0.0
  0
MTEXT
  5
1329B7
330
1F
100
AcDbEntity
 67
     0
  8
A_TXT_ROOM
  6
Continuous
 62
   256
 60
     0
 48
1.0
370
    -1
100
AcDbMText
 10
76117.5955
 20
22139.6189
 30
0.0
210
0.0
220
0.0
230
1.0
 40
25.0
 41
150.8989
 50
0.0
 71
     1
 72
     5
  1
DEPO\P4 m2
  7
ARIEL50S
 11
1.0
 21
-0.0
 31
0.0
 42
94.7135
 73
     1
 44
1.0
 90
        0
 75
     0
 78
     0
 79
     0
 48
0.0
 49
0.0
  0
MTEXT
  5
1329B9
330
1F
100
AcDbEntity
 67
     0
  8
A_TXT_ROOM
  6
Continuous
 62
   256
 60
     0
 48
1.0
370
    -1
100
AcDbMText
 10
75489.309
 20
21888.1637
 30
0.0
210
0.0
220
0.0
230
1.0
 40
25.0
 41
202.6782
 50
0.0
 71
     1
 72
     5
  1
KOSTÜM\PODASI\P10 m2
  7
ARIEL50S
 11
1.0
 21
-0.0
 31
0.0
 42
144.2019
 73
     1
 44
1.0
 90
        0
 75
     0
 78
     0
 79
     0
 48
0.0
 49
0.0
  0
MTEXT
  5
1329BB
330
1F
100
AcDbEntity
 67
     0
  8
A_TXT_ROOM
  6
Continuous
 62
   256
 60
     0
 48
1.0
370
    -1
100
AcDbMText
 10
75845.103
 20
21480.4472
 30
0.0
210
0.0
220
0.0
230
1.0
 40
25.0
 41
304.5793
 50
0.0
 71
     1
 72
     5
  1
BEDEN EĞİTİM \POFİS 10.60 m2
  7
ARIEL50S
 11
1.0
 21
-0.0
 31
0.0
 42
245.1228
 73
     1
 44
1.0
 90
        0
 75
     0
 78
     0
 79
     0
 48
0.0
 49
0.0
  0
MTEXT
  5
1329BD
330
1F
100
AcDbEntity
 67
     0
  8
A_TXT_ROOM
  6
Continuous
 62
   256
 60
     0
 48
1.0
370
    -1
100
AcDbMText
 10
75500.3865
 20
21090.9637
 30
0.0
210
0.0
220
0.0
230
1.0
 40
25.0
 41
416.2559
 50
0.0
 71
     1
 72
     5
  1
İBADETHANE/MESCİD\P7.50 m2
  7
ARIEL50S
 11
1.0
 21
-0.0
 31
0.0
 42
363.8302
 73
     1
 44
1.0
 90
        0
 75
     0
 78
     0
 79
     0
 48
0.0
 49
0.0
  0
INSERT
  5
1329BF
330
1F
100
AcDbEntity
 67
     0
  8
A_INT_STAIR
  6
Continuous
 62
   256
 60
     0
 48
1.0
370
    -1
100
AcDbBlockReference
 66
     0
  2
A$C0d0f490b
 10
76390.9128
 20
21906.317
 30
0.0
 41
1.0
 42
1.0
 43
1.0
 50
0.0
 70
     0
 71
     0
 44
0.0
 45
0.0
210
0.0
220
0.0
230
1.0
  0
INSERT
  5
1329C0
330
1F
100
AcDbEntity
 67
     0
  8
A_INT_STAIR
  6
Continuous
 62
   256
 60
     0
 48
1.0
370
    -1
100
AcDbBlockReference
 66
     0
  2
A$C519f2308
 10
76006.668
 20
20949.881
 30
0.0
 41
1.0
 42
1.0
 43
1.0
 50
0.0
 70
     0
 71
     0
 44
0.0
 45
0.0
210
0.0
220
0.0
230
1.0
  0
LINE
  5
1329C1
330
1F
100
AcDbEntity
 67
     0
  8
Ersa Tefriş
  6
Continuous
 62
   256
 60
     0
 48
1.0
370
    -1
100
AcDbLine
 39
0.0
 10
75526.668
 20
22215.3459
 30
0.0
 11
75526.668
 21
21980.3459
 31
0.0
  0
INSERT
  5
1329C2
330
1F
100
AcDbEntity
 67
     0
  8
K1
  6
Continuous
 62
   256
 60
     0
 48
1.0
370
    -1
100
AcDbBlockReference
 66
     0
  2
90
 10
-49157.6491
 20
-29372.0051
 30
0.0
 41
1.0
 42
1.0
 43
1.0
 50
0.0
 70
     0
 71
     0
 44
0.0
 45
0.0
210
0.0
220
0.0
230
1.0
  0
TEXT
  5
1329C3
330
1F
100
AcDbEntity
 67
     0
  8
K1
  6
Continuous
 62
   256
 60
     0
 48
1.0
370
    -1
100
AcDbText
  1
90/220
 10
75603.0263
 20
21994.9519
 30
0.0
 39
0.0
 40
9.9
 50
360.0
  7
Standard
100
AcDbText
  0
TEXT
  5
1329C4
330
1F
100
AcDbEntity
 67
     0
  8
Ersa Tefriş
  6
Continuous
 62
   256
 60
     0
 48
1.0
370
    -1
100
AcDbText
  1
dolap
 10
75492.2045
 20
22142.1616
 30
0.0
 39
0.0
 40
9.9
 50
360.0
  7
Standard
100
AcDbText
  0
LWPOLYLINE
  5
1329C5
330
1F
100
AcDbEntity
 67
     0
  8
M-DU-03
  6
Continuous
 62
   256
 60
     0
 48
1.0
370
    -1
100
AcDbPolyline
 90
        2
 10
75786.668
 20
22605.3459
 10
75660.668
 20
22605.3459
  0
LINE
  5
1329C6
330
1F
100
AcDbEntity
 67
     0
  8
M-DU-03
  6
Continuous
 62
   256
 60
     0
 48
1.0
370
    -1
100
AcDbLine
 39
0.0
 10
75660.668
 20
22614.3459
 30
0.0
 11
75606.1307
 21
22645.833
 31
0.0
  0
LINE
  5
1329C7
330
1F
100
AcDbEntity
 67
     0
  8
M-DU-03
  6
Continuous
 62
   256
 60
     0
 48
1.0
370
    -1
100
AcDbLine
 39
0.0
 10
75661.568
 20
22615.9047
 30
0.0
 11
75607.0307
 21
22647.3918
 31
0.0
  0
ARC
  5
1329C8
330
1F
100
AcDbEntity
 67
     0
  8
M-DU-03
  6
DASHED
 62
   256
 60
     0
 48
50.0
370
    -1
100
AcDbCircle
 39
0.0
 10
75660.6437
 20
22614.4394
 30
0.0
 40
62.9065
100
AcDbArc
 50
89.9778
 51
150.0627
  0
LWPOLYLINE
  5
1329C9
330
1F
100
AcDbEntity
 67
     0
  8
M-DU-03
  6
Continuous
 62
   256
 60
     0
 48
1.0
370
    -1
100
AcDbPolyline
 90
        2
 10
75786.668
 20
22515.3459
 10
75660.668
 20
22515.3459
  0
LINE
  5
1329CA
330
1F
100
AcDbEntity
 67
     0
  8
M-DU-03
  6
Continuous
 62
   256
 60
     0
 48
1.0
370
    -1
100
AcDbLine
 39
0.0
 10
75660.668
 20
22524.3459
 30
0.0
 11
75606.1307
 21
22555.833
 31
0.0
  0
LINE
  5
1329CB
330
1F
100
AcDbEntity
 67
     0
  8
M-DU-03
  6
Continuous
 62
   256
 60
     0
 48
1.0
370
    -1
100
AcDbLine
 39
0.0
 10
75661.568
 20
22525.9047
 30
0.0
 11
75607.0307
 21
22557.3918
 31
0.0
  0
ARC
  5
1329CC
330
1F
100
AcDbEntity
 67
     0
  8
M-DU-03
  6
DASHED
 62
   256
 60
     0
 48
50.0
370
    -1
100
AcDbCircle
 39
0.0
 10
75660.6437
 20
22524.4394
 30
0.0
 40
62.9065
100
AcDbArc
 50
89.9778
 51
150.0627
  0
LWPOLYLINE
  5
1329CD
330
1F
100
AcDbEntity
 67
     0
  8
M-DU-03
  6
Continuous
 62
   256
 60
     0
 48
1.0
370
    -1
100
AcDbPolyline
 90
        3
 10
75786.668
 20
22425.3459
 10
75660.668
 20
22425.3459
 10
75660.668
 20
22695.3459
  0
LINE
  5
1329CE
330
1F
100
AcDbEntity
 67
     0
  8
M-DU-03
  6
Continuous
 62
   256
 60
     0
 48
1.0
370
    -1
100
AcDbLine
 39
0.0
 10
75660.668
 20
22434.3459
 30
0.0
 11
75606.1307
 21
22465.833
 31
0.0
  0
LINE
  5
1329CF
330
1F
100
AcDbEntity
 67
     0
  8
M-DU-03
  6
Continuous
 62
   256
 60
     0
 48
1.0
370
    -1
100
AcDbLine
 39
0.0
 10
75661.568
 20
22435.9047
 30
0.0
 11
75607.0307
 21
22467.3918
 31
0.0
  0
ARC
  5
1329D0
330
1F
100
AcDbEntity
 67
     0
  8
M-DU-03
  6
DASHED
 62
   256
 60
     0
 48
50.0
370
    -1
100
AcDbCircle
 39
0.0
 10
75660.6437
 20
22434.4394
 30
0.0
 40
62.9065
100
AcDbArc
 50
89.9778
 51
150.0627
  0
LWPOLYLINE
  5
1329D1
330
1F
100
AcDbEntity
 67
     0
  8
TEFRIŞ20
  6
Continuous
 62
   256
 60
     0
 48
0.1
370
    -1
100
AcDbPolyline
 90
        2
 10
75732.668
 20
22425.3459
 10
75732.668
 20
22095.3459
  0
LINE
  5
1329D3
330
1F
100
AcDbEntity
 67
     0
  8
TEFRIŞ20
  6
Continuous
 62
   256
 60
     0
 48
0.1
370
    -1
100
AcDbLine
 39
0.0
 10
75756.668
 20
22313.66
 30
0.0
 11
75756.668
 21
22292.66
 31
0.0
  0
LINE
  5
1329D4
330
1F
100
AcDbEntity
 67
     0
  8
TEFRIŞ20
  6
Continuous
 62
   256
 60
     0
 48
0.1
370
    -1
100
AcDbLine
 39
0.0
 10
75751.668
 20
22313.66
 30
0.0
 11
75751.668
 21
22292.66
 31
0.0
  0
LINE
  5
1329D7
330
1F
100
AcDbEntity
 67
     0
  8
TEFRIŞ20
  6
Continuous
 62
   256
 60
     0
 48
0.1
370
    -1
100
AcDbLine
 39
0.0
 10
75781.668
 20
22285.66
 30
0.0
 11
75781.668
 21
22320.66
 31
0.0
  0
ARC
  5
1329DA
330
1F
100
AcDbEntity
 67
     0
  8
TEFRIŞ20
  6
Continuous
 62
   256
 60
     0
 48
0.1
370
    -1
100
AcDbCircle
 39
0.0
 10
75763.668
 20
22355.66
 30
0.0
 40
7.0
100
AcDbArc
 50
180.0
 51
270.0
  0
ARC
  5
1329DB
330
1F
100
AcDbEntity
 67
     0
  8
TEFRIŞ20
  6
Continuous
 62
   256
 60
     0
 48
0.1
370
    -1
100
AcDbCircle
 39
0.0
 10
75763.668
 20
22355.66
 30
0.0
 40
12.0
100
AcDbArc
 50
180.0
 51
270.0
  0
ARC
  5
1329E0
330
1F
100
AcDbEntity
 67
     0
  8
TEFRIŞ20
  6
Continuous
 62
   256
 60
     0
 48
0.1
370
    -1
100
AcDbCircle
 39
0.0
 10
75763.668
 20
22313.66
 30
0.0
 40
12.0
100
AcDbArc
 50
90.0
 51
180.0
  0
ARC
  5
1329E1
330
1F
100
AcDbEntity
 67
     0
  8
TEFRIŞ20
  6
Continuous
 62
   256
 60
     0
 48
0.1
370
    -1
100
AcDbCircle
 39
0.0
 10
75763.668
 20
22313.66
 30
0.0
 40
7.0
100
AcDbArc
 50
90.0
 51
180.0
  0
ARC
  5
1329E3
330
1F
100
AcDbEntity
 67
     0
  8
TEFRIŞ20
  6
Continuous
 62
   256
 60
     0
 48
0.1
370
    -1
100
AcDbCircle
 39
0.0
 10
75763.668
 20
22376.66
 30
0.0
 40
12.0
100
AcDbArc
 50
90.0
 51
180.0
  0
ARC
  5
1329E4
330
1F
100
AcDbEntity
 67
     0
  8
TEFRIŞ20
  6
Continuous
 62
   256
 60
     0
 48
0.1
370
    -1
100
AcDbCircle
 39
0.0
 10
75763.668
 20
22376.66
 30
0.0
 40
7.0
100
AcDbArc
 50
90.0
 51
180.0
  0
LINE
  5
1329E6
330
1F
100
AcDbEntity
 67
     0
  8
TEFRIŞ20
  6
Continuous
 62
   256
 60
     0
 48
0.1
370
    -1
100
AcDbLine
 39
0.0
 10
75756.668
 20
22376.66
 30
0.0
 11
75756.668
 21
22355.66
 31
0.0
  0
LINE
  5
1329E7
330
1F
100
AcDbEntity
 67
     0
  8
TEFRIŞ20
  6
Continuous
 62
   256
 60
     0
 48
0.1
370
    -1
100
AcDbLine
 39
0.0
 10
75751.668
 20
22376.66
 30
0.0
 11
75751.668
 21
22355.66
 31
0.0
  0
LINE
  5
1329EA
330
1F
100
AcDbEntity
 67
     0
  8
TEFRIŞ20
  6
Continuous
 62
   256
 60
     0
 48
0.1
370
    -1
100
AcDbLine
 39
0.0
 10
75781.668
 20
22348.66
 30
0.0
 11
75781.668
 21
22383.66
 31
0.0
  0
LINE
  5
1329F0
330
1F
100
AcDbEntity
 67
     0
  8
TEFRIŞ20
  6
Continuous
 62
   256
 60
     0
 48
0.1
370
    -1
100
AcDbLine
 39
0.0
 10
75781.668
 20
22366.16
 30
0.0
 11
75773.54
 21
22366.16
 31
0.0
  0
LINE
  5
1329F1
330
1F
100
AcDbEntity
 67
     0
  8
TEFRIŞ20
  6
Continuous
 62
   256
 60
     0
 48
0.1
370
    -1
100
AcDbLine
 39
0.0
 10
75777.2598
 20
22362.3826
 30
0.0
 11
75777.2598
 21
22370.0931
 31
0.0
  0
CIRCLE
  5
1329F2
330
1F
100
AcDbEntity
 67
     0
  8
TEFRIŞ20
  6
Continuous
 62
   256
 60
     0
 48
0.1
370
    -1
100
AcDbCircle
 39
0.0
 10
75777.2598
 20
22366.16
 30
0.0
 40
2.657
  0
LINE
  5
1329F4
330
1F
100
AcDbEntity
 67
     0
  8
TEFRIŞ20
  6
Continuous
 62
   256
 60
     0
 48
0.1
370
    -1
100
AcDbLine
 39
0.0
 10
75781.668
 20
22383.66
 30
0.0
 11
75763.668
 21
22383.66
 31
0.0
  0
LINE
  5
1329F8
330
1F
100
AcDbEntity
 67
     0
  8
TEFRIŞ20
  6
Continuous
 62
   256
 60
     0
 48
0.1
370
    -1
100
AcDbLine
 39
0.0
 10
75763.668
 20
22343.66
 30
0.0
 11
75786.668
 21
22343.66
 31
0.0
  0
LINE
  5
1329F9
330
1F
100
AcDbEntity
 67
     0
  8
TEFRIŞ20
  6
Continuous
 62
   256
 60
     0
 48
0.1
370
    -1
100
AcDbLine
 39
0.0
 10
75763.668
 20
22348.66
 30
0.0
 11
75781.668
 21
22348.66
 31
0.0
  0
LINE
  5
1329FA
330
1F
100
AcDbEntity
 67
     0
  8
TEFRIŞ20
  6
Continuous
 62
   256
 60
     0
 48
0.1
370
    -1
100
AcDbLine
 39
0.0
 10
75781.668
 20
22320.66
 30
0.0
 11
75763.668
 21
22320.66
 31
0.0
  0
LINE
  5
1329FB
330
1F
100
AcDbEntity
 67
     0
  8
TEFRIŞ20
  6
Continuous
 62
   256
 60
     0
 48
0.1
370
    -1
100
AcDbLine
 39
0.0
 10
75786.668
 20
22325.66
 30
0.0
 11
75763.668
 21
22325.66
 31
0.0
  0
ARC
  5
132A00
330
1F
100
AcDbEntity
 67
     0
  8
TEFRIŞ20
  6
Continuous
 62
   256
 60
     0
 48
0.1
370
    -1
100
AcDbCircle
 39
0.0
 10
75763.668
 20
22292.66
 30
0.0
 40
12.0
100
AcDbArc
 50
180.0
 51
270.0
  0
ARC
  5
132A01
330
1F
100
AcDbEntity
 67
     0
  8
TEFRIŞ20
  6
Continuous
 62
   256
 60
     0
 48
0.1
370
    -1
100
AcDbCircle
 39
0.0
 10
75763.668
 20
22292.66
 30
0.0
 40
7.0
100
AcDbArc
 50
180.0
 51
270.0
  0
LINE
  5
132A03
330
1F
100
AcDbEntity
 67
     0
  8
TEFRIŞ20
  6
Continuous
 62
   256
 60
     0
 48
0.1
370
    -1
100
AcDbLine
 39
0.0
 10
75777.2598
 20
22299.3826
 30
0.0
 11
75777.2598
 21
22307.0931
 31
0.0
  0
CIRCLE
  5
132A04
330
1F
100
AcDbEntity
 67
     0
  8
TEFRIŞ20
  6
Continuous
 62
   256
 60
     0
 48
0.1
370
    -1
100
AcDbCircle
 39
0.0
 10
75777.2598
 20
22303.16
 30
0.0
 40
2.657
  0
LINE
  5
132A06
330
1F
100
AcDbEntity
 67
     0
  8
TEFRIŞ20
  6
Continuous
 62
   256
 60
     0
 48
0.1
370
    -1
100
AcDbLine
 39
0.0
 10
75781.668
 20
22303.16
 30
0.0
 11
75773.54
 21
22303.16
 31
0.0
  0
LINE
  5
132A08
330
1F
100
AcDbEntity
 67
     0
  8
TEFRIŞ20
  6
Continuous
 62
   256
 60
     0
 48
0.1
370
    -1
100
AcDbLine
 39
0.0
 10
75763.668
 20
22285.66
 30
0.0
 11
75781.668
 21
22285.66
 31
0.0
  0
LINE
  5
132A09
330
1F
100
AcDbEntity
 67
     0
  8
TEFRIŞ20
  6
Continuous
 62
   256
 60
     0
 48
0.1
370
    -1
100
AcDbLine
 39
0.0
 10
75763.668
 20
22280.66
 30
0.0
 11
75786.668
 21
22280.66
 31
0.0
  0
LINE
  5
132A0D
330
1F
100
AcDbEntity
 67
     0
  8
TEFRIŞ20
  6
Continuous
 62
   256
 60
     0
 48
0.1
370
    -1
100
AcDbLine
 39
0.0
 10
75786.668
 20
22388.66
 30
0.0
 11
75763.668
 21
22388.66
 31
0.0
  0
INSERT
  5
132A0E
330
1F
100
AcDbEntity
 67
     0
  8
Urinal
  6
Continuous
 62
   256
 60
     0
 48
1.0
370
    -1
100
AcDbBlockReference
 66
     0
  2
klozet1
 10
75756.5077
 20
22650.3176
 30
0.0
 41
90.0
 42
90.0
 43
90.0
 50
269.9908
 70
     0
 71
     0
 44
0.0
 45
0.0
210
0.0
220
0.0
230
1.0
  0
INSERT
  5
132A0F
330
1F
100
AcDbEntity
 67
     0
  8
Urinal
  6
Continuous
 62
   256
 60
     0
 48
1.0
370
    -1
100
AcDbBlockReference
 66
     0
  2
klozet1
 10
75756.5077
 20
22560.3176
 30
0.0
 41
90.0
 42
90.0
 43
90.0
 50
269.9908
 70
     0
 71
     0
 44
0.0
 45
0.0
210
0.0
220
0.0
230
1.0
  0
INSERT
  5
132A10
330
1F
100
AcDbEntity
 67
     0
  8
Urinal
  6
Continuous
 62
   256
 60
     0
 48
1.0
370
    -1
100
AcDbBlockReference
 66
     0
  2
klozet1
 10
75756.5077
 20
22470.3176
 30
0.0
 41
90.0
 42
90.0
 43
90.0
 50
269.9908
 70
     0
 71
     0
 44
0.0
 45
0.0
210
0.0
220
0.0
230
1.0
  0
LINE
  5
132A11
330
1F
100
AcDbEntity
 67
     0
  8
TEFRIŞ20
  6
Continuous
 62
   256
 60
     0
 48
0.1
370
    -1
100
AcDbLine
 39
0.0
 10
75751.668
 20
22250.66
 30
0.0
 11
75751.668
 21
22229.66
 31
0.0
  0
LINE
  5
132A12
330
1F
100
AcDbEntity
 67
     0
  8
TEFRIŞ20
  6
Continuous
 62
   256
 60
     0
 48
0.1
370
    -1
100
AcDbLine
 39
0.0
 10
75756.668
 20
22250.66
 30
0.0
 11
75756.668
 21
22229.66
 31
0.0
  0
LINE
  5
132A18
330
1F
100
AcDbEntity
 67
     0
  8
TEFRIŞ20
  6
Continuous
 62
   256
 60
     0
 48
0.1
370
    -1
100
AcDbLine
 39
0.0
 10
75781.668
 20
22222.66
 30
0.0
 11
75781.668
 21
22257.66
 31
0.0
  0
ARC
  5
132A19
330
1F
100
AcDbEntity
 67
     0
  8
TEFRIŞ20
  6
Continuous
 62
   256
 60
     0
 48
0.1
370
    -1
100
AcDbCircle
 39
0.0
 10
75763.668
 20
22250.66
 30
0.0
 40
12.0
100
AcDbArc
 50
90.0
 51
180.0
  0
ARC
  5
132A1C
330
1F
100
AcDbEntity
 67
     0
  8
TEFRIŞ20
  6
Continuous
 62
   256
 60
     0
 48
0.1
370
    -1
100
AcDbCircle
 39
0.0
 10
75763.668
 20
22250.66
 30
0.0
 40
7.0
100
AcDbArc
 50
90.0
 51
180.0
  0
LINE
  5
132A1D
330
1F
100
AcDbEntity
 67
     0
  8
TEFRIŞ20
  6
Continuous
 62
   256
 60
     0
 48
0.1
370
    -1
100
AcDbLine
 39
0.0
 10
75781.668
 20
22257.66
 30
0.0
 11
75763.668
 21
22257.66
 31
0.0
  0
LINE
  5
132A20
330
1F
100
AcDbEntity
 67
     0
  8
TEFRIŞ20
  6
Continuous
 62
   256
 60
     0
 48
0.1
370
    -1
100
AcDbLine
 39
0.0
 10
75786.668
 20
22262.66
 30
0.0
 11
75763.668
 21
22262.66
 31
0.0
  0
ARC
  5
132A21
330
1F
100
AcDbEntity
 67
     0
  8
TEFRIŞ20
  6
Continuous
 62
   256
 60
     0
 48
0.1
370
    -1
100
AcDbCircle
 39
0.0
 10
75763.668
 20
22229.66
 30
0.0
 40
12.0
100
AcDbArc
 50
180.0
 51
270.0
  0
ARC
  5
132A24
330
1F
100
AcDbEntity
 67
     0
  8
TEFRIŞ20
  6
Continuous
 62
   256
 60
     0
 48
0.1
370
    -1
100
AcDbCircle
 39
0.0
 10
75763.668
 20
22229.66
 30
0.0
 40
7.0
100
AcDbArc
 50
180.0
 51
270.0
  0
CIRCLE
  5
132A25
330
1F
100
AcDbEntity
 67
     0
  8
TEFRIŞ20
  6
Continuous
 62
   256
 60
     0
 48
0.1
370
    -1
100
AcDbCircle
 39
0.0
 10
75777.2598
 20
22240.16
 30
0.0
 40
2.657
  0
LINE
  5
132A26
330
1F
100
AcDbEntity
 67
     0
  8
TEFRIŞ20
  6
Continuous
 62
   256
 60
     0
 48
0.1
370
    -1
100
AcDbLine
 39
0.0
 10
75777.2598
 20
22236.3826
 30
0.0
 11
75777.2598
 21
22244.0931
 31
0.0
  0
LINE
  5
132A2A
330
1F
100
AcDbEntity
 67
     0
  8
TEFRIŞ20
  6
Continuous
 62
   256
 60
     0
 48
0.1
370
    -1
100
AcDbLine
 39
0.0
 10
75781.668
 20
22240.16
 30
0.0
 11
75773.54
 21
22240.16
 31
0.0
  0
LINE
  5
132A2B
330
1F
100
AcDbEntity
 67
     0
  8
TEFRIŞ20
  6
Continuous
 62
   256
 60
     0
 48
0.1
370
    -1
100
AcDbLine
 39
0.0
 10
75763.668
 20
22222.66
 30
0.0
 11
75781.668
 21
22222.66
 31
0.0
  0
LINE
  5
132A2C
330
1F
100
AcDbEntity
 67
     0
  8
TEFRIŞ20
  6
Continuous
 62
   256
 60
     0
 48
0.1
370
    -1
100
AcDbLine
 39
0.0
 10
75763.668
 20
22217.66
 30
0.0
 11
75786.668
 21
22217.66
 31
0.0
  0
LINE
  5
132A31
330
1F
100
AcDbEntity
 67
     0
  8
TEFRIŞ20
  6
Continuous
 62
   256
 60
     0
 48
0.1
370
    -1
100
AcDbLine
 39
0.0
 10
75751.668
 20
22187.66
 30
0.0
 11
75751.668
 21
22166.66
 31
0.0
  0
LINE
  5
132A32
330
1F
100
AcDbEntity
 67
     0
  8
TEFRIŞ20
  6
Continuous
 62
   256
 60
     0
 48
0.1
370
    -1
100
AcDbLine
 39
0.0
 10
75756.668
 20
22187.66
 30
0.0
 11
75756.668
 21
22166.66
 31
0.0
  0
LINE
  5
132A36
330
1F
100
AcDbEntity
 67
     0
  8
TEFRIŞ20
  6
Continuous
 62
   256
 60
     0
 48
0.1
370
    -1
100
AcDbLine
 39
0.0
 10
75781.668
 20
22159.66
 30
0.0
 11
75781.668
 21
22194.66
 31
0.0
  0
ARC
  5
132A39
330
1F
100
AcDbEntity
 67
     0
  8
TEFRIŞ20
  6
Continuous
 62
   256
 60
     0
 48
0.1
370
    -1
100
AcDbCircle
 39
0.0
 10
75763.668
 20
22187.66
 30
0.0
 40
12.0
100
AcDbArc
 50
90.0
 51
180.0
  0
ARC
  5
132A3A
330
1F
100
AcDbEntity
 67
     0
  8
TEFRIŞ20
  6
Continuous
 62
   256
 60
     0
 48
0.1
370
    -1
100
AcDbCircle
 39
0.0
 10
75763.668
 20
22187.66
 30
0.0
 40
7.0
100
AcDbArc
 50
90.0
 51
180.0
  0
LINE
  5
132A3D
330
1F
100
AcDbEntity
 67
     0
  8
TEFRIŞ20
  6
Continuous
 62
   256
 60
     0
 48
0.1
370
    -1
100
AcDbLine
 39
0.0
 10
75781.668
 20
22194.66
 30
0.0
 11
75763.668
 21
22194.66
 31
0.0
  0
LINE
  5
132A3E
330
1F
100
AcDbEntity
 67
     0
  8
TEFRIŞ20
  6
Continuous
 62
   256
 60
     0
 48
0.1
370
    -1
100
AcDbLine
 39
0.0
 10
75786.668
 20
22199.66
 30
0.0
 11
75763.668
 21
22199.66
 31
0.0
  0
ARC
  5
132A3F
330
1F
100
AcDbEntity
 67
     0
  8
TEFRIŞ20
  6
Continuous
 62
   256
 60
     0
 48
0.1
370
    -1
100
AcDbCircle
 39
0.0
 10
75763.668
 20
22166.66
 30
0.0
 40
12.0
100
AcDbArc
 50
180.0
 51
270.0
  0
ARC
  5
132A40
330
1F
100
AcDbEntity
 67
     0
  8
TEFRIŞ20
  6
Continuous
 62
   256
 60
     0
 48
0.1
370
    -1
100
AcDbCircle
 39
0.0
 10
75763.668
 20
22166.66
 30
0.0
 40
7.0
100
AcDbArc
 50
180.0
 51
270.0
  0
LINE
  5
132A44
330
1F
100
AcDbEntity
 67
     0
  8
TEFRIŞ20
  6
Continuous
 62
   256
 60
     0
 48
0.1
370
    -1
100
AcDbLine
 39
0.0
 10
75777.2598
 20
22173.3826
 30
0.0
 11
75777.2598
 21
22181.0931
 31
0.0
  0
CIRCLE
  5
132A45
330
1F
100
AcDbEntity
 67
     0
  8
TEFRIŞ20
  6
Continuous
 62
   256
 60
     0
 48
0.1
370
    -1
100
AcDbCircle
 39
0.0
 10
75777.2598
 20
22177.16
 30
0.0
 40
2.657
  0
LINE
  5
132A47
330
1F
100
AcDbEntity
 67
     0
  8
TEFRIŞ20
  6
Continuous
 62
   256
 60
     0
 48
0.1
370
    -1
100
AcDbLine
 39
0.0
 10
75781.668
 20
22177.16
 30
0.0
 11
75773.54
 21
22177.16
 31
0.0
  0
LINE
  5
132A49
330
1F
100
AcDbEntity
 67
     0
  8
TEFRIŞ20
  6
Continuous
 62
   256
 60
     0
 48
0.1
370
    -1
100
AcDbLine
 39
0.0
 10
75763.668
 20
22159.66
 30
0.0
 11
75781.668
 21
22159.66
 31
0.0
  0
LINE
  5
132A4A
330
1F
100
AcDbEntity
 67
     0
  8
TEFRIŞ20
  6
Continuous
 62
   256
 60
     0
 48
0.1
370
    -1
100
AcDbLine
 39
0.0
 10
75763.668
 20
22154.66
 30
0.0
 11
75786.668
 21
22154.66
 31
0.0
  0
MTEXT
  5
132A4D
330
1F
100
AcDbEntity
 67
     0
  8
A_TXT_ROOM
  6
Continuous
 62
   256
 60
     0
 48
1.0
370
    -1
100
AcDbMText
 10
75500.3001
 20
22451.6928
 30
0.0
210
0.0
220
0.0
230
1.0
 40
25.0
 41
249.811
 50
0.0
 71
     1
 72
     5
  1
ERKEK WC\P20.50 m2
  7
ARIEL50S
 11
1.0
 21
-0.0
 31
0.0
 42
182.1453
 73
     1
 44
1.0
 90
        0
 75
     0
 78
     0
 79
     0
 48
0.0
 49
0.0
  0
LINE
  5
132A54
330
1F
100
AcDbEntity
 67
     0
  8
BG-COV-MRT
  6
Byblock
 62
     7
 60
     0
 48
1.0
370
    -1
100
AcDbLine
 39
0.0
 10
75905.168
 20
22551.8459
 30
0.0
 11
75945.168
 21
22551.8459
 31
0.0
  0
LINE
  5
132A57
330
1F
100
AcDbEntity
 67
     0
  8
S-KOLON
  6
Continuous
 62
     0
 60
     0
 48
0.5
370
    -2
100
AcDbLine
 39
0.0
 10
75945.168
 20
22481.8459
 30
0.0
 11
75945.168
 21
22551.8459
 31
0.0
  0
LWPOLYLINE
  5
132A58
330
1F
100
AcDbEntity
 67
     0
  8
S-KOLON
  6
Continuous
 62
     0
 60
     0
 48
0.5
370
    -2
100
AcDbPolyline
 90
        2
 10
75905.168
 20
22551.8459
 10
75905.168
 20
22481.8459
  0
LWPOLYLINE
  5
132A59
330
1F
100
AcDbEntity
 67
     0
  8
M-DU-03
  6
Continuous
 62
   256
 60
     0
 48
1.0
370
    -1
100
AcDbPolyline
 90
        2
 10
75801.668
 20
22387.3459
 10
75927.668
 20
22387.3459
  0
LINE
  5
132A5A
330
1F
100
AcDbEntity
 67
     0
  8
M-DU-03
  6
Continuous
 62
   256
 60
     0
 48
1.0
370
    -1
100
AcDbLine
 39
0.0
 10
75927.668
 20
22400.8459
 30
0.0
 11
75982.2053
 21
22432.333
 31
0.0
  0
LINE
  5
132A5B
330
1F
100
AcDbEntity
 67
     0
  8
M-DU-03
  6
Continuous
 62
   256
 60
     0
 48
1.0
370
    -1
100
AcDbLine
 39
0.0
 10
75926.768
 20
22402.4047
 30
0.0
 11
75981.3053
 21
22433.8918
 31
0.0
  0
ARC
  5
132A5C
330
1F
100
AcDbEntity
 67
     0
  8
M-DU-03
  6
DASHED
 62
   256
 60
     0
 48
50.0
370
    -1
100
AcDbCircle
 39
0.0
 10
75927.6924
 20
22400.9394
 30
0.0
 40
62.9065
100
AcDbArc
 50
29.9373
 51
90.0222
  0
LINE
  5
132A5D
330
1F
100
AcDbEntity
 67
     0
  8
M-DU-03
  6
Continuous
 62
   256
 60
     0
 48
1.0
370
    -1
100
AcDbLine
 39
0.0
 10
75927.668
 20
22310.8459
 30
0.0
 11
75982.2053
 21
22342.333
 31
0.0
  0
LINE
  5
132A5E
330
1F
100
AcDbEntity
 67
     0
  8
M-DU-03
  6
Continuous
 62
   256
 60
     0
 48
1.0
370
    -1
100
AcDbLine
 39
0.0
 10
75926.768
 20
22312.4047
 30
0.0
 11
75981.3053
 21
22343.8918
 31
0.0
  0
ARC
  5
132A5F
330
1F
100
AcDbEntity
 67
     0
  8
M-DU-03
  6
DASHED
 62
   256
 60
     0
 48
50.0
370
    -1
100
AcDbCircle
 39
0.0
 10
75927.6924
 20
22310.9394
 30
0.0
 40
62.9065
100
AcDbArc
 50
29.9373
 51
90.0222
  0
LINE
  5
132A60
330
1F
100
AcDbEntity
 67
     0
  8
M-DU-03
  6
Continuous
 62
   256
 60
     0
 48
1.0
370
    -1
100
AcDbLine
 39
0.0
 10
75927.668
 20
22220.8459
 30
0.0
 11
75982.2053
 21
22252.333
 31
0.0
  0
LINE
  5
132A61
330
1F
100
AcDbEntity
 67
     0
  8
M-DU-03
  6
Continuous
 62
   256
 60
     0
 48
1.0
370
    -1
100
AcDbLine
 39
0.0
 10
75926.768
 20
22222.4047
 30
0.0
 11
75981.3053
 21
22253.8918
 31
0.0
  0
ARC
  5
132A62
330
1F
100
AcDbEntity
 67
     0
  8
M-DU-03
  6
DASHED
 62
   256
 60
     0
 48
50.0
370
    -1
100
AcDbCircle
 39
0.0
 10
75927.6924
 20
22220.9394
 30
0.0
 40
62.9065
100
AcDbArc
 50
29.9373
 51
90.0222
  0
LWPOLYLINE
  5
132A63
330
1F
100
AcDbEntity
 67
     0
  8
Ersa Tefriş
  6
Continuous
 62
   256
 60
     0
 48
1.0
370
    -1
100
AcDbPolyline
 90
        4
 10
75905.168
 20
22522.3459
 10
75842.168
 20
22522.3459
 10
75842.168
 20
22612.3459
 10
75801.668
 20
22612.3459
  0
LINE
  5
132A64
330
1F
100
AcDbEntity
 67
     0
  8
M-DU-03
  6
Continuous
 62
   256
 60
     0
 48
1.0
370
    -1
100
AcDbLine
 39
0.0
 10
75927.668
 20
22117.1336
 30
0.0
 11
75982.2053
 21
22148.6208
 31
0.0
  0
LINE
  5
132A65
330
1F
100
AcDbEntity
 67
     0
  8
M-DU-03
  6
Continuous
 62
   256
 60
     0
 48
1.0
370
    -1
100
AcDbLine
 39
0.0
 10
75926.768
 20
22118.6925
 30
0.0
 11
75981.3053
 21
22150.1796
 31
0.0
  0
ARC
  5
132A66
330
1F
100
AcDbEntity
 67
     0
  8
M-DU-03
  6
DASHED
 62
   256
 60
     0
 48
50.0
370
    -1
100
AcDbCircle
 39
0.0
 10
75927.6924
 20
22117.2272
 30
0.0
 40
62.9065
100
AcDbArc
 50
29.9373
 51
90.0222
  0
INSERT
  5
132A67
330
1F
100
AcDbEntity
 67
     0
  8
Urinal
  6
Continuous
 62
   256
 60
     0
 48
1.0
370
    -1
100
AcDbBlockReference
 66
     0
  2
klozet1
 10
75831.8284
 20
22428.2558
 30
0.0
 41
-90.0
 42
90.0
 43
90.0
 50
90.0092
 70
     0
 71
     0
 44
0.0
 45
0.0
210
0.0
220
0.0
230
1.0
  0
INSERT
  5
132A68
330
1F
100
AcDbEntity
 67
     0
  8
Urinal
  6
Continuous
 62
   256
 60
     0
 48
1.0
370
    -1
100
AcDbBlockReference
 66
     0
  2
klozet1
 10
75831.8284
 20
22340.0676
 30
0.0
 41
-90.0
 42
90.0
 43
90.0
 50
90.0092
 70
     0
 71
     0
 44
0.0
 45
0.0
210
0.0
220
0.0
230
1.0
  0
INSERT
  5
132A69
330
1F
100
AcDbEntity
 67
     0
  8
Urinal
  6
Continuous
 62
   256
 60
     0
 48
1.0
370
    -1
100
AcDbBlockReference
 66
     0
  2
klozet1
 10
75831.8284
 20
22245.5676
 30
0.0
 41
-90.0
 42
90.0
 43
90.0
 50
90.0092
 70
     0
 71
     0
 44
0.0
 45
0.0
210
0.0
220
0.0
230
1.0
  0
TEXT
  5
132A6A
330
1F
100
AcDbEntity
 67
     0
  8
Ersa Tefriş
  6
Continuous
 62
   256
 60
     0
 48
1.0
370
    -1
100
AcDbText
  1
dolap
 10
75869.718
 20
22508.4323
 30
0.0
 39
0.0
 40
9.9
 50
360.0
  7
Standard
100
AcDbText
  0
INSERT
  5
132A6B
330
1F
100
AcDbEntity
 67
     0
  8
Urinal
  6
Continuous
 62
   256
 60
     0
 48
1.0
370
    -1
100
AcDbBlockReference
 66
     0
  2
klozet1
 10
75831.8284
 20
22146.0676
 30
0.0
 41
-90.0
 42
90.0
 43
90.0
 50
90.0092
 70
     0
 71
     0
 44
0.0
 45
0.0
210
0.0
220
0.0
230
1.0
  0
LWPOLYLINE
  5
132A6C
330
1F
100
AcDbEntity
 67
     0
  8
M-DU-03
  6
Continuous
 62
   256
 60
     0
 48
1.0
370
    -1
100
AcDbPolyline
 90
        2
 10
75801.668
 20
22292.8459
 10
75927.668
 20
22292.8459
  0
LWPOLYLINE
  5
132A6D
330
1F
100
AcDbEntity
 67
     0
  8
M-DU-03
  6
Continuous
 62
   256
 60
     0
 48
1.0
370
    -1
100
AcDbPolyline
 90
        2
 10
75801.668
 20
22198.3459
 10
75927.668
 20
22198.3459
  0
LWPOLYLINE
  5
132A6E
330
1F
100
AcDbEntity
 67
     0
  8
M-DU-03
  6
Continuous
 62
   256
 60
     0
 48
1.0
370
    -1
100
AcDbPolyline
 90
        2
 10
75927.668
 20
22095.3459
 10
75927.668
 20
22481.8459
  0
LINE
  5
132A6F
330
1F
100
AcDbEntity
 67
     0
  8
TEFRIŞ20
  6
Continuous
 62
   256
 60
     0
 48
0.1
370
    -1
100
AcDbLine
 39
0.0
 10
76002.668
 20
22835.66
 30
0.0
 11
76002.668
 21
22814.66
 31
0.0
  0
LINE
  5
132A70
330
1F
100
AcDbEntity
 67
     0
  8
TEFRIŞ20
  6
Continuous
 62
   256
 60
     0
 48
0.1
370
    -1
100
AcDbLine
 39
0.0
 10
76007.668
 20
22835.66
 30
0.0
 11
76007.668
 21
22814.66
 31
0.0
  0
LINE
  5
132A76
330
1F
100
AcDbEntity
 67
     0
  8
TEFRIŞ20
  6
Continuous
 62
   256
 60
     0
 48
0.1
370
    -1
100
AcDbLine
 39
0.0
 10
76032.668
 20
22807.66
 30
0.0
 11
76032.668
 21
22842.66
 31
0.0
  0
ARC
  5
132A77
330
1F
100
AcDbEntity
 67
     0
  8
TEFRIŞ20
  6
Continuous
 62
   256
 60
     0
 48
0.1
370
    -1
100
AcDbCircle
 39
0.0
 10
76014.668
 20
22877.66
 30
0.0
 40
7.0
100
AcDbArc
 50
180.0
 51
270.0
  0
ARC
  5
132A78
330
1F
100
AcDbEntity
 67
     0
  8
TEFRIŞ20
  6
Continuous
 62
   256
 60
     0
 48
0.1
370
    -1
100
AcDbCircle
 39
0.0
 10
76014.668
 20
22877.66
 30
0.0
 40
12.0
100
AcDbArc
 50
180.0
 51
270.0
  0
ARC
  5
132A7B
330
1F
100
AcDbEntity
 67
     0
  8
TEFRIŞ20
  6
Continuous
 62
   256
 60
     0
 48
0.1
370
    -1
100
AcDbCircle
 39
0.0
 10
76014.668
 20
22835.66
 30
0.0
 40
12.0
100
AcDbArc
 50
90.0
 51
180.0
  0
ARC
  5
132A7C
330
1F
100
AcDbEntity
 67
     0
  8
TEFRIŞ20
  6
Continuous
 62
   256
 60
     0
 48
0.1
370
    -1
100
AcDbCircle
 39
0.0
 10
76014.668
 20
22835.66
 30
0.0
 40
7.0
100
AcDbArc
 50
90.0
 51
180.0
  0
ARC
  5
132A7F
330
1F
100
AcDbEntity
 67
     0
  8
TEFRIŞ20
  6
Continuous
 62
   256
 60
     0
 48
0.1
370
    -1
100
AcDbCircle
 39
0.0
 10
76014.668
 20
22898.66
 30
0.0
 40
7.0
100
AcDbArc
 50
90.0
 51
180.0
  0
ARC
  5
132A80
330
1F
100
AcDbEntity
 67
     0
  8
TEFRIŞ20
  6
Continuous
 62
   256
 60
     0
 48
0.1
370
    -1
100
AcDbCircle
 39
0.0
 10
76014.668
 20
22898.66
 30
0.0
 40
12.0
100
AcDbArc
 50
90.0
 51
180.0
  0
LINE
  5
132A83
330
1F
100
AcDbEntity
 67
     0
  8
TEFRIŞ20
  6
Continuous
 62
   256
 60
     0
 48
0.1
370
    -1
100
AcDbLine
 39
0.0
 10
76007.668
 20
22898.66
 30
0.0
 11
76007.668
 21
22877.66
 31
0.0
  0
LINE
  5
132A86
330
1F
100
AcDbEntity
 67
     0
  8
TEFRIŞ20
  6
Continuous
 62
   256
 60
     0
 48
0.1
370
    -1
100
AcDbLine
 39
0.0
 10
76002.668
 20
22898.66
 30
0.0
 11
76002.668
 21
22877.66
 31
0.0
  0
LINE
  5
132A87
330
1F
100
AcDbEntity
 67
     0
  8
TEFRIŞ20
  6
Continuous
 62
   256
 60
     0
 48
0.1
370
    -1
100
AcDbLine
 39
0.0
 10
76032.668
 20
22870.66
 30
0.0
 11
76032.668
 21
22905.66
 31
0.0
  0
LINE
  5
132A8D
330
1F
100
AcDbEntity
 67
     0
  8
TEFRIŞ20
  6
Continuous
 62
   256
 60
     0
 48
0.1
370
    -1
100
AcDbLine
 39
0.0
 10
76032.668
 20
22888.16
 30
0.0
 11
76024.54
 21
22888.16
 31
0.0
  0
LINE
  5
132A8E
330
1F
100
AcDbEntity
 67
     0
  8
TEFRIŞ20
  6
Continuous
 62
   256
 60
     0
 48
0.1
370
    -1
100
AcDbLine
 39
0.0
 10
76028.2598
 20
22884.3826
 30
0.0
 11
76028.2598
 21
22892.0931
 31
0.0
  0
CIRCLE
  5
132A8F
330
1F
100
AcDbEntity
 67
     0
  8
TEFRIŞ20
  6
Continuous
 62
   256
 60
     0
 48
0.1
370
    -1
100
AcDbCircle
 39
0.0
 10
76028.2598
 20
22888.16
 30
0.0
 40
2.657
  0
LINE
  5
132A92
330
1F
100
AcDbEntity
 67
     0
  8
TEFRIŞ20
  6
Continuous
 62
   256
 60
     0
 48
0.1
370
    -1
100
AcDbLine
 39
0.0
 10
76032.668
 20
22905.66
 30
0.0
 11
76014.668
 21
22905.66
 31
0.0
  0
LINE
  5
132A95
330
1F
100
AcDbEntity
 67
     0
  8
TEFRIŞ20
  6
Continuous
 62
   256
 60
     0
 48
0.1
370
    -1
100
AcDbLine
 39
0.0
 10
76014.668
 20
22865.66
 30
0.0
 11
76037.668
 21
22865.66
 31
0.0
  0
LINE
  5
132A96
330
1F
100
AcDbEntity
 67
     0
  8
TEFRIŞ20
  6
Continuous
 62
   256
 60
     0
 48
0.1
370
    -1
100
AcDbLine
 39
0.0
 10
76014.668
 20
22870.66
 30
0.0
 11
76032.668
 21
22870.66
 31
0.0
  0
LINE
  5
132A99
330
1F
100
AcDbEntity
 67
     0
  8
TEFRIŞ20
  6
Continuous
 62
   256
 60
     0
 48
0.1
370
    -1
100
AcDbLine
 39
0.0
 10
76032.668
 20
22842.66
 30
0.0
 11
76014.668
 21
22842.66
 31
0.0
  0
LINE
  5
132A9A
330
1F
100
AcDbEntity
 67
     0
  8
TEFRIŞ20
  6
Continuous
 62
   256
 60
     0
 48
0.1
370
    -1
100
AcDbLine
 39
0.0
 10
76037.668
 20
22847.66
 30
0.0
 11
76014.668
 21
22847.66
 31
0.0
  0
ARC
  5
132A9B
330
1F
100
AcDbEntity
 67
     0
  8
TEFRIŞ20
  6
Continuous
 62
   256
 60
     0
 48
0.1
370
    -1
100
AcDbCircle
 39
0.0
 10
76014.668
 20
22751.66
 30
0.0
 40
12.0
100
AcDbArc
 50
180.0
 51
270.0
  0
ARC
  5
132A9E
330
1F
100
AcDbEntity
 67
     0
  8
TEFRIŞ20
  6
Continuous
 62
   256
 60
     0
 48
0.1
370
    -1
100
AcDbCircle
 39
0.0
 10
76014.668
 20
22751.66
 30
0.0
 40
7.0
100
AcDbArc
 50
180.0
 51
270.0
  0
ARC
  5
132A9F
330
1F
100
AcDbEntity
 67
     0
  8
TEFRIŞ20
  6
Continuous
 62
   256
 60
     0
 48
0.1
370
    -1
100
AcDbCircle
 39
0.0
 10
76014.668
 20
22814.66
 30
0.0
 40
12.0
100
AcDbArc
 50
180.0
 51
270.0
  0
ARC
  5
132AA2
330
1F
100
AcDbEntity
 67
     0
  8
TEFRIŞ20
  6
Continuous
 62
   256
 60
     0
 48
0.1
370
    -1
100
AcDbCircle
 39
0.0
 10
76014.668
 20
22814.66
 30
0.0
 40
7.0
100
AcDbArc
 50
180.0
 51
270.0
  0
ARC
  5
132AA3
330
1F
100
AcDbEntity
 67
     0
  8
TEFRIŞ20
  6
Continuous
 62
   256
 60
     0
 48
0.1
370
    -1
100
AcDbCircle
 39
0.0
 10
76014.668
 20
22772.66
 30
0.0
 40
12.0
100
AcDbArc
 50
90.0
 51
180.0
  0
ARC
  5
132AA6
330
1F
100
AcDbEntity
 67
     0
  8
TEFRIŞ20
  6
Continuous
 62
   256
 60
     0
 48
0.1
370
    -1
100
AcDbCircle
 39
0.0
 10
76014.668
 20
22772.66
 30
0.0
 40
7.0
100
AcDbArc
 50
90.0
 51
180.0
  0
LINE
  5
132AA7
330
1F
100
AcDbEntity
 67
     0
  8
TEFRIŞ20
  6
Continuous
 62
   256
 60
     0
 48
0.1
370
    -1
100
AcDbLine
 39
0.0
 10
76002.668
 20
22751.66
 30
0.0
 11
76002.668
 21
22772.66
 31
0.0
  0
LINE
  5
132AA8
330
1F
100
AcDbEntity
 67
     0
  8
TEFRIŞ20
  6
Continuous
 62
   256
 60
     0
 48
0.1
370
    -1
100
AcDbLine
 39
0.0
 10
76007.668
 20
22751.66
 30
0.0
 11
76007.668
 21
22772.66
 31
0.0
  0
LINE
  5
132AAD
330
1F
100
AcDbEntity
 67
     0
  8
TEFRIŞ20
  6
Continuous
 62
   256
 60
     0
 48
0.1
370
    -1
100
AcDbLine
 39
0.0
 10
76032.668
 20
22779.66
 30
0.0
 11
76032.668
 21
22744.66
 31
0.0
  0
CIRCLE
  5
132AAF
330
1F
100
AcDbEntity
 67
     0
  8
TEFRIŞ20
  6
Continuous
 62
   256
 60
     0
 48
0.1
370
    -1
100
AcDbCircle
 39
0.0
 10
76028.2598
 20
22825.16
 30
0.0
 40
2.657
  0
LINE
  5
132AB0
330
1F
100
AcDbEntity
 67
     0
  8
TEFRIŞ20
  6
Continuous
 62
   256
 60
     0
 48
0.1
370
    -1
100
AcDbLine
 39
0.0
 10
76028.2598
 20
22821.3826
 30
0.0
 11
76028.2598
 21
22829.0931
 31
0.0
  0
LINE
  5
132AB4
330
1F
100
AcDbEntity
 67
     0
  8
TEFRIŞ20
  6
Continuous
 62
   256
 60
     0
 48
0.1
370
    -1
100
AcDbLine
 39
0.0
 10
76032.668
 20
22825.16
 30
0.0
 11
76024.54
 21
22825.16
 31
0.0
  0
LINE
  5
132AB6
330
1F
100
AcDbEntity
 67
     0
  8
TEFRIŞ20
  6
Continuous
 62
   256
 60
     0
 48
0.1
370
    -1
100
AcDbLine
 39
0.0
 10
76014.668
 20
22802.66
 30
0.0
 11
76037.668
 21
22802.66
 31
0.0
  0
LINE
  5
132AB7
330
1F
100
AcDbEntity
 67
     0
  8
TEFRIŞ20
  6
Continuous
 62
   256
 60
     0
 48
0.1
370
    -1
100
AcDbLine
 39
0.0
 10
76014.668
 20
22807.66
 30
0.0
 11
76032.668
 21
22807.66
 31
0.0
  0
LINE
  5
132AB9
330
1F
100
AcDbEntity
 67
     0
  8
TEFRIŞ20
  6
Continuous
 62
   256
 60
     0
 48
0.1
370
    -1
100
AcDbLine
 39
0.0
 10
76014.668
 20
22784.66
 30
0.0
 11
76037.668
 21
22784.66
 31
0.0
  0
LINE
  5
132ABC
330
1F
100
AcDbEntity
 67
     0
  8
TEFRIŞ20
  6
Continuous
 62
   256
 60
     0
 48
0.1
370
    -1
100
AcDbLine
 39
0.0
 10
76014.668
 20
22779.66
 30
0.0
 11
76032.668
 21
22779.66
 31
0.0
  0
LINE
  5
132ABF
330
1F
100
AcDbEntity
 67
     0
  8
TEFRIŞ20
  6
Continuous
 62
   256
 60
     0
 48
0.1
370
    -1
100
AcDbLine
 39
0.0
 10
76032.668
 20
22762.16
 30
0.0
 11
76024.54
 21
22762.16
 31
0.0
  0
CIRCLE
  5
132AC0
330
1F
100
AcDbEntity
 67
     0
  8
TEFRIŞ20
  6
Continuous
 62
   256
 60
     0
 48
0.1
370
    -1
100
AcDbCircle
 39
0.0
 10
76028.2598
 20
22762.16
 30
0.0
 40
2.657
  0
LINE
  5
132AC1
330
1F
100
AcDbEntity
 67
     0
  8
TEFRIŞ20
  6
Continuous
 62
   256
 60
     0
 48
0.1
370
    -1
100
AcDbLine
 39
0.0
 10
76028.2598
 20
22765.9373
 30
0.0
 11
76028.2598
 21
22758.2268
 31
0.0
  0
LINE
  5
132AC5
330
1F
100
AcDbEntity
 67
     0
  8
TEFRIŞ20
  6
Continuous
 62
   256
 60
     0
 48
0.1
370
    -1
100
AcDbLine
 39
0.0
 10
76032.668
 20
22744.66
 30
0.0
 11
76014.668
 21
22744.66
 31
0.0
  0
LINE
  5
132AC6
330
1F
100
AcDbEntity
 67
     0
  8
TEFRIŞ20
  6
Continuous
 62
   256
 60
     0
 48
0.1
370
    -1
100
AcDbLine
 39
0.0
 10
76037.668
 20
22739.66
 30
0.0
 11
76014.668
 21
22739.66
 31
0.0
  0
LINE
  5
132AC8
330
1F
100
AcDbEntity
 67
     0
  8
TEFRIŞ20
  6
Continuous
 62
   256
 60
     0
 48
0.1
370
    -1
100
AcDbLine
 39
0.0
 10
76037.668
 20
22910.66
 30
0.0
 11
76014.668
 21
22910.66
 31
0.0
  0
LWPOLYLINE
  5
132AC9
330
1F
100
AcDbEntity
 67
     0
  8
TEFRIŞ20
  6
Continuous
 62
   256
 60
     0
 48
0.1
370
    -1
100
AcDbPolyline
 90
        6
 10
75983.668
 20
22920.3459
 42
0.0
 10
75983.668
 20
22612.8719
 42
0.1989
 10
75988.9401
 20
22600.144
 42
0.0
 10
76005.8959
 20
22583.1882
 42
0.1989
 10
76018.6239
 20
22577.9161
 42
0.0
 10
76037.668
 20
22577.9161
 42
0.0
  0
LINE
  5
132ACA
330
1F
100
AcDbEntity
 67
     0
  8
TEFRIŞ20
  6
Continuous
 62
   256
 60
     0
 48
0.1
370
    -1
100
AcDbLine
 39
0.0
 10
76002.668
 20
22709.66
 30
0.0
 11
76002.668
 21
22688.66
 31
0.0
  0
LINE
  5
132ACD
330
1F
100
AcDbEntity
 67
     0
  8
TEFRIŞ20
  6
Continuous
 62
   256
 60
     0
 48
0.1
370
    -1
100
AcDbLine
 39
0.0
 10
76007.668
 20
22709.66
 30
0.0
 11
76007.668
 21
22688.66
 31
0.0
  0
LINE
  5
132AD1
330
1F
100
AcDbEntity
 67
     0
  8
TEFRIŞ20
  6
Continuous
 62
   256
 60
     0
 48
0.1
370
    -1
100
AcDbLine
 39
0.0
 10
76032.668
 20
22681.66
 30
0.0
 11
76032.668
 21
22716.66
 31
0.0
  0
ARC
  5
132AD2
330
1F
100
AcDbEntity
 67
     0
  8
TEFRIŞ20
  6
Continuous
 62
   256
 60
     0
 48
0.1
370
    -1
100
AcDbCircle
 39
0.0
 10
76014.668
 20
22709.66
 30
0.0
 40
12.0
100
AcDbArc
 50
90.0
 51
180.0
  0
ARC
  5
132AD5
330
1F
100
AcDbEntity
 67
     0
  8
TEFRIŞ20
  6
Continuous
 62
   256
 60
     0
 48
0.1
370
    -1
100
AcDbCircle
 39
0.0
 10
76014.668
 20
22709.66
 30
0.0
 40
7.0
100
AcDbArc
 50
90.0
 51
180.0
  0
LINE
  5
132AD6
330
1F
100
AcDbEntity
 67
     0
  8
TEFRIŞ20
  6
Continuous
 62
   256
 60
     0
 48
0.1
370
    -1
100
AcDbLine
 39
0.0
 10
76032.668
 20
22716.66
 30
0.0
 11
76014.668
 21
22716.66
 31
0.0
  0
LINE
  5
132AD9
330
1F
100
AcDbEntity
 67
     0
  8
TEFRIŞ20
  6
Continuous
 62
   256
 60
     0
 48
0.1
370
    -1
100
AcDbLine
 39
0.0
 10
76037.668
 20
22721.66
 30
0.0
 11
76014.668
 21
22721.66
 31
0.0
  0
ARC
  5
132ADA
330
1F
100
AcDbEntity
 67
     0
  8
TEFRIŞ20
  6
Continuous
 62
   256
 60
     0
 48
0.1
370
    -1
100
AcDbCircle
 39
0.0
 10
76014.668
 20
22625.66
 30
0.0
 40
12.0
100
AcDbArc
 50
180.0
 51
270.0
  0
ARC
  5
132ADB
330
1F
100
AcDbEntity
 67
     0
  8
TEFRIŞ20
  6
Continuous
 62
   256
 60
     0
 48
0.1
370
    -1
100
AcDbCircle
 39
0.0
 10
76014.668
 20
22625.66
 30
0.0
 40
7.0
100
AcDbArc
 50
180.0
 51
270.0
  0
ARC
  5
132ADE
330
1F
100
AcDbEntity
 67
     0
  8
TEFRIŞ20
  6
Continuous
 62
   256
 60
     0
 48
0.1
370
    -1
100
AcDbCircle
 39
0.0
 10
76014.668
 20
22688.66
 30
0.0
 40
12.0
100
AcDbArc
 50
180.0
 51
270.0
  0
ARC
  5
132ADF
330
1F
100
AcDbEntity
 67
     0
  8
TEFRIŞ20
  6
Continuous
 62
   256
 60
     0
 48
0.1
370
    -1
100
AcDbCircle
 39
0.0
 10
76014.668
 20
22688.66
 30
0.0
 40
7.0
100
AcDbArc
 50
180.0
 51
270.0
  0
ARC
  5
132AE2
330
1F
100
AcDbEntity
 67
     0
  8
TEFRIŞ20
  6
Continuous
 62
   256
 60
     0
 48
0.1
370
    -1
100
AcDbCircle
 39
0.0
 10
76014.668
 20
22646.66
 30
0.0
 40
12.0
100
AcDbArc
 50
90.0
 51
180.0
  0
ARC
  5
132AE3
330
1F
100
AcDbEntity
 67
     0
  8
TEFRIŞ20
  6
Continuous
 62
   256
 60
     0
 48
0.1
370
    -1
100
AcDbCircle
 39
0.0
 10
76014.668
 20
22646.66
 30
0.0
 40
7.0
100
AcDbArc
 50
90.0
 51
180.0
  0
LINE
  5
132AE6
330
1F
100
AcDbEntity
 67
     0
  8
TEFRIŞ20
  6
Continuous
 62
   256
 60
     0
 48
0.1
370
    -1
100
AcDbLine
 39
0.0
 10
76002.668
 20
22625.66
 30
0.0
 11
76002.668
 21
22646.66
 31
0.0
  0
LINE
  5
132AE9
330
1F
100
AcDbEntity
 67
     0
  8
TEFRIŞ20
  6
Continuous
 62
   256
 60
     0
 48
0.1
370
    -1
100
AcDbLine
 39
0.0
 10
76007.668
 20
22625.66
 30
0.0
 11
76007.668
 21
22646.66
 31
0.0
  0
LINE
  5
132AED
330
1F
100
AcDbEntity
 67
     0
  8
TEFRIŞ20
  6
Continuous
 62
   256
 60
     0
 48
0.1
370
    -1
100
AcDbLine
 39
0.0
 10
76032.668
 20
22653.66
 30
0.0
 11
76032.668
 21
22618.66
 31
0.0
  0
CIRCLE
  5
132AEE
330
1F
100
AcDbEntity
 67
     0
  8
TEFRIŞ20
  6
Continuous
 62
   256
 60
     0
 48
0.1
370
    -1
100
AcDbCircle
 39
0.0
 10
76028.2598
 20
22699.16
 30
0.0
 40
2.657
  0
LINE
  5
132AEF
330
1F
100
AcDbEntity
 67
     0
  8
TEFRIŞ20
  6
Continuous
 62
   256
 60
     0
 48
0.1
370
    -1
100
AcDbLine
 39
0.0
 10
76028.2598
 20
22695.3826
 30
0.0
 11
76028.2598
 21
22703.0931
 31
0.0
  0
LINE
  5
132AF3
330
1F
100
AcDbEntity
 67
     0
  8
TEFRIŞ20
  6
Continuous
 62
   256
 60
     0
 48
0.1
370
    -1
100
AcDbLine
 39
0.0
 10
76032.668
 20
22699.16
 30
0.0
 11
76024.54
 21
22699.16
 31
0.0
  0
LINE
  5
132AF6
330
1F
100
AcDbEntity
 67
     0
  8
TEFRIŞ20
  6
Continuous
 62
   256
 60
     0
 48
0.1
370
    -1
100
AcDbLine
 39
0.0
 10
76014.668
 20
22681.66
 30
0.0
 11
76032.668
 21
22681.66
 31
0.0
  0
LINE
  5
132AF7
330
1F
100
AcDbEntity
 67
     0
  8
TEFRIŞ20
  6
Continuous
 62
   256
 60
     0
 48
0.1
370
    -1
100
AcDbLine
 39
0.0
 10
76014.668
 20
22676.66
 30
0.0
 11
76037.668
 21
22676.66
 31
0.0
  0
LINE
  5
132AF8
330
1F
100
AcDbEntity
 67
     0
  8
TEFRIŞ20
  6
Continuous
 62
   256
 60
     0
 48
0.1
370
    -1
100
AcDbLine
 39
0.0
 10
76014.668
 20
22658.66
 30
0.0
 11
76037.668
 21
22658.66
 31
0.0
  0
LINE
  5
132AFA
330
1F
100
AcDbEntity
 67
     0
  8
TEFRIŞ20
  6
Continuous
 62
   256
 60
     0
 48
0.1
370
    -1
100
AcDbLine
 39
0.0
 10
76014.668
 20
22653.66
 30
0.0
 11
76032.668
 21
22653.66
 31
0.0
  0
LINE
  5
132AFC
330
1F
100
AcDbEntity
 67
     0
  8
TEFRIŞ20
  6
Continuous
 62
   256
 60
     0
 48
0.1
370
    -1
100
AcDbLine
 39
0.0
 10
76032.668
 20
22636.16
 30
0.0
 11
76024.54
 21
22636.16
 31
0.0
  0
CIRCLE
  5
132AFD
330
1F
100
AcDbEntity
 67
     0
  8
TEFRIŞ20
  6
Continuous
 62
   256
 60
     0
 48
0.1
370
    -1
100
AcDbCircle
 39
0.0
 10
76028.2598
 20
22636.16
 30
0.0
 40
2.657
  0
LINE
  5
132B00
330
1F
100
AcDbEntity
 67
     0
  8
TEFRIŞ20
  6
Continuous
 62
   256
 60
     0
 48
0.1
370
    -1
100
AcDbLine
 39
0.0
 10
76028.2598
 20
22639.9373
 30
0.0
 11
76028.2598
 21
22632.2268
 31
0.0
  0
LINE
  5
132B04
330
1F
100
AcDbEntity
 67
     0
  8
TEFRIŞ20
  6
Continuous
 62
   256
 60
     0
 48
0.1
370
    -1
100
AcDbLine
 39
0.0
 10
76032.668
 20
22618.66
 30
0.0
 11
76014.668
 21
22618.66
 31
0.0
  0
LINE
  5
132B05
330
1F
100
AcDbEntity
 67
     0
  8
TEFRIŞ20
  6
Continuous
 62
   256
 60
     0
 48
0.1
370
    -1
100
AcDbLine
 39
0.0
 10
76037.668
 20
22613.66
 30
0.0
 11
76014.668
 21
22613.66
 31
0.0
  0
INSERT
  5
132B06
330
1F
100
AcDbEntity
 67
     0
  8
K1
  6
Continuous
 62
   256
 60
     0
 48
1.0
370
    -1
100
AcDbBlockReference
 66
     0
  2
90
 10
200745.9851
 20
-29372.0051
 30
0.0
 41
-1.0
 42
1.0
 43
1.0
 50
0.0
 70
     0
 71
     0
 44
0.0
 45
0.0
210
0.0
220
0.0
230
1.0
  0
INSERT
  5
132B07
330
1F
100
AcDbEntity
 67
     0
  8
K1
  6
Continuous
 62
   256
 60
     0
 48
1.0
370
    -1
100
AcDbBlockReference
 66
     0
  2
90
 10
200861.9851
 20
-29372.0051
 30
0.0
 41
-1.0
 42
1.0
 43
1.0
 50
0.0
 70
     0
 71
     0
 44
0.0
 45
0.0
210
0.0
220
0.0
230
1.0
  0
TEXT
  5
132B08
330
1F
100
AcDbEntity
 67
     0
  8
K1
  6
Continuous
 62
   256
 60
     0
 48
1.0
370
    -1
100
AcDbText
  1
90/220
 10
75945.1615
 20
21994.9519
 30
0.0
 39
0.0
 40
9.9
 50
360.0
  7
Standard
100
AcDbText
  0
TEXT
  5
132B09
330
1F
100
AcDbEntity
 67
     0
  8
K1
  6
Continuous
 62
   256
 60
     0
 48
1.0
370
    -1
100
AcDbText
  1
90/220
 10
76070.7572
 20
21994.9519
 30
0.0
 39
0.0
 40
9.9
 50
360.0
  7
Standard
100
AcDbText
  0
MTEXT
  5
132B0A
330
1F
100
AcDbEntity
 67
     0
  8
A_TXT_ROOM
  6
Continuous
 62
   256
 60
     0
 48
1.0
370
    -1
100
AcDbMText
 10
75855.0219
 20
22371.7272
 30
0.0
210
0.0
220
0.0
230
1.0
 40
25.0
 41
204.0553
 50
0.0
 71
     1
 72
     5
  1
KADIN WC\P20 m2
  7
ARIEL50S
 11
1.0
 21
-0.0
 31
0.0
 42
170.6855
 73
     1
 44
1.0
 90
        0
 75
     0
 78
     0
 79
     0
 48
0.0
 49
0.0
  0
MTEXT
  5
132B0C
330
1F
100
AcDbEntity
 67
     0
  8
A_TXT_ROOM
  6
Continuous
 62
   256
 60
     0
 48
1.0
370
    -1
100
AcDbMText
 10
76026.7639
 20
20832.75
 30
0.0
210
0.0
220
0.0
230
1.0
 40
25.0
 41
121.7496
 50
0.0
 71
     1
 72
     5
  1
GİRİŞ
  7
ARIEL50S
 11
1.0
 21
-0.0
 31
0.0
 42
91.4052
 73
     1
 44
1.0
 90
        0
 75
     0
 78
     0
 79
     0
 48
0.0
 49
0.0
  0
INSERT
  5
132B0E
330
1F
100
AcDbEntity
 67
     0
  8
A_ELEV_04
  6
Continuous
 62
   256
 60
     0
 48
1.0
370
    -1
100
AcDbBlockReference
 66
     0
  2
p_klt
 10
75031.8951
 20
52159.9525
 30
0.0
 41
-1.0
 42
1.0
 43
1.0
 50
180.0
 70
     0
 71
     0
 44
0.0
 45
0.0
210
0.0
220
0.0
230
1.0
  0
LINE
  5
132B0F
330
1F
100
AcDbEntity
 67
     0
  8
A_WALL_BLOK-15
  6
Byblock
 62
   256
 60
     0
 48
1.0
370
    -1
100
AcDbLine
 39
0.0
 10
76151.668
 20
20955.3459
 30
0.0
 11
76151.668
 21
20970.3459
 31
0.0
  0
LINE
  5
132B10
330
1F
100
AcDbEntity
 67
     0
  8
A_WALL_BLOK-15
  6
Byblock
 62
   256
 60
     0
 48
1.0
370
    -1
100
AcDbLine
 39
0.0
 10
76251.668
 20
20955.3459
 30
0.0
 11
76251.668
 21
20970.3459
 31
0.0
  0
MTEXT
  5
132B11
330
1F
100
AcDbEntity
 67
     0
  8
A_TXT_ROOM
  6
Continuous
 62
   256
 60
     0
 48
1.0
370
    -1
100
AcDbMText
 10
75599.9163
 20
22875.1511
 30
0.0
210
0.0
220
0.0
230
1.0
 40
25.0
 41
130.1856
 50
0.0
 71
     1
 72
     5
  1
DEPO\P6 m2
  7
ARIEL50S
 11
1.0
 21
-0.0
 31
0.0
 42
94.7135
 73
     1
 44
1.0
 90
        0
 75
     0
 78
     0
 79
     0
 48
0.0
 49
0.0
  0
MTEXT
  5
132B13
330
1F
100
AcDbEntity
 67
     0
  8
A_TXT_ROOM
  6
Continuous
 62
   256
 60
     0
 48
1.0
370
    -1
100
AcDbMText
 10
75642.1505
 20
21338.2693
 30
0.0
210
0.0
220
0.0
230
1.0
 40
25.0
 41
304.5793
 50
0.0
 71
     1
 72
     5
  1
HOL\P26.00 m2
  7
ARIEL50S
 11
1.0
 21
-0.0
 31
0.0
 42
142.7524
 73
     1
 44
1.0
 90
        0
 75
     0
 78
     0
 79
     0
 48
0.0
 49
0.0
  0
DIMENSION
  5
132B15
330
1F
100
AcDbEntity
 67
     0
  8
ölçü
  6
DUZ
 62
   256
 60
     0
 48
1.0
370
    -1
100
AcDbDimension
  2
*D20
 10
76037.668
 20
22730.1257
 30
0.0
 11
75919.668
 21
22755.042
 31
0.0
 70
     0
  1

 71
     5
 72
     1
 41
1.0
 42
236.0
 53
0.0
 51
0.0
210
0.0
220
0.0
230
1.0
  3
İÇ ÖLÇÜLENDİRME
100
AcDbAlignedDimension
 13
75801.668
 23
22730.1257
 33
0.0
 14
76037.668
 24
22730.1257
 34
0.0
 50
0.0
100
AcDbRotatedDimension
1001
ACAD
1000
DSTYLE
1002
{
1070
   140
1040
0.8
1002
}
  0
DIMENSION
  5
132B16
330
1F
100
AcDbEntity
 67
     0
  8
ölçü
  6
DUZ
 62
   256
 60
     0
 48
1.0
370
    -1
100
AcDbDimension
  2
*D21
 10
76131.668
 20
21097.6243
 30
0.0
 11
76004.168
 21
21122.5406
 31
0.0
 70
     0
  1

 71
     5
 72
     1
 41
1.0
 42
255.0
 53
0.0
 51
0.0
210
0.0
220
0.0
230
1.0
  3
İÇ ÖLÇÜLENDİRME
100
AcDbAlignedDimension
 13
75876.668
 23
21097.6243
 33
0.0
 14
76131.668
 24
21097.6243
 34
0.0
 50
0.0
100
AcDbRotatedDimension
1001
ACAD
1000
DSTYLE
1002
{
1070
   140
1040
0.8
1002
}
  0
DIMENSION
  5
132B17
330
1F
100
AcDbEntity
 67
     0
  8
ölçü
  6
DUZ
 62
   256
 60
     0
 48
1.0
370
    -1
100
AcDbDimension
  2
*D22
 10
75593.265
 20
21965.3459
 30
0.0
 11
75568.3488
 21
21685.3459
 31
0.0
 70
     0
  1

 71
     5
 72
     1
 41
1.0
 42
560.0
 53
0.0
 51
0.0
210
0.0
220
0.0
230
1.0
  3
İÇ ÖLÇÜLENDİRME
100
AcDbAlignedDimension
 13
75593.265
 23
21405.3459
 33
0.0
 14
75593.265
 24
21965.3459
 34
0.0
 50
90.0
100
AcDbRotatedDimension
1001
ACAD
1000
DSTYLE
1002
{
1070
   140
1040
0.8
1002
}
  0
DIMENSION
  5
132B18
330
1F
100
AcDbEntity
 67
     0
  8
ölçü
  6
DUZ
 62
   256
 60
     0
 48
1.0
370
    -1
100
AcDbDimension
  2
*D23
 10
76068.4479
 20
21205.3459
 30
0.0
 11
76043.5317
 21
21087.8459
 31
0.0
 70
     0
  1

 71
     5
 72
     1
 41
1.0
 42
235.0
 53
0.0
 51
0.0
210
0.0
220
0.0
230
1.0
  3
İÇ ÖLÇÜLENDİRME
100
AcDbAlignedDimension
 13
76068.4479
 23
20970.3459
 33
0.0
 14
76068.4479
 24
21205.3459
 34
0.0
 50
90.0
100
AcDbRotatedDimension
1001
ACAD
1000
DSTYLE
1002
{
1070
   140
1040
0.8
1002
}
  0
DIMENSION
  5
132B19
330
1F
100
AcDbEntity
 67
     0
  8
ölçü
  6
DUZ
 62
   256
 60
     0
 48
1.0
370
    -1
100
AcDbDimension
  2
*D24
 10
76068.4479
 20
21610.3459
 30
0.0
 11
76068.4479
 21
21353.6228
 31
0.0
 70
     0
  1

 71
     5
 72
     1
 41
1.0
 42
390.0
 53
0.0
 51
0.0
210
0.0
220
0.0
230
1.0
  3
İÇ ÖLÇÜLENDİRME
100
AcDbAlignedDimension
 13
76068.4479
 23
21220.3459
 33
0.0
 14
76068.4479
 24
21610.3459
 34
0.0
 50
90.0
100
AcDbRotatedDimension
1001
ACAD
1000
DSTYLE
1002
{
1070
   140
1040
0.8
1002
}
  0
DIMENSION
  5
132B1A
330
1F
100
AcDbEntity
 67
     0
  8
ölçü
  6
DUZ
 62
   256
 60
     0
 48
1.0
370
    -1
100
AcDbDimension
  2
*D25
 10
76069.168
 20
21950.3459
 30
0.0
 11
76044.2518
 21
21795.3459
 31
0.0
 70
     0
  1

 71
     5
 72
     1
 41
1.0
 42
310.0
 53
0.0
 51
0.0
210
0.0
220
0.0
230
1.0
  3
İÇ ÖLÇÜLENDİRME
100
AcDbAlignedDimension
 13
76069.168
 23
21640.3459
 33
0.0
 14
76069.168
 24
21950.3459
 34
0.0
 50
90.0
100
AcDbRotatedDimension
1001
ACAD
1000
DSTYLE
1002
{
1070
   140
1040
0.8
1002
}
  0
DIMENSION
  5
132B1B
330
1F
100
AcDbEntity
 67
     0
  8
ölçü
  6
DUZ
 62
   256
 60
     0
 48
1.0
370
    -1
100
AcDbDimension
  2
*D26
 10
76085.169
 20
22185.3459
 30
0.0
 11
76060.2528
 21
22082.8459
 31
0.0
 70
     0
  1

 71
     5
 72
     1
 41
1.0
 42
205.0
 53
0.0
 51
0.0
210
0.0
220
0.0
230
1.0
  3
İÇ ÖLÇÜLENDİRME
100
AcDbAlignedDimension
 13
76069.168
 23
21980.3459
 33
0.0
 14
76069.168
 24
22185.3459
 34
0.0
 50
90.0
100
AcDbRotatedDimension
1001
ACAD
1000
DSTYLE
1002
{
1070
   140
1040
0.8
1002
}
  0
DIMENSION
  5
132B1C
330
1F
100
AcDbEntity
 67
     0
  8
ölçü
  6
DUZ
 62
   256
 60
     0
 48
1.0
370
    -1
100
AcDbDimension
  2
*D27
 10
76052.668
 20
22020.3998
 30
0.0
 11
76154.668
 21
22045.3161
 31
0.0
 70
     0
  1

 71
     5
 72
     1
 41
1.0
 42
204.0
 53
0.0
 51
0.0
210
0.0
220
0.0
230
1.0
  3
İÇ ÖLÇÜLENDİRME
100
AcDbAlignedDimension
 13
76256.668
 23
22020.3998
 33
0.0
 14
76052.668
 24
22020.3998
 34
0.0
 50
0.0
100
AcDbRotatedDimension
1001
ACAD
1000
DSTYLE
1002
{
1070
   140
1040
0.8
1002
}
  0
DIMENSION
  5
132B1D
330
1F
100
AcDbEntity
 67
     0
  8
ölçü
  6
DUZ
 62
   256
 60
     0
 48
1.0
370
    -1
100
AcDbDimension
  2
*D28
 10
75936.668
 20
22020.3998
 30
0.0
 11
75987.168
 21
22045.3161
 31
0.0
 70
     0
  1

 71
     5
 72
     1
 41
1.0
 42
101.0
 53
0.0
 51
0.0
210
0.0
220
0.0
230
1.0
  3
İÇ ÖLÇÜLENDİRME
100
AcDbAlignedDimension
 13
76037.668
 23
22020.3998
 33
0.0
 14
75936.668
 24
22020.3998
 34
0.0
 50
0.0
100
AcDbRotatedDimension
1001
ACAD
1000
DSTYLE
1002
{
1070
   140
1040
0.8
1002
}
  0
DIMENSION
  5
132B1E
330
1F
100
AcDbEntity
 67
     0
  8
ölçü
  6
DUZ
 62
   256
 60
     0
 48
1.0
370
    -1
100
AcDbDimension
  2
*D29
 10
75666.668
 20
22020.3998
 30
0.0
 11
75794.168
 21
22045.3161
 31
0.0
 70
     0
  1

 71
     5
 72
     1
 41
1.0
 42
255.0
 53
0.0
 51
0.0
210
0.0
220
0.0
230
1.0
  3
İÇ ÖLÇÜLENDİRME
100
AcDbAlignedDimension
 13
75921.668
 23
22020.3998
 33
0.0
 14
75666.668
 24
22020.3998
 34
0.0
 50
0.0
100
AcDbRotatedDimension
1001
ACAD
1000
DSTYLE
1002
{
1070
   140
1040
0.8
1002
}
  0
DIMENSION
  5
132B1F
330
1F
100
AcDbEntity
 67
     0
  8
ölçü
  6
DUZ
 62
   256
 60
     0
 48
1.0
370
    -1
100
AcDbDimension
  2
*D30
 10
75474.168
 20
22020.3998
 30
0.0
 11
75562.918
 21
22045.3161
 31
0.0
 70
     0
  1

 71
     5
 72
     1
 41
1.0
 42
177.5
 53
0.0
 51
0.0
210
0.0
220
0.0
230
1.0
  3
İÇ ÖLÇÜLENDİRME
100
AcDbAlignedDimension
 13
75651.668
 23
22020.3998
 33
0.0
 14
75474.168
 24
22020.3998
 34
0.0
 50
0.0
100
AcDbRotatedDimension
1001
ACAD
1000
DSTYLE
1002
{
1070
   140
1040
0.8
1002
}
  0
DIMENSION
  5
132B20
330
1F
100
AcDbEntity
 67
     0
  8
ölçü
  6
DUZ
 62
   256
 60
     0
 48
1.0
370
    -1
100
AcDbDimension
  2
*D31
 10
75651.668
 20
21507.0053
 30
0.0
 11
75564.168
 21
21531.9216
 31
0.0
 70
     0
  1

 71
     5
 72
     1
 41
1.0
 42
175.0
 53
0.0
 51
0.0
210
0.0
220
0.0
230
1.0
  3
İÇ ÖLÇÜLENDİRME
100
AcDbAlignedDimension
 13
75476.668
 23
21507.0053
 33
0.0
 14
75651.668
 24
21507.0053
 34
0.0
 50
0.0
100
AcDbRotatedDimension
1001
ACAD
1000
DSTYLE
1002
{
1070
   140
1040
0.8
1002
}
  0
DIMENSION
  5
132B21
330
1F
100
AcDbEntity
 67
     0
  8
ölçü
  6
DUZ
 62
   256
 60
     0
 48
1.0
370
    -1
100
AcDbDimension
  2
*D32
 10
75806.668
 20
21507.0053
 30
0.0
 11
75736.668
 21
21531.9216
 31
0.0
 70
     0
  1

 71
     5
 72
     1
 41
1.0
 42
140.0
 53
0.0
 51
0.0
210
0.0
220
0.0
230
1.0
  3
İÇ ÖLÇÜLENDİRME
100
AcDbAlignedDimension
 13
75666.668
 23
21507.0053
 33
0.0
 14
75806.668
 24
21507.0053
 34
0.0
 50
0.0
100
AcDbRotatedDimension
1001
ACAD
1000
DSTYLE
1002
{
1070
   140
1040
0.8
1002
}
  0
DIMENSION
  5
132B22
330
1F
100
AcDbEntity
 67
     0
  8
ölçü
  6
DUZ
 62
   256
 60
     0
 48
1.0
370
    -1
100
AcDbDimension
  2
*D33
 10
76131.668
 20
21507.0053
 30
0.0
 11
75976.668
 21
21531.9216
 31
0.0
 70
     0
  1

 71
     5
 72
     1
 41
1.0
 42
310.0
 53
0.0
 51
0.0
210
0.0
220
0.0
230
1.0
  3
İÇ ÖLÇÜLENDİRME
100
AcDbAlignedDimension
 13
75821.668
 23
21507.0053
 33
0.0
 14
76131.668
 24
21507.0053
 34
0.0
 50
0.0
100
AcDbRotatedDimension
1001
ACAD
1000
DSTYLE
1002
{
1070
   140
1040
0.8
1002
}
  0
DIMENSION
  5
132B23
330
1F
100
AcDbEntity
 67
     0
  8
ölçü
  6
DUZ
 62
   256
 60
     0
 48
1.0
370
    -1
100
AcDbDimension
  2
*D34
 10
75997.2288
 20
22920.3459
 30
0.0
 11
75972.3125
 21
22450.3459
 31
0.0
 70
     0
  1

 71
     5
 72
     1
 41
1.0
 42
940.0
 53
0.0
 51
0.0
210
0.0
220
0.0
230
1.0
  3
İÇ ÖLÇÜLENDİRME
100
AcDbAlignedDimension
 13
76003.8261
 23
21980.3459
 33
0.0
 14
76003.8261
 24
22920.3459
 34
0.0
 50
90.0
100
AcDbRotatedDimension
1001
ACAD
1000
DSTYLE
1002
{
1070
   140
1040
0.8
1002
}
  0
LINE
  5
132B24
330
1F
100
AcDbEntity
 67
     0
  8
Alçıpan
  6
Byblock
 62
   256
 60
     0
 48
1.0
370
    -1
100
AcDbLine
 39
0.0
 10
74671.668
 20
21433.8644
 30
0.0
 11
74716.668
 21
21433.8644
 31
0.0
  0
LINE
  5
132B25
330
1F
100
AcDbEntity
 67
     0
  8
Alçıpan
  6
Byblock
 62
   256
 60
     0
 48
1.0
370
    -1
100
AcDbLine
 39
0.0
 10
74716.668
 20
21433.8644
 30
0.0
 11
74716.668
 21
21382.3644
 31
0.0
  0
LWPOLYLINE
  5
132B26
330
1F
100
AcDbEntity
 67
     0
  8
Alçıpan
  6
Byblock
 62
   256
 60
     0
 48
1.0
370
    -1
100
AcDbPolyline
 90
        3
 10
74698.668
 20
22925.8459
 10
74698.668
 20
22902.8459
 10
74673.668
 20
22902.8459
  0
LINE
  5
132B27
330
1F
100
AcDbEntity
 67
     0
  8
Alçıpan
  6
Byblock
 62
   256
 60
     0
 48
1.0
370
    -1
100
AcDbLine
 39
0.0
 10
74711.168
 20
22214.3459
 30
0.0
 11
74660.668
 21
22214.3459
 31
0.0
  0
LINE
  5
132B28
330
1F
100
AcDbEntity
 67
     0
  8
Alçıpan
  6
Byblock
 62
   256
 60
     0
 48
1.0
370
    -1
100
AcDbLine
 39
0.0
 10
74673.668
 20
22830.3459
 30
0.0
 11
74673.668
 21
22902.8459
 31
0.0
  0
LINE
  5
132B29
330
1F
100
AcDbEntity
 67
     0
  8
Alçıpan
  6
Byblock
 62
   256
 60
     0
 48
1.0
370
    -1
100
AcDbLine
 39
0.0
 10
75023.668
 20
22838.8459
 30
0.0
 11
75055.168
 21
22838.8459
 31
0.0
  0
LINE
  5
132B2A
330
1F
100
AcDbEntity
 67
     0
  8
Alçıpan
  6
Byblock
 62
   256
 60
     0
 48
1.0
370
    -1
100
AcDbLine
 39
0.0
 10
75023.668
 20
22838.8459
 30
0.0
 11
75023.668
 21
22925.8459
 31
0.0
  0
LINE
  5
132B2B
330
1F
100
AcDbEntity
 67
     0
  8
Alçıpan
  6
Byblock
 62
   256
 60
     0
 48
1.0
370
    -1
100
AcDbLine
 39
0.0
 10
74698.668
 20
22925.8459
 30
0.0
 11
75023.668
 21
22925.8459
 31
0.0
  0
LINE
  5
132B2C
330
1F
100
AcDbEntity
 67
     0
  8
Alçıpan
  6
Byblock
 62
   256
 60
     0
 48
1.0
370
    -1
100
AcDbLine
 39
0.0
 10
75055.168
 20
22838.8459
 30
0.0
 11
75055.168
 21
22929.3459
 31
0.0
  0
LINE
  5
132B2D
330
1F
100
AcDbEntity
 67
     0
  8
Alçıpan
  6
Byblock
 62
   256
 60
     0
 48
1.0
370
    -1
100
AcDbLine
 39
0.0
 10
75055.168
 20
22929.3459
 30
0.0
 11
75378.168
 21
22929.3459
 31
0.0
  0
LINE
  5
132B2E
330
1F
100
AcDbEntity
 67
     0
  8
Alçıpan
  6
Byblock
 62
   256
 60
     0
 48
1.0
370
    -1
100
AcDbLine
 39
0.0
 10
75378.168
 20
22929.3459
 30
0.0
 11
75378.168
 21
22907.8459
 31
0.0
  0
LINE
  5
132B2F
330
1F
100
AcDbEntity
 67
     0
  8
Alçıpan
  6
Byblock
 62
   256
 60
     0
 48
1.0
370
    -1
100
AcDbLine
 39
0.0
 10
75378.168
 20
22907.8459
 30
0.0
 11
75425.168
 21
22907.8459
 31
0.0
  0
LINE
  5
132B30
330
1F
100
AcDbEntity
 67
     0
  8
Alçıpan
  6
Byblock
 62
   256
 60
     0
 48
1.0
370
    -1
100
AcDbLine
 39
0.0
 10
75425.168
 20
22907.8459
 30
0.0
 11
75425.168
 21
22841.3459
 31
0.0
  0
LINE
  5
132B31
330
1F
100
AcDbEntity
 67
     0
  8
Alçıpan
  6
Byblock
 62
   256
 60
     0
 48
1.0
370
    -1
100
AcDbLine
 39
0.0
 10
75425.168
 20
22841.3459
 30
0.0
 11
75431.168
 21
22841.3459
 31
0.0
  0
LINE
  5
132B33
330
1F
100
AcDbEntity
 67
     0
  8
Alçıpan
  6
Byblock
 62
   256
 60
     0
 48
1.0
370
    -1
100
AcDbLine
 39
0.0
 10
75431.168
 20
22831.3459
 30
0.0
 11
75527.668
 21
22831.3459
 31
0.0
  0
LINE
  5
132B34
330
1F
100
AcDbEntity
 67
     0
  8
Alçıpan
  6
Byblock
 62
   256
 60
     0
 48
1.0
370
    -1
100
AcDbLine
 39
0.0
 10
75414.168
 20
22217.8459
 30
0.0
 11
75431.168
 21
22217.8459
 31
0.0
  0
LWPOLYLINE
  5
132B35
330
1F
100
AcDbEntity
 67
     0
  8
Alçıpan
  6
Byblock
 62
   256
 60
     0
 48
1.0
370
    -1
100
AcDbPolyline
 90
        2
 10
75446.168
 20
22742.3459
 10
75431.168
 20
22742.3459
  0
LINE
  5
132B36
330
1F
100
AcDbEntity
 67
     0
  8
Alçıpan
  6
Byblock
 62
   256
 60
     0
 48
1.0
370
    -1
100
AcDbLine
 39
0.0
 10
75414.168
 20
22133.3644
 30
0.0
 11
75414.168
 21
22217.8459
 31
0.0
  0
LINE
  5
132B37
330
1F
100
AcDbEntity
 67
     0
  8
Alçıpan
  6
Byblock
 62
   256
 60
     0
 48
1.0
370
    -1
100
AcDbLine
 39
0.0
 10
75414.168
 20
22133.3644
 30
0.0
 11
75459.168
 21
22133.3644
 31
0.0
  0
LINE
  5
132B38
330
1F
100
AcDbEntity
 67
     0
  8
Alçıpan
  6
Byblock
 62
   256
 60
     0
 48
1.0
370
    -1
100
AcDbLine
 39
0.0
 10
75409.6686
 20
21448.3644
 30
0.0
 11
75459.168
 21
21448.3644
 31
0.0
  0
LINE
  5
132B39
330
1F
100
AcDbEntity
 67
     0
  8
Alçıpan
  6
Byblock
 62
   256
 60
     0
 48
1.0
370
    -1
100
AcDbLine
 39
0.0
 10
75409.6686
 20
21448.3644
 30
0.0
 11
75409.6686
 21
21357.3644
 31
0.0
  0
LINE
  5
132B3A
330
1F
100
AcDbEntity
 67
     0
  8
Alçıpan
  6
Byblock
 62
   256
 60
     0
 48
1.0
370
    -1
100
AcDbLine
 39
0.0
 10
75409.6686
 20
21357.3644
 30
0.0
 11
75479.6686
 21
21357.3644
 31
0.0
  0
LINE
  5
132B3C
330
1F
100
AcDbEntity
 67
     0
  8
A_WALL_BLOK-15
  6
Byblock
 62
   256
 60
     0
 48
1.0
370
    -1
100
AcDbLine
 39
0.0
 10
75494.6686
 20
21375.3459
 30
0.0
 11
75494.6686
 21
21342.3644
 31
0.0
  0
LINE
  5
132B3D
330
1F
100
AcDbEntity
 67
     0
  8
Alçıpan
  6
Byblock
 62
   256
 60
     0
 48
1.0
370
    -1
100
AcDbLine
 39
0.0
 10
75479.6686
 20
21342.3644
 30
0.0
 11
75577.1686
 21
21342.3644
 31
0.0
  0
LWPOLYLINE
  5
132B3E
330
1F
100
AcDbEntity
 67
     0
  8
Alçıpan
  6
Byblock
 62
   256
 60
     0
 48
1.0
370
    -1
100
AcDbPolyline
 90
        5
 10
75479.6686
 20
21357.3644
 10
75479.6686
 20
21230.3459
 10
75494.6686
 20
21230.3459
 10
75494.6686
 20
21252.3459
 10
75479.6686
 20
21252.3459
  0
LWPOLYLINE
  5
132B3F
330
1F
100
AcDbEntity
 67
     0
  8
Alçıpan
  6
Byblock
 62
   256
 60
     0
 48
1.0
370
    -1
100
AcDbPolyline
 90
        4
 10
75494.168
 20
21070.3459
 10
75494.1688
 20
21077.3459
 10
75396.1688
 20
21077.3459
 10
75396.1572
 20
20970.3526
  0
LINE
  5
132B40
330
1F
100
AcDbEntity
 67
     0
  8
A_WALL_BLOK-15
  6
Byblock
 62
   256
 60
     0
 48
1.0
370
    -1
100
AcDbLine
 39
0.0
 10
75487.1686
 20
21230.3459
 30
0.0
 11
75487.1686
 21
21077.3459
 31
0.0
  0
LINE
  5
132B41
330
1F
100
AcDbEntity
 67
     0
  8
A_WALL_BLOK-15
  6
Byblock
 62
   256
 60
     0
 48
1.0
370
    -1
100
AcDbLine
 39
0.0
 10
75485.1686
 20
21230.3459
 30
0.0
 11
75485.1686
 21
21077.3459
 31
0.0
  0
LINE
  5
132B42
330
1F
100
AcDbEntity
 67
     0
  8
A_WALL_BLOK-15
  6
Byblock
 62
   256
 60
     0
 48
1.0
370
    -1
100
AcDbLine
 39
0.0
 10
75489.1686
 20
21230.3459
 30
0.0
 11
75489.1686
 21
21077.3459
 31
0.0
  0
LINE
  5
132B43
330
1F
100
AcDbEntity
 67
     0
  8
A_WALL_BLOK-15
  6
Byblock
 62
   256
 60
     0
 48
1.0
370
    -1
100
AcDbLine
 39
0.0
 10
75624.168
 20
21182.8459
 30
0.0
 11
75489.1686
 21
21182.8459
 31
0.0
  0
LINE
  5
132B44
330
1F
100
AcDbEntity
 67
     0
  8
A_WALL_BLOK-15
  6
Byblock
 62
   256
 60
     0
 48
1.0
370
    -1
100
AcDbLine
 39
0.0
 10
75624.168
 20
21184.8459
 30
0.0
 11
75489.1686
 21
21184.8459
 31
0.0
  0
LINE
  5
132B45
330
1F
100
AcDbEntity
 67
     0
  8
A_WALL_BLOK-15
  6
Byblock
 62
   256
 60
     0
 48
1.0
370
    -1
100
AcDbLine
 39
0.0
 10
75624.168
 20
21180.8459
 30
0.0
 11
75489.1686
 21
21180.8459
 31
0.0
  0
LWPOLYLINE
  5
132B46
330
1F
100
AcDbEntity
 67
     0
  8
KAPI
  6
Byblock
 62
   256
 60
     0
 48
1.0
370
    -1
100
AcDbPolyline
 90
        4
 10
75577.1686
 20
21342.3644
 10
75577.1686
 20
21339.3644
 10
75487.1686
 20
21339.3644
 10
75487.1686
 20
21342.3644
  0
ARC
  5
132B47
330
1F
100
AcDbEntity
 67
     0
  8
KAPI
  6
ACAD_ISO03W100
 62
   256
 60
     0
 48
1.0
370
    -1
100
AcDbCircle
 39
0.0
 10
75487.1686
 20
21342.3644
 30
0.0
 40
90.0185
100
AcDbArc
 50
270.0
 51
358.8376
  0
LINE
  5
132B48
330
1F
100
AcDbEntity
 67
     0
  8
A_WALL_BLOK-15
  6
Byblock
 62
   256
 60
     0
 48
1.0
370
    -1
100
AcDbLine
 39
0.0
 10
75446.168
 20
22831.3459
 30
0.0
 11
75446.168
 21
22920.3459
 31
0.0
  0
LINE
  5
132B49
330
1F
100
AcDbEntity
 67
     0
  8
A_WALL_BLOK-15
  6
Byblock
 62
   256
 60
     0
 48
1.0
370
    -1
100
AcDbLine
 39
0.0
 10
75446.168
 20
22742.3459
 30
0.0
 11
75446.168
 21
22215.3459
 31
0.0
  0
LWPOLYLINE
  5
132B4A
330
1F
100
AcDbEntity
 67
     0
  8
KAPI
  6
Byblock
 62
   256
 60
     0
 48
1.0
370
    -1
100
AcDbPolyline
 90
        4
 10
75527.668
 20
22831.3459
 10
75527.668
 20
22828.3459
 10
75438.668
 20
22828.3459
 10
75438.668
 20
22831.3459
  0
ARC
  5
132B4B
330
1F
100
AcDbEntity
 67
     0
  8
KAPI
  6
ACAD_ISO03W100
 62
   256
 60
     0
 48
1.0
370
    -1
100
AcDbCircle
 39
0.0
 10
75438.668
 20
22831.3459
 30
0.0
 40
89.0
100
AcDbArc
 50
270.0
 51
0.0
  0
LWPOLYLINE
  5
132B4C
330
1F
100
AcDbEntity
 67
     0
  8
KAPI
  6
Byblock
 62
   256
 60
     0
 48
1.0
370
    -1
100
AcDbPolyline
 90
        4
 10
75015.1686
 20
21090.3459
 10
75015.1686
 20
21093.3459
 10
74919.1686
 20
21093.3459
 10
74919.1686
 20
21090.3459
  0
ARC
  5
132B4D
330
1F
100
AcDbEntity
 67
     0
  8
KAPI
  6
ACAD_ISO03W100
 62
   256
 60
     0
 48
1.0
370
    -1
100
AcDbCircle
 39
0.0
 10
74919.1686
 20
21090.3459
 30
0.0
 40
96.0
100
AcDbArc
 50
0.0
 51
90.0
  0
TEXT
  5
132B50
330
1F
100
AcDbEntity
 67
     0
  8
a_yazı
  6
Continuous
 62
   256
 60
     0
 48
1.0
370
    -1
100
AcDbText
  1
Yerden cam h:29cm
 10
75092.1691
 20
20978.7557
 30
0.0
 39
0.0
 40
12.3068
  7
ARIEL50M
100
AcDbText
  0
LINE
  5
132B51
330
1F
100
AcDbEntity
 67
     0
  8
A_WALL_BLOK-15
  6
Byblock
 62
   256
 60
     0
 48
1.0
370
    -1
100
AcDbLine
 39
0.0
 10
75786.668
 20
22710.3459
 30
0.0
 11
75446.168
 21
22710.3459
 31
0.0
  0
LINE
  5
132B52
330
1F
100
AcDbEntity
 67
     0
  8
A_WALL_BLOK-15
  6
Byblock
 62
   256
 60
     0
 48
1.0
370
    -1
100
AcDbLine
 39
0.0
 10
75786.668
 20
22695.3459
 30
0.0
 11
75446.168
 21
22695.3459
 31
0.0
  0
LINE
  5
132B53
330
1F
100
AcDbEntity
 67
     0
  8
A_WALL_BLOK-15
  6
Byblock
 62
   256
 60
     0
 48
1.0
370
    -1
100
AcDbLine
 39
0.0
 10
74905.6677
 20
20955.3439
 30
0.0
 11
75173.168
 21
20955.3645
 31
0.0
  0
TEXT
  5
132B54
330
1F
100
AcDbEntity
 67
     0
  8
a_yazı
  6
Continuous
 62
   256
 60
     0
 48
1.0
370
    -1
100
AcDbText
  1
Yerden cam h:29cm
 10
73913.052
 20
20978.7557
 30
0.0
 39
0.0
 40
12.3068
  7
ARIEL50M
100
AcDbText
  0
HATCH
  5
132B55
330
1F
100
AcDbEntity
 67
     0
  8
CAM
  6
Continuous
 62
   251
420
-1033673626
 60
     0
 48
1.0
370
    -1
100
AcDbHatch
 10
0.0
 20
0.0
 30
0.0
210
0.0
220
0.0
230
1.0
  2
AR-BRSTD
 70
     0
 71
     1
 91
        2
 92
        7
 72
     1
 73
     1
 93
        3
 10
74713.668
 20
21057.7944
 42
0.0
 10
74713.668
 20
20970.3459
 42
0.0
 10
74798.168
 20
20970.3459
 42
0.4042
 97
        3
330
132B58
330
132B5A
330
132B59
 92
        7
 72
     1
 73
     1
 93
        3
 10
74895.168
 20
21070.3008
 42
0.4055
 10
74798.168
 20
20970.3459
 42
0.0
 10
74895.168
 20
20970.3459
 42
0.0
 97
        3
330
132B57
330
132B5A
330
132B56
 75
     1
 76
     1
 52
90.0
 41
0.5
 77
     0
 78
     2
 53
90.0
 43
57934.8328
 44
381.2587
 45
-33.8709
 46
0.0
 79
     0
 53
180.0
 43
57934.8328
 44
381.2587
 45
-33.8709
 46
-50.8
 79
     2
 49
33.8709
 49
-33.8709
 47
1.3717
 98
        2
 10
74761.5295
 20
21018.0378
 10
74847.9931
 20
21008.4358
1001
GradientColor1ACI
1070
     5
1001
GradientColor2ACI
1070
     2
1001
ACAD
1010
0.0
1020
0.0
1030
0.0
  0
LWPOLYLINE
  5
132B56
330
1F
100
AcDbEntity
 67
     0
  8
KAPI
  6
Byblock
 62
   256
 60
     0
 48
1.0
370
    -1
100
AcDbPolyline
 90
        4
 70
     1
 10
74898.168
 20
20970.3459
 10
74898.168
 20
21070.3459
 10
74895.168
 20
21070.3459
 10
74895.168
 20
20970.3459
  0
ARC
  5
132B57
330
1F
100
AcDbEntity
 67
     0
  8
KAPI
  6
ACAD_ISO03W100
 62
   256
 60
     0
 48
1.0
370
    -1
100
AcDbCircle
 39
0.0
 10
74898.168
 20
20970.3459
 30
0.0
 40
100.0
100
AcDbArc
 50
90.0
 51
180.0
  0
LWPOLYLINE
  5
132B58
330
1F
100
AcDbEntity
 67
     0
  8
KAPI
  6
Byblock
 62
   256
 60
     0
 48
1.0
370
    -1
100
AcDbPolyline
 90
        4
 70
     1
 10
74710.668
 20
21057.8459
 10
74713.668
 20
21057.8459
 10
74713.668
 20
20970.3459
 10
74710.668
 20
20970.3459
  0
ARC
  5
132B59
330
1F
100
AcDbEntity
 67
     0
  8
KAPI
  6
ACAD_ISO03W100
 62
   256
 60
     0
 48
1.0
370
    -1
100
AcDbCircle
 39
0.0
 10
74710.668
 20
20970.3459
 30
0.0
 40
87.5
100
AcDbArc
 50
0.0
 51
90.0
  0
LWPOLYLINE
  5
132B5A
330
1F
100
AcDbEntity
 67
     0
  8
A_INT_STAIR
  6
Continuous
 62
   256
 60
     0
 48
1.0
370
    -1
100
AcDbPolyline
 90
        4
 70
     1
 10
74898.168
 20
20940.3459
 10
74710.668
 20
20940.3459
 10
74710.668
 20
20970.3459
 10
74898.168
 20
20970.3459
  0
LWPOLYLINE
  5
132B5B
330
1F
100
AcDbEntity
 67
     0
  8
A_INT_STAIR
  6
Continuous
 62
   256
 60
     0
 48
1.0
370
    -1
100
AcDbPolyline
 90
        4
 70
     1
 10
74898.168
 20
20910.3293
 10
74710.668
 20
20910.3293
 10
74710.668
 20
20940.3293
 10
74898.168
 20
20940.3293
  0
LWPOLYLINE
  5
132B5C
330
1F
100
AcDbEntity
 67
     0
  8
A_INT_STAIR
  6
Continuous
 62
   256
 60
     0
 48
1.0
370
    -1
100
AcDbPolyline
 90
        4
 70
     1
 10
74898.168
 20
20880.3127
 10
74710.668
 20
20880.3127
 10
74710.668
 20
20910.3127
 10
74898.168
 20
20910.3127
  0
TEXT
  5
132B5D
330
1F
100
AcDbEntity
 67
     0
  8
a_yazı
  6
Continuous
 62
   256
 60
     0
 48
1.0
370
    -1
100
AcDbText
  1
A BLOK -2. KAT KANTİN REV1
 10
73051.9899
 20
23169.1406
 30
0.0
 39
0.0
 40
56.2714
  7
ARIEL50M
100
AcDbText
  0
ARC
  5
132B5E
330
1F
100
AcDbEntity
 67
     0
  8
tefriş
  6
Continuous
 62
   256
 60
     0
 48
1.0
370
    -1
100
AcDbCircle
 39
0.0
 10
73861.8219
 20
21782.5959
 30
0.0
 40
146.3461
100
AcDbArc
 50
267.0021
 51
92.9979
  0
TEXT
  5
132B5F
330
1F
100
AcDbEntity
 67
     0
  8
a_yazı
  6
Continuous
 62
   256
 60
     0
 48
1.0
370
    -1
100
AcDbText
  1
SAHNE
 10
73968.2219
 20
21747.6406
 30
0.0
 39
0.0
 40
16.6947
 50
90.0
  7
ARIEL50M
100
AcDbText
  0
TEXT
  5
132B60
330
1F
100
AcDbEntity
 67
     0
  8
a_yazı
  6
Continuous
 62
   256
 60
     0
 48
1.0
370
    -1
100
AcDbText
  1
AHŞAP KÜRSÜ 15CM YÜKSEKLİKTEDİR.
 10
74017.9527
 20
21704.1667
 30
0.0
 39
0.0
 40
6.1534
 50
90.0
  7
ARIEL50M
100
AcDbText
  0
LWPOLYLINE
  5
132B61
330
1F
100
AcDbEntity
 67
     0
  8
tefriş
  6
Continuous
 62
   256
 60
     0
 48
1.0
370
    -1
100
AcDbPolyline
 90
        2
 10
73858.168
 20
22129.8459
 10
73858.168
 20
21435.3459
  0
TEXT
  5
132B62
330
1F
100
AcDbEntity
 67
     0
  8
a_yazı
  6
Continuous
 62
   256
 60
     0
 48
1.0
370
    -1
100
AcDbText
  1
Duvar sahne arkası ateş tuğla ile kaplıdır
 10
73903.9556
 20
21806.4319
 30
0.0
 39
0.0
 40
6.1534
 50
270.0
  7
ARIEL50M
100
AcDbText
  0
LINE
  5
132B63
330
1F
100
AcDbEntity
 67
     0
  8
a_yazı
  6
Continuous
 62
   256
 60
     0
 48
1.0
370
    -1
100
AcDbLine
 39
0.0
 10
73906.5444
 20
21815.3396
 30
0.0
 11
73906.5444
 21
21806.8131
 31
0.0
  0
LINE
  5
132B64
330
1F
100
AcDbEntity
 67
     0
  8
a_yazı
  6
Continuous
 62
   256
 60
     0
 48
1.0
370
    -1
100
AcDbLine
 39
0.0
 10
73906.5444
 20
21815.3396
 30
0.0
 11
73854.7619
 21
21815.3396
 31
0.0
  0
TEXT
  5
132B68
330
1F
100
AcDbEntity
 67
     0
  8
a_yazı
  6
Continuous
 62
   256
 60
     0
 48
1.0
370
    -1
100
AcDbText
  1
Yanlarda eskitme ayna vardır
 10
73874.7201
 20
21548.9399
 30
0.0
 39
0.0
 40
6.1534
 50
270.0
  7
ARIEL50M
100
AcDbText
  0
LINE
  5
132B69
330
1F
100
AcDbEntity
 67
     0
  8
a_yazı
  6
Continuous
 62
   256
 60
     0
 48
1.0
370
    -1
100
AcDbLine
 39
0.0
 10
73876.3324
 20
21554.6284
 30
0.0
 11
73876.3324
 21
21546.1019
 31
0.0
  0
LINE
  5
132B6A
330
1F
100
AcDbEntity
 67
     0
  8
a_yazı
  6
Continuous
 62
   256
 60
     0
 48
1.0
370
    -1
100
AcDbLine
 39
0.0
 10
73876.3324
 20
21554.6284
 30
0.0
 11
73854.7619
 21
21554.6284
 31
0.0
  0
TEXT
  5
132B6B
330
1F
100
AcDbEntity
 67
     0
  8
a_yazı
  6
Continuous
 62
   256
 60
     0
 48
1.0
370
    -1
100
AcDbText
  1
ATEŞ TUĞLANIN ÜZERİNDE NURTURE YAZACAKTIR
 10
73874.6417
 20
21643.0459
 30
0.0
 39
0.0
 40
7.9428
 50
90.0
  7
ARIEL50M
100
AcDbText
  0
MTEXT
  5
132B6C
330
1F
100
AcDbEntity
 67
     0
  8
A_TXT_ROOM
  6
Continuous
 62
   256
 60
     0
 48
1.0
370
    -1
100
AcDbMText
 10
74185.8887
 20
22797.9704
 30
0.0
210
0.0
220
0.0
230
1.0
 40
15.0
 41
2105.7778
 50
0.0
 71
     1
 72
     5
  1
KANTİN DEPO
  7
ARIEL50S
 11
1.0
 21
-0.0
 31
0.0
 42
139.5737
 73
     1
 44
1.0
 90
        0
 75
     0
 78
     0
 79
     0
 48
0.0
 49
0.0
  0
LWPOLYLINE
  5
132B6E
330
1F
100
AcDbEntity
 67
     0
  8
KAPI
  6
Continuous
 62
   256
 60
     0
 48
1.0
370
    -1
100
AcDbPolyline
 90
        3
 10
73877.168
 20
22716.3459
 10
73877.168
 20
22816.3459
 10
73874.168
 20
22816.3459
  0
LWPOLYLINE
  5
132B6F
330
1F
100
AcDbEntity
 67
     0
  8
Alçıpan
  6
Continuous
 62
   256
 60
     0
 48
1.0
370
    -1
100
AcDbPolyline
 90
        2
 10
73859.168
 20
22716.3459
 10
73877.168
 20
22716.3459
  0
LWPOLYLINE
  5
132B70
330
1F
100
AcDbEntity
 67
     0
  8
Alçıpan
  6
Continuous
 62
   256
 60
     0
 48
1.0
370
    -1
100
AcDbPolyline
 90
        3
 10
74645.668
 20
22716.3459
 10
73974.168
 20
22716.3459
 10
73974.168
 20
22701.3459
  0
ARC
  5
132B71
330
1F
100
AcDbEntity
 67
     0
  8
KAPI
  6
ACAD_ISO03W100
 62
   256
 60
     0
 48
1.0
370
    -1
100
AcDbCircle
 39
0.0
 10
73874.168
 20
22716.3459
 30
0.0
 40
100.0
100
AcDbArc
 50
0.0
 51
90.0
  0
LINE
  5
132B73
330
1F
100
AcDbEntity
 67
     0
  8
tefriş
  6
Continuous
 62
     1
 60
     0
 48
1.0
370
    30
100
AcDbLine
 39
0.0
 10
74387.168
 20
22699.3541
 30
0.0
 11
74645.668
 21
22699.3541
 31
0.0
  0
TEXT
  5
132B74
330
1F
100
AcDbEntity
 67
     0
  8
a_yazı
  6
Continuous
 62
   256
 60
     0
 48
1.0
370
    -1
100
AcDbText
  1
Duvar resmi yapılacaktır.
 10
74474.5092
 20
22690.0925
 30
0.0
 39
0.0
 40
6.1534
  7
ARIEL50M
100
AcDbText
  0
LINE
  5
132B75
330
1F
100
AcDbEntity
 67
     0
  8
Alçıpan
  6
ACAD_ISO07W100
 62
   256
 60
     0
 48
1.0
370
    -1
100
AcDbLine
 39
0.0
 10
74645.668
 20
22267.8459
 30
0.0
 11
73859.168
 21
22267.8459
 31
0.0
  0
LINE
  5
132B76
330
1F
100
AcDbEntity
 67
     0
  8
Alçıpan
  6
ACAD_ISO07W100
 62
   256
 60
     0
 48
1.0
370
    -1
100
AcDbLine
 39
0.0
 10
74652.168
 20
22083.3644
 30
0.0
 11
73854.168
 21
22083.3644
 31
0.0
  0
LINE
  5
132B77
330
1F
100
AcDbEntity
 67
     0
  8
Alçıpan
  6
ACAD_ISO07W100
 62
   256
 60
     0
 48
1.0
370
    -1
100
AcDbLine
 39
0.0
 10
74228.668
 20
22780.3459
 30
0.0
 11
74228.668
 21
22267.8459
 31
0.0
  0
LINE
  5
132B78
330
1F
100
AcDbEntity
 67
     0
  8
Alçıpan
  6
ACAD_ISO07W100
 62
   256
 60
     0
 48
1.0
370
    -1
100
AcDbLine
 39
0.0
 10
74265.668
 20
22780.3459
 30
0.0
 11
74265.668
 21
22267.8459
 31
0.0
  0
LWPOLYLINE
  5
132B7A
330
1F
100
AcDbEntity
 67
     0
  8
CAM
  6
Continuous
 62
   256
 60
     0
 48
1.0
370
    -1
100
AcDbPolyline
 90
        3
 10
74404.168
 20
22491.3459
 10
74404.168
 20
22421.3459
 10
74259.168
 20
22421.3459
  0
LWPOLYLINE
  5
132B7B
330
1F
100
AcDbEntity
 67
     0
  8
CAM
  6
Continuous
 62
   256
 60
     0
 48
1.0
370
    -1
100
AcDbPolyline
 90
        4
 70
     1
 10
74402.168
 20
22489.3459
 10
74402.168
 20
22423.3459
 10
74261.168
 20
22423.3459
 10
74261.168
 20
22489.3459
  0
LINE
  5
132B7C
330
1F
100
AcDbEntity
 67
     0
  8
tefriş
  6
Continuous
 62
   256
 60
     0
 48
1.0
370
    -1
100
AcDbLine
 39
0.0
 10
74259.168
 20
22491.3459
 30
0.0
 11
74259.168
 21
22401.3459
 31
0.0
  0
LINE
  5
132B7D
330
1F
100
AcDbEntity
 67
     0
  8
tefriş
  6
Continuous
 62
   256
 60
     0
 48
1.0
370
    -1
100
AcDbLine
 39
0.0
 10
74259.168
 20
22446.3459
 30
0.0
 11
74159.168
 21
22446.3459
 31
0.0
  0
TEXT
  5
132B7E
330
1F
100
AcDbEntity
 67
     0
  8
a_yazı
  6
Continuous
 62
   256
 60
     0
 48
1.0
370
    -1
100
AcDbText
  1
Tatlı Teşhir
 10
74312.1643
 20
22456.1453
 30
0.0
 39
0.0
 40
6.1534
  7
ARIEL50M
100
AcDbText
  0
TEXT
  5
132B7F
330
1F
100
AcDbEntity
 67
     0
  8
a_yazı
  6
Continuous
 62
   256
 60
     0
 48
1.0
370
    -1
100
AcDbText
  1
Kasa
 10
74200.5822
 20
22420.2312
 30
0.0
 39
0.0
 40
6.1534
  7
ARIEL50M
100
AcDbText
  0
LINE
  5
132B81
330
1F
100
AcDbEntity
 67
     0
  8
tefriş
  6
Continuous
 62
   256
 60
     0
 48
1.0
370
    -1
100
AcDbLine
 39
0.0
 10
74159.168
 20
22491.3459
 30
0.0
 11
74159.168
 21
22421.3459
 31
0.0
  0
LWPOLYLINE
  5
132B82
330
1F
100
AcDbEntity
 67
     0
  8
tefriş
  6
Continuous
 62
   256
 60
     0
 48
1.0
370
    -1
100
AcDbPolyline
 90
        2
 10
73979.168
 20
22421.3459
 10
73979.168
 20
22491.3459
  0
LWPOLYLINE
  5
132B84
330
1F
100
AcDbEntity
 67
     0
  8
tefriş
  6
Continuous
 62
   256
 60
     0
 48
1.0
370
    -1
100
AcDbPolyline
 90
        2
 10
73979.168
 20
22418.1777
 10
73979.168
 20
22421.1777
  0
LWPOLYLINE
  5
132B85
330
1F
100
AcDbEntity
 67
     0
  8
tefriş
  6
Continuous
 62
   256
 60
     0
 48
1.0
370
    -1
100
AcDbPolyline
 90
        2
 10
73979.168
 20
22421.3459
 10
74159.168
 20
22421.3459
  0
LWPOLYLINE
  5
132B86
330
1F
100
AcDbEntity
 67
     0
  8
tefriş
  6
Continuous
 62
   256
 60
     0
 48
1.0
370
    -1
100
AcDbPolyline
 90
        2
 10
74429.168
 20
22491.3459
 10
74429.168
 20
22401.3459
  0
LWPOLYLINE
  5
132B87
330
1F
100
AcDbEntity
 67
     0
  8
tefriş
  6
Continuous
 62
   256
 60
     0
 48
1.0
370
    -1
100
AcDbPolyline
 90
        2
 10
73859.168
 20
22491.3459
 10
74429.168
 20
22491.3459
  0
TEXT
  5
132B88
330
1F
100
AcDbEntity
 67
     0
  8
a_yazı
  6
Continuous
 62
   256
 60
     0
 48
1.0
370
    -1
100
AcDbText
  1
Servis Alanı
 10
73897.5966
 20
22433.6072
 30
0.0
 39
0.0
 40
6.1534
  7
ARIEL50M
100
AcDbText
  0
TEXT
  5
132B89
330
1F
100
AcDbEntity
 67
     0
  8
a_yazı
  6
Continuous
 62
   256
 60
     0
 48
1.0
370
    -1
100
AcDbText
  1
Kahve-Çay Hazırlama Alanı
 10
74015.4677
 20
22472.5399
 30
0.0
 39
0.0
 40
6.1534
  7
ARIEL50M
100
AcDbText
  0
LINE
  5
132B8A
330
1F
100
AcDbEntity
 67
     0
  8
tefriş
  6
Continuous
 62
   256
 60
     0
 48
1.0
370
    -1
100
AcDbLine
 39
0.0
 10
73979.168
 20
22421.1777
 30
0.0
 11
74159.168
 21
22421.1777
 31
0.0
  0
LINE
  5
132B8B
330
1F
100
AcDbEntity
 67
     0
  8
tefriş
  6
Continuous
 62
   256
 60
     0
 48
1.0
370
    -1
100
AcDbLine
 39
0.0
 10
73979.168
 20
22418.1777
 30
0.0
 11
74159.168
 21
22418.1777
 31
0.0
  0
LINE
  5
132B8C
330
1F
100
AcDbEntity
 67
     0
  8
tefriş
  6
Continuous
 62
   256
 60
     0
 48
1.0
370
    -1
100
AcDbLine
 39
0.0
 10
74159.168
 20
22421.1777
 30
0.0
 11
74159.168
 21
22418.1777
 31
0.0
  0
LWPOLYLINE
  5
132B8F
330
1F
100
AcDbEntity
 67
     0
  8
tefriş
  6
Continuous
 62
   256
 60
     0
 48
1.0
370
    -1
100
AcDbPolyline
 90
        2
 10
74387.168
 20
22641.3459
 10
74387.168
 20
22701.3459
  0
LWPOLYLINE
  5
132B90
330
1F
100
AcDbEntity
 67
     0
  8
tefriş
  6
Continuous
 62
   256
 60
     0
 48
1.0
370
    -1
100
AcDbPolyline
 90
        3
 10
74001.168
 20
22701.3459
 10
74001.168
 20
22641.3459
 10
74387.168
 20
22641.3459
  0
TEXT
  5
132B91
330
1F
100
AcDbEntity
 67
     0
  8
a_yazı
  6
Continuous
 62
   256
 60
     0
 48
1.0
370
    -1
100
AcDbText
  1
Hazırlık Tezgahı
 10
74018.8017
 20
22672.5866
 30
0.0
 39
0.0
 40
6.1534
  7
ARIEL50M
100
AcDbText
  0
TEXT
  5
132B92
330
1F
100
AcDbEntity
 67
     0
  8
a_yazı
  6
Continuous
 62
   256
 60
     0
 48
1.0
370
    -1
100
AcDbText
  1
Hazırlık Tezgahı
 10
74255.5583
 20
22671.9258
 30
0.0
 39
0.0
 40
6.1534
  7
ARIEL50M
100
AcDbText
  0
INSERT
  5
132B93
330
1F
100
AcDbEntity
 67
     0
  8
tefriş
  6
Continuous
 62
   256
 60
     0
 48
1.0
370
    -1
100
AcDbBlockReference
 66
     0
  2
kitchen sink3
 10
74141.0728
 20
22696.3385
 30
0.0
 41
0.1
 42
0.1
 43
0.1
 50
0.0
 70
     0
 71
     0
 44
0.0
 45
0.0
210
0.0
220
0.0
230
1.0
1001
PE_URL
1000
https://arkipedia.net/
1002
{
1002
{
1071
        0
1002
}
1002
}
  0
LINE
  5
132B94
330
1F
100
AcDbEntity
 67
     0
  8
Layer3
  6
ACAD_ISO04W100
 62
   256
 60
     0
 48
5.0
370
    -1
100
AcDbLine
 39
0.0
 10
73693.0155
 20
22353.0812
 30
0.0
 11
74834.6704
 21
22353.0812
 31
0.0
  0
LWPOLYLINE
  5
132B95
330
1F
100
AcDbEntity
 67
     0
  8
Layer3
  6
Continuous
 62
   256
 60
     0
 48
1.0
370
    -1
100
AcDbPolyline
 90
        3
 70
     1
 10
74745.1893
 20
22360.4416
 10
74825.1893
 20
22360.4416
 10
74785.1893
 20
22400.4416
  0
TEXT
  5
132B96
330
1F
100
AcDbEntity
 67
     0
  8
a_yazı
  6
Continuous
 62
   256
 60
     0
 48
1.0
370
    -1
100
AcDbText
  1
A
 10
74759.5886
 20
22277.3119
 30
0.0
 39
0.0
 40
45.0171
  7
ARIEL50M
100
AcDbText
  0
LWPOLYLINE
  5
132B97
330
1F
100
AcDbEntity
 67
     0
  8
Layer3
  6
Continuous
 62
   256
 60
     0
 48
1.0
370
    -1
100
AcDbPolyline
 90
        3
 70
     1
 10
73704.7145
 20
22360.4416
 10
73784.7145
 20
22360.4416
 10
73744.7145
 20
22400.4416
  0
TEXT
  5
132B98
330
1F
100
AcDbEntity
 67
     0
  8
a_yazı
  6
Continuous
 62
   256
 60
     0
 48
1.0
370
    -1
100
AcDbText
  1
A
 10
73719.1139
 20
22277.3119
 30
0.0
 39
0.0
 40
45.0171
  7
ARIEL50M
100
AcDbText
  0
LINE
  5
132B99
330
1F
100
AcDbEntity
 67
     0
  8
Layer3
  6
ACAD_ISO04W100
 62
   256
 60
     0
 48
5.0
370
    -1
100
AcDbLine
 39
0.0
 10
74444.6155
 20
23248.5755
 30
0.0
 11
74444.6155
 21
20714.4371
 31
0.0
  0
LWPOLYLINE
  5
132B9A
330
1F
100
AcDbEntity
 67
     0
  8
Layer3
  6
Continuous
 62
   256
 60
     0
 48
1.0
370
    -1
100
AcDbPolyline
 90
        3
 70
     1
 10
74418.4844
 20
23230.6088
 10
74418.4844
 20
23150.6088
 10
74458.4844
 20
23190.6088
  0
TEXT
  5
132B9B
330
1F
100
AcDbEntity
 67
     0
  8
a_yazı
  6
Continuous
 62
   256
 60
     0
 48
1.0
370
    -1
100
AcDbText
  1
B
 10
74335.3547
 20
23216.2094
 30
0.0
 39
0.0
 40
45.0171
 50
270.0
  7
ARIEL50M
100
AcDbText
  0
LWPOLYLINE
  5
132B9C
330
1F
100
AcDbEntity
 67
     0
  8
Layer3
  6
Continuous
 62
   256
 60
     0
 48
1.0
370
    -1
100
AcDbPolyline
 90
        3
 70
     1
 10
74453.7672
 20
20811.8425
 10
74453.7672
 20
20731.8425
 10
74493.7672
 20
20771.8425
  0
TEXT
  5
132B9D
330
1F
100
AcDbEntity
 67
     0
  8
a_yazı
  6
Continuous
 62
   256
 60
     0
 48
1.0
370
    -1
100
AcDbText
  1
B
 10
74370.6376
 20
20797.4432
 30
0.0
 39
0.0
 40
45.0171
 50
270.0
  7
ARIEL50M
100
AcDbText
  0
LWPOLYLINE
  5
132B9E
330
1F
100
AcDbEntity
 67
     0
  8
ölçü
  6
DUZ
 62
   256
 60
     0
 48
1.0
370
    -1
100
AcDbPolyline
 90
        2
 10
73889.668
 20
21102.8459
 42
0.0
 10
73856.668
 20
21102.8459
 42
0.0
  0
ARC
  5
132B9F
330
1F
100
AcDbEntity
 67
     0
  8
E-Priz
  6
Continuous
 62
   256
 60
     0
 48
1.0
370
    -1
100
AcDbCircle
 39
0.0
 10
74617.5007
 20
22559.0959
 30
0.0
 40
12.96
100
AcDbArc
 50
270.0
 51
90.0
  0
LINE
  5
132BA0
330
1F
100
AcDbEntity
 67
     0
  8
E-Priz
  6
Continuous
 62
   256
 60
     0
 48
1.0
370
    -1
100
AcDbLine
 39
0.0
 10
74630.4607
 20
22559.0959
 30
0.0
 11
74653.1407
 21
22559.0959
 31
0.0
  0
LINE
  5
132BA1
330
1F
100
AcDbEntity
 67
     0
  8
E-Priz
  6
Continuous
 62
   256
 60
     0
 48
1.0
370
    -1
100
AcDbLine
 39
0.0
 10
74633.8962
 20
22546.1359
 30
0.0
 11
74633.8962
 21
22572.0559
 31
0.0
  0
LWPOLYLINE
  5
132BA2
330
1F
100
AcDbEntity
 67
     0
  8
E-Priz
  6
Continuous
 62
     4
 60
     0
 48
1.0
370
    -1
100
AcDbPolyline
 90
        2
 43
2.592
 10
74653.1407
 20
22560.3919
 42
1.0
 10
74653.1407
 20
22557.7999
 42
0.0
  0
TEXT
  5
132BA3
330
1F
100
AcDbEntity
 67
     0
  8
E-Elektrik Yazı
  6
Continuous
 62
   256
 60
     0
 48
1.0
370
    -1
100
AcDbText
  1
x2
 10
74598.2192
 20
22570.8289
 30
0.0
 39
0.0
 40
16.2
 50
270.0
 41
0.8
  7
ARIEL50M
100
AcDbText
  0
ARC
  5
132BA4
330
1F
100
AcDbEntity
 67
     0
  8
E-Priz
  6
Continuous
 62
   256
 60
     0
 48
1.0
370
    -1
100
AcDbCircle
 39
0.0
 10
74617.5007
 20
22359.0959
 30
0.0
 40
12.96
100
AcDbArc
 50
270.0
 51
90.0
  0
LINE
  5
132BA5
330
1F
100
AcDbEntity
 67
     0
  8
E-Priz
  6
Continuous
 62
   256
 60
     0
 48
1.0
370
    -1
100
AcDbLine
 39
0.0
 10
74630.4607
 20
22359.0959
 30
0.0
 11
74653.1407
 21
22359.0959
 31
0.0
  0
LINE
  5
132BA6
330
1F
100
AcDbEntity
 67
     0
  8
E-Priz
  6
Continuous
 62
   256
 60
     0
 48
1.0
370
    -1
100
AcDbLine
 39
0.0
 10
74633.8962
 20
22346.1359
 30
0.0
 11
74633.8962
 21
22372.0559
 31
0.0
  0
LWPOLYLINE
  5
132BA7
330
1F
100
AcDbEntity
 67
     0
  8
E-Priz
  6
Continuous
 62
     4
 60
     0
 48
1.0
370
    -1
100
AcDbPolyline
 90
        2
 43
2.592
 10
74653.1407
 20
22360.3919
 42
1.0
 10
74653.1407
 20
22357.7999
 42
0.0
  0
TEXT
  5
132BA8
330
1F
100
AcDbEntity
 67
     0
  8
E-Elektrik Yazı
  6
Continuous
 62
   256
 60
     0
 48
1.0
370
    -1
100
AcDbText
  1
x2
 10
74598.2192
 20
22370.8289
 30
0.0
 39
0.0
 40
16.2
 50
270.0
 41
0.8
  7
ARIEL50M
100
AcDbText
  0
LWPOLYLINE
  5
132BA9
330
1F
100
AcDbEntity
 67
     0
  8
tefriş
  6
Continuous
 62
   251
420
-1033673626
 60
     0
 48
1.0
370
    -1
100
AcDbPolyline
 90
        4
 70
     1
 10
74142.2031
 20
22426.3459
 10
74142.2031
 20
22466.3459
 10
74062.2031
 20
22466.3459
 10
74062.2031
 20
22426.3459
  0
TEXT
  5
132BAA
330
1F
100
AcDbEntity
 67
     0
  8
a_yazı
  6
Continuous
 62
   256
 60
     0
 48
1.0
370
    -1
100
AcDbText
  1
Kahve Mak.
 10
74079.0502
 20
22436.7766
 30
0.0
 39
0.0
 40
6.1534
  7
ARIEL50M
100
AcDbText
  0
ARC
  5
132BAB
330
1F
100
AcDbEntity
 67
     0
  8
E-Priz
  6
Continuous
 62
   256
 60
     0
 48
1.0
370
    -1
100
AcDbCircle
 39
0.0
 10
74019.0141
 20
22441.4818
 30
0.0
 40
12.96
100
AcDbArc
 50
180.0
 51
0.0
  0
LINE
  5
132BAC
330
1F
100
AcDbEntity
 67
     0
  8
E-Priz
  6
Continuous
 62
   256
 60
     0
 48
1.0
370
    -1
100
AcDbLine
 39
0.0
 10
74019.0141
 20
22428.5218
 30
0.0
 11
74019.0141
 21
22405.8418
 31
0.0
  0
LINE
  5
132BAD
330
1F
100
AcDbEntity
 67
     0
  8
E-Priz
  6
Continuous
 62
   256
 60
     0
 48
1.0
370
    -1
100
AcDbLine
 39
0.0
 10
74006.0541
 20
22425.0863
 30
0.0
 11
74031.9741
 21
22425.0863
 31
0.0
  0
LWPOLYLINE
  5
132BAE
330
1F
100
AcDbEntity
 67
     0
  8
E-Priz
  6
Continuous
 62
     4
 60
     0
 48
1.0
370
    -1
100
AcDbPolyline
 90
        2
 43
2.592
 10
74020.3101
 20
22405.8418
 42
1.0
 10
74017.7181
 20
22405.8418
 42
0.0
  0
TEXT
  5
132BAF
330
1F
100
AcDbEntity
 67
     0
  8
E-Elektrik Yazı
  6
Continuous
 62
   256
 60
     0
 48
1.0
370
    -1
100
AcDbText
  1
x2
 10
74030.7472
 20
22460.7633
 30
0.0
 39
0.0
 40
16.2
 50
180.0
 41
0.8
  7
ARIEL50M
100
AcDbText
  0
ARC
  5
132BB0
330
1F
100
AcDbEntity
 67
     0
  8
E-Priz
  6
Continuous
 62
   256
 60
     0
 48
1.0
370
    -1
100
AcDbCircle
 39
0.0
 10
74177.7176
 20
22441.4818
 30
0.0
 40
12.96
100
AcDbArc
 50
180.0
 51
0.0
  0
LINE
  5
132BB1
330
1F
100
AcDbEntity
 67
     0
  8
E-Priz
  6
Continuous
 62
   256
 60
     0
 48
1.0
370
    -1
100
AcDbLine
 39
0.0
 10
74177.7176
 20
22428.5218
 30
0.0
 11
74177.7176
 21
22405.8418
 31
0.0
  0
LINE
  5
132BB2
330
1F
100
AcDbEntity
 67
     0
  8
E-Priz
  6
Continuous
 62
   256
 60
     0
 48
1.0
370
    -1
100
AcDbLine
 39
0.0
 10
74164.7576
 20
22425.0863
 30
0.0
 11
74190.6776
 21
22425.0863
 31
0.0
  0
LWPOLYLINE
  5
132BB3
330
1F
100
AcDbEntity
 67
     0
  8
E-Priz
  6
Continuous
 62
     4
 60
     0
 48
1.0
370
    -1
100
AcDbPolyline
 90
        2
 43
2.592
 10
74179.0136
 20
22405.8418
 42
1.0
 10
74176.4216
 20
22405.8418
 42
0.0
  0
TEXT
  5
132BB4
330
1F
100
AcDbEntity
 67
     0
  8
E-Elektrik Yazı
  6
Continuous
 62
   256
 60
     0
 48
1.0
370
    -1
100
AcDbText
  1
x2
 10
74189.4507
 20
22460.7633
 30
0.0
 39
0.0
 40
16.2
 50
180.0
 41
0.8
  7
ARIEL50M
100
AcDbText
  0
ARC
  5
132BB5
330
1F
100
AcDbEntity
 67
     0
  8
E-Priz
  6
Continuous
 62
   256
 60
     0
 48
1.0
370
    -1
100
AcDbCircle
 39
0.0
 10
74280.5493
 20
22441.4818
 30
0.0
 40
12.96
100
AcDbArc
 50
180.0
 51
0.0
  0
LINE
  5
132BB6
330
1F
100
AcDbEntity
 67
     0
  8
E-Priz
  6
Continuous
 62
   256
 60
     0
 48
1.0
370
    -1
100
AcDbLine
 39
0.0
 10
74280.5493
 20
22428.5218
 30
0.0
 11
74280.5493
 21
22405.8418
 31
0.0
  0
LINE
  5
132BB7
330
1F
100
AcDbEntity
 67
     0
  8
E-Priz
  6
Continuous
 62
   256
 60
     0
 48
1.0
370
    -1
100
AcDbLine
 39
0.0
 10
74267.5893
 20
22425.0863
 30
0.0
 11
74293.5093
 21
22425.0863
 31
0.0
  0
LWPOLYLINE
  5
132BB8
330
1F
100
AcDbEntity
 67
     0
  8
E-Priz
  6
Continuous
 62
     4
 60
     0
 48
1.0
370
    -1
100
AcDbPolyline
 90
        2
 43
2.592
 10
74281.8453
 20
22405.8418
 42
1.0
 10
74279.2533
 20
22405.8418
 42
0.0
  0
TEXT
  5
132BB9
330
1F
100
AcDbEntity
 67
     0
  8
E-Elektrik Yazı
  6
Continuous
 62
   256
 60
     0
 48
1.0
370
    -1
100
AcDbText
  1
x2
 10
74292.2823
 20
22460.7633
 30
0.0
 39
0.0
 40
16.2
 50
180.0
 41
0.8
  7
ARIEL50M
100
AcDbText
  0
ARC
  5
132BBA
330
1F
100
AcDbEntity
 67
     0
  8
E-Priz
  6
Continuous
 62
   256
 60
     0
 48
1.0
370
    -1
100
AcDbCircle
 39
0.0
 10
74337.5555
 20
22671.7608
 30
0.0
 40
12.96
100
AcDbArc
 50
0.0
 51
180.0
  0
LINE
  5
132BBB
330
1F
100
AcDbEntity
 67
     0
  8
E-Priz
  6
Continuous
 62
   256
 60
     0
 48
1.0
370
    -1
100
AcDbLine
 39
0.0
 10
74337.5555
 20
22684.7208
 30
0.0
 11
74337.5555
 21
22707.4008
 31
0.0
  0
LINE
  5
132BBC
330
1F
100
AcDbEntity
 67
     0
  8
E-Priz
  6
Continuous
 62
   256
 60
     0
 48
1.0
370
    -1
100
AcDbLine
 39
0.0
 10
74350.5155
 20
22688.1563
 30
0.0
 11
74324.5955
 21
22688.1563
 31
0.0
  0
LWPOLYLINE
  5
132BBD
330
1F
100
AcDbEntity
 67
     0
  8
E-Priz
  6
Continuous
 62
     4
 60
     0
 48
1.0
370
    -1
100
AcDbPolyline
 90
        2
 43
2.592
 10
74338.8515
 20
22707.4008
 42
1.0
 10
74336.2595
 20
22707.4008
 42
1.0
  0
TEXT
  5
132BBE
330
1F
100
AcDbEntity
 67
     0
  8
E-Elektrik Yazı
  6
Continuous
 62
   256
 60
     0
 48
1.0
370
    -1
100
AcDbText
  1
x4
 10
74325.8225
 20
22652.4793
 30
0.0
 39
0.0
 40
16.2
 41
0.8
  7
ARIEL50M
100
AcDbText
  0
ARC
  5
132BBF
330
1F
100
AcDbEntity
 67
     0
  8
E-Priz
  6
Continuous
 62
   256
 60
     0
 48
1.0
370
    -1
100
AcDbCircle
 39
0.0
 10
74025.0223
 20
22673.7643
 30
0.0
 40
12.96
100
AcDbArc
 50
0.0
 51
180.0
  0
LINE
  5
132BC0
330
1F
100
AcDbEntity
 67
     0
  8
E-Priz
  6
Continuous
 62
   256
 60
     0
 48
1.0
370
    -1
100
AcDbLine
 39
0.0
 10
74025.0223
 20
22686.7243
 30
0.0
 11
74025.0223
 21
22709.4043
 31
0.0
  0
LINE
  5
132BC1
330
1F
100
AcDbEntity
 67
     0
  8
E-Priz
  6
Continuous
 62
   256
 60
     0
 48
1.0
370
    -1
100
AcDbLine
 39
0.0
 10
74037.9823
 20
22690.1598
 30
0.0
 11
74012.0623
 21
22690.1598
 31
0.0
  0
LWPOLYLINE
  5
132BC2
330
1F
100
AcDbEntity
 67
     0
  8
E-Priz
  6
Continuous
 62
     4
 60
     0
 48
1.0
370
    -1
100
AcDbPolyline
 90
        2
 43
2.592
 10
74026.3183
 20
22709.4043
 42
1.0
 10
74023.7263
 20
22709.4043
 42
1.0
  0
TEXT
  5
132BC3
330
1F
100
AcDbEntity
 67
     0
  8
E-Elektrik Yazı
  6
Continuous
 62
   256
 60
     0
 48
1.0
370
    -1
100
AcDbText
  1
x2
 10
74013.2892
 20
22654.4828
 30
0.0
 39
0.0
 40
16.2
 41
0.8
  7
ARIEL50M
100
AcDbText
  0
ARC
  5
132BC4
330
1F
100
AcDbEntity
 67
     0
  8
E-Priz
  6
Continuous
 62
   256
 60
     0
 48
1.0
370
    -1
100
AcDbCircle
 39
0.0
 10
74587.9821
 20
22892.185
 30
0.0
 40
12.96
100
AcDbArc
 50
0.0
 51
180.0
  0
LINE
  5
132BC5
330
1F
100
AcDbEntity
 67
     0
  8
E-Priz
  6
Continuous
 62
   256
 60
     0
 48
1.0
370
    -1
100
AcDbLine
 39
0.0
 10
74587.9821
 20
22905.145
 30
0.0
 11
74587.9821
 21
22927.825
 31
0.0
  0
LINE
  5
132BC6
330
1F
100
AcDbEntity
 67
     0
  8
E-Priz
  6
Continuous
 62
   256
 60
     0
 48
1.0
370
    -1
100
AcDbLine
 39
0.0
 10
74600.9421
 20
22908.5805
 30
0.0
 11
74575.0221
 21
22908.5805
 31
0.0
  0
LWPOLYLINE
  5
132BC7
330
1F
100
AcDbEntity
 67
     0
  8
E-Priz
  6
Continuous
 62
     4
 60
     0
 48
1.0
370
    -1
100
AcDbPolyline
 90
        2
 43
2.592
 10
74589.2781
 20
22927.825
 42
1.0
 10
74586.6861
 20
22927.825
 42
1.0
  0
TEXT
  5
132BC8
330
1F
100
AcDbEntity
 67
     0
  8
E-Elektrik Yazı
  6
Continuous
 62
   256
 60
     0
 48
1.0
370
    -1
100
AcDbText
  1
x2
 10
74576.249
 20
22872.9035
 30
0.0
 39
0.0
 40
16.2
 41
0.8
  7
ARIEL50M
100
AcDbText
  0
ARC
  5
132BC9
330
1F
100
AcDbEntity
 67
     0
  8
E-Priz
  6
Continuous
 62
   256
 60
     0
 48
1.0
370
    -1
100
AcDbCircle
 39
0.0
 10
74299.4543
 20
22895.6481
 30
0.0
 40
12.96
100
AcDbArc
 50
0.0
 51
180.0
  0
LINE
  5
132BCA
330
1F
100
AcDbEntity
 67
     0
  8
E-Priz
  6
Continuous
 62
   256
 60
     0
 48
1.0
370
    -1
100
AcDbLine
 39
0.0
 10
74299.4543
 20
22908.6081
 30
0.0
 11
74299.4543
 21
22931.2881
 31
0.0
  0
LINE
  5
132BCB
330
1F
100
AcDbEntity
 67
     0
  8
E-Priz
  6
Continuous
 62
   256
 60
     0
 48
1.0
370
    -1
100
AcDbLine
 39
0.0
 10
74312.4143
 20
22912.0436
 30
0.0
 11
74286.4943
 21
22912.0436
 31
0.0
  0
LWPOLYLINE
  5
132BCC
330
1F
100
AcDbEntity
 67
     0
  8
E-Priz
  6
Continuous
 62
     4
 60
     0
 48
1.0
370
    -1
100
AcDbPolyline
 90
        2
 43
2.592
 10
74300.7503
 20
22931.2881
 42
1.0
 10
74298.1583
 20
22931.2881
 42
1.0
  0
TEXT
  5
132BCD
330
1F
100
AcDbEntity
 67
     0
  8
E-Elektrik Yazı
  6
Continuous
 62
   256
 60
     0
 48
1.0
370
    -1
100
AcDbText
  1
x2
 10
74287.7212
 20
22876.3666
 30
0.0
 39
0.0
 40
16.2
 41
0.8
  7
ARIEL50M
100
AcDbText
  0
ARC
  5
132BCE
330
1F
100
AcDbEntity
 67
     0
  8
E-Priz
  6
Continuous
 62
   256
 60
     0
 48
1.0
370
    -1
100
AcDbCircle
 39
0.0
 10
73903.1719
 20
22894.0498
 30
0.0
 40
12.96
100
AcDbArc
 50
0.0
 51
180.0
  0
LINE
  5
132BCF
330
1F
100
AcDbEntity
 67
     0
  8
E-Priz
  6
Continuous
 62
   256
 60
     0
 48
1.0
370
    -1
100
AcDbLine
 39
0.0
 10
73903.1719
 20
22907.0098
 30
0.0
 11
73903.1719
 21
22929.6898
 31
0.0
  0
LINE
  5
132BD0
330
1F
100
AcDbEntity
 67
     0
  8
E-Priz
  6
Continuous
 62
   256
 60
     0
 48
1.0
370
    -1
100
AcDbLine
 39
0.0
 10
73916.1319
 20
22910.4452
 30
0.0
 11
73890.2119
 21
22910.4452
 31
0.0
  0
LWPOLYLINE
  5
132BD1
330
1F
100
AcDbEntity
 67
     0
  8
E-Priz
  6
Continuous
 62
     4
 60
     0
 48
1.0
370
    -1
100
AcDbPolyline
 90
        2
 43
2.592
 10
73904.4679
 20
22929.6898
 42
1.0
 10
73901.8759
 20
22929.6898
 42
1.0
  0
TEXT
  5
132BD2
330
1F
100
AcDbEntity
 67
     0
  8
E-Elektrik Yazı
  6
Continuous
 62
   256
 60
     0
 48
1.0
370
    -1
100
AcDbText
  1
x2
 10
73891.4388
 20
22874.7682
 30
0.0
 39
0.0
 40
16.2
 41
0.8
  7
ARIEL50M
100
AcDbText
  0
ARC
  5
132BD3
330
1F
100
AcDbEntity
 67
     0
  8
E-Priz
  6
Continuous
 62
   256
 60
     0
 48
1.0
370
    -1
100
AcDbCircle
 39
0.0
 10
73885.119
 20
22285.5599
 30
0.0
 40
12.96
100
AcDbArc
 50
90.0
 51
270.0
  0
LINE
  5
132BD4
330
1F
100
AcDbEntity
 67
     0
  8
E-Priz
  6
Continuous
 62
   256
 60
     0
 48
1.0
370
    -1
100
AcDbLine
 39
0.0
 10
73872.159
 20
22285.5599
 30
0.0
 11
73849.479
 21
22285.5599
 31
0.0
  0
LINE
  5
132BD5
330
1F
100
AcDbEntity
 67
     0
  8
E-Priz
  6
Continuous
 62
   256
 60
     0
 48
1.0
370
    -1
100
AcDbLine
 39
0.0
 10
73868.7235
 20
22298.5199
 30
0.0
 11
73868.7235
 21
22272.5999
 31
0.0
  0
LWPOLYLINE
  5
132BD6
330
1F
100
AcDbEntity
 67
     0
  8
E-Priz
  6
Continuous
 62
     4
 60
     0
 48
1.0
370
    -1
100
AcDbPolyline
 90
        2
 43
2.592
 10
73849.479
 20
22286.8559
 42
1.0
 10
73849.479
 20
22284.2639
 42
1.0
  0
TEXT
  5
132BD7
330
1F
100
AcDbEntity
 67
     0
  8
E-Elektrik Yazı
  6
Continuous
 62
   256
 60
     0
 48
1.0
370
    -1
100
AcDbText
  1
x2
 10
73904.4005
 20
22273.8269
 30
0.0
 39
0.0
 40
16.2
 50
90.0
 41
0.8
  7
ARIEL50M
100
AcDbText
  0
ARC
  5
132BD8
330
1F
100
AcDbEntity
 67
     0
  8
E-Priz
  6
Continuous
 62
   256
 60
     0
 48
1.0
370
    -1
100
AcDbCircle
 39
0.0
 10
73883.5559
 20
21908.9058
 30
0.0
 40
12.96
100
AcDbArc
 50
90.0
 51
270.0
  0
LINE
  5
132BD9
330
1F
100
AcDbEntity
 67
     0
  8
E-Priz
  6
Continuous
 62
   256
 60
     0
 48
1.0
370
    -1
100
AcDbLine
 39
0.0
 10
73870.5959
 20
21908.9058
 30
0.0
 11
73847.9159
 21
21908.9058
 31
0.0
  0
LINE
  5
132BDA
330
1F
100
AcDbEntity
 67
     0
  8
E-Priz
  6
Continuous
 62
   256
 60
     0
 48
1.0
370
    -1
100
AcDbLine
 39
0.0
 10
73867.1604
 20
21921.8658
 30
0.0
 11
73867.1604
 21
21895.9458
 31
0.0
  0
LWPOLYLINE
  5
132BDB
330
1F
100
AcDbEntity
 67
     0
  8
E-Priz
  6
Continuous
 62
     4
 60
     0
 48
1.0
370
    -1
100
AcDbPolyline
 90
        2
 43
2.592
 10
73847.9159
 20
21910.2018
 42
1.0
 10
73847.9159
 20
21907.6098
 42
1.0
  0
TEXT
  5
132BDC
330
1F
100
AcDbEntity
 67
     0
  8
E-Elektrik Yazı
  6
Continuous
 62
   256
 60
     0
 48
1.0
370
    -1
100
AcDbText
  1
x4
 10
73902.8374
 20
21897.1728
 30
0.0
 39
0.0
 40
16.2
 50
90.0
 41
0.8
  7
ARIEL50M
100
AcDbText
  0
ARC
  5
132BDD
330
1F
100
AcDbEntity
 67
     0
  8
E-Priz
  6
Continuous
 62
   256
 60
     0
 48
1.0
370
    -1
100
AcDbCircle
 39
0.0
 10
73883.5559
 20
21656.2859
 30
0.0
 40
12.96
100
AcDbArc
 50
90.0
 51
270.0
  0
LINE
  5
132BDE
330
1F
100
AcDbEntity
 67
     0
  8
E-Priz
  6
Continuous
 62
   256
 60
     0
 48
1.0
370
    -1
100
AcDbLine
 39
0.0
 10
73870.5959
 20
21656.2859
 30
0.0
 11
73847.9159
 21
21656.2859
 31
0.0
  0
LINE
  5
132BDF
330
1F
100
AcDbEntity
 67
     0
  8
E-Priz
  6
Continuous
 62
   256
 60
     0
 48
1.0
370
    -1
100
AcDbLine
 39
0.0
 10
73867.1604
 20
21643.3259
 30
0.0
 11
73867.1604
 21
21669.2459
 31
0.0
  0
LWPOLYLINE
  5
132BE0
330
1F
100
AcDbEntity
 67
     0
  8
E-Priz
  6
Continuous
 62
     4
 60
     0
 48
1.0
370
    -1
100
AcDbPolyline
 90
        2
 43
2.592
 10
73847.9159
 20
21654.9899
 42
-1.0
 10
73847.9159
 20
21657.5819
 42
-1.0
  0
TEXT
  5
132BE1
330
1F
100
AcDbEntity
 67
     0
  8
E-Elektrik Yazı
  6
Continuous
 62
   256
 60
     0
 48
1.0
370
    -1
100
AcDbText
  1
x4
 10
73902.8374
 20
21649.6398
 30
0.0
 39
0.0
 40
16.2
 50
90.0
 41
0.8
  7
ARIEL50M
100
AcDbText
  0
ARC
  5
132BE2
330
1F
100
AcDbEntity
 67
     0
  8
E-Priz
  6
Continuous
 62
   256
 60
     0
 48
1.0
370
    -1
100
AcDbCircle
 39
0.0
 10
73918.0098
 20
21033.6801
 30
0.0
 40
12.96
100
AcDbArc
 50
90.0
 51
270.0
  0
LINE
  5
132BE3
330
1F
100
AcDbEntity
 67
     0
  8
E-Priz
  6
Continuous
 62
   256
 60
     0
 48
1.0
370
    -1
100
AcDbLine
 39
0.0
 10
73905.0498
 20
21033.6801
 30
0.0
 11
73882.3698
 21
21033.6801
 31
0.0
  0
LINE
  5
132BE4
330
1F
100
AcDbEntity
 67
     0
  8
E-Priz
  6
Continuous
 62
   256
 60
     0
 48
1.0
370
    -1
100
AcDbLine
 39
0.0
 10
73901.6143
 20
21020.7201
 30
0.0
 11
73901.6143
 21
21046.6401
 31
0.0
  0
LWPOLYLINE
  5
132BE5
330
1F
100
AcDbEntity
 67
     0
  8
E-Priz
  6
Continuous
 62
     4
 60
     0
 48
1.0
370
    -1
100
AcDbPolyline
 90
        2
 43
2.592
 10
73882.3698
 20
21032.3841
 42
-1.0
 10
73882.3698
 20
21034.9761
 42
-1.0
  0
TEXT
  5
132BE6
330
1F
100
AcDbEntity
 67
     0
  8
E-Elektrik Yazı
  6
Continuous
 62
   256
 60
     0
 48
1.0
370
    -1
100
AcDbText
  1
x4
 10
73937.2913
 20
21027.034
 30
0.0
 39
0.0
 40
16.2
 50
90.0
 41
0.8
  7
ARIEL50M
100
AcDbText
  0
LINE
  5
132BE8
330
1F
100
AcDbEntity
 67
     0
  8
Alçıpan
  6
Continuous
 62
   256
 60
     0
 48
1.0
370
    -1
100
AcDbLine
 39
0.0
 10
74652.168
 20
21435.3459
 30
0.0
 11
74652.168
 21
22135.3459
 31
0.0
  0
LWPOLYLINE
  5
132BE9
330
1F
100
AcDbEntity
 67
     0
  8
tefriş
  6
Continuous
 62
   256
 60
     0
 48
1.0
370
    -1
100
AcDbPolyline
 90
        2
 10
74632.168
 20
22135.3459
 10
74632.168
 20
21435.3459
  0
MTEXT
  5
132BEB
330
1F
100
AcDbEntity
 67
     0
  8
a_yazı
  6
Continuous
 62
   256
 60
     0
 48
1.0
370
    -1
100
AcDbMText
 10
74568.5191
 20
22093.9608
 30
0.0
210
0.0
220
0.0
230
1.0
 40
6.1534
 41
31.653
 50
0.0
 71
     1
 72
     5
  1
60*60cm masa
  7
ARIEL50M
 11
-0.0
 21
-1.0
 31
0.0
 42
33.0504
 73
     1
 44
1.0
 90
        0
 49
12.5
  0
LWPOLYLINE
  5
132BEC
330
1F
100
AcDbEntity
 67
     0
  8
tefriş
  6
Continuous
 62
   217
420
-1030543473
 60
     0
 48
1.0
370
    -1
100
AcDbPolyline
 90
        8
 10
74585.168
 20
22100.1812
 42
0.4142
 10
74580.168
 20
22105.1812
 42
0.0
 10
74530.168
 20
22105.1812
 42
0.4142
 10
74525.168
 20
22100.1812
 42
0.0
 10
74525.168
 20
22050.1812
 42
0.4142
 10
74530.168
 20
22045.1812
 42
0.0
 10
74580.168
 20
22045.1812
 42
0.4142
 10
74585.168
 20
22050.1812
 42
0.0
  0
LWPOLYLINE
  5
132BED
330
1F
100
AcDbEntity
 67
     0
  8
tefriş
  6
Continuous
 62
   217
420
-1030543473
 60
     0
 48
1.0
370
    -1
100
AcDbPolyline
 90
        8
 10
74585.168
 20
21984.1812
 42
0.4142
 10
74580.168
 20
21989.1812
 42
0.0
 10
74530.168
 20
21989.1812
 42
0.4142
 10
74525.168
 20
21984.1812
 42
0.0
 10
74525.168
 20
21934.1812
 42
0.4142
 10
74530.168
 20
21929.1812
 42
0.0
 10
74580.168
 20
21929.1812
 42
0.4142
 10
74585.168
 20
21934.1812
 42
0.0
  0
LWPOLYLINE
  5
132BEE
330
1F
100
AcDbEntity
 67
     0
  8
tefriş
  6
ACAD_ISO07W100
 62
   217
420
-1030543473
 60
     0
 48
1.0
370
    -1
100
AcDbPolyline
 90
        8
 70
     1
 10
74574.168
 20
21979.1812
 42
0.0
 10
74536.168
 20
21979.1812
 42
0.4142
 10
74535.168
 20
21978.1812
 42
0.0
 10
74535.168
 20
21940.1812
 42
0.4142
 10
74536.168
 20
21939.1812
 42
0.0
 10
74574.168
 20
21939.1812
 42
0.4142
 10
74575.168
 20
21940.1812
 42
0.0
 10
74575.168
 20
21978.1812
 42
0.4142
  0
LWPOLYLINE
  5
132BEF
330
1F
100
AcDbEntity
 67
     0
  8
tefriş
  6
ACAD_ISO07W100
 62
   217
420
-1030543473
 60
     0
 48
1.0
370
    -1
100
AcDbPolyline
 90
        4
 70
     1
 10
74560.168
 20
21964.1812
 10
74550.168
 20
21964.1812
 10
74550.168
 20
21954.1812
 10
74560.168
 20
21954.1812
  0
LWPOLYLINE
  5
132BF0
330
1F
100
AcDbEntity
 67
     0
  8
tefriş
  6
Continuous
 62
   217
420
-1030543473
 60
     0
 48
1.0
370
    -1
100
AcDbPolyline
 90
        8
 10
74585.168
 20
21868.1812
 42
0.4142
 10
74580.168
 20
21873.1812
 42
0.0
 10
74530.168
 20
21873.1812
 42
0.4142
 10
74525.168
 20
21868.1812
 42
0.0
 10
74525.168
 20
21818.1812
 42
0.4142
 10
74530.168
 20
21813.1812
 42
0.0
 10
74580.168
 20
21813.1812
 42
0.4142
 10
74585.168
 20
21818.1812
 42
0.0
  0
LWPOLYLINE
  5
132BF1
330
1F
100
AcDbEntity
 67
     0
  8
tefriş
  6
Continuous
 62
   217
420
-1030543473
 60
     0
 48
1.0
370
    -1
100
AcDbPolyline
 90
        8
 10
74585.168
 20
21752.1812
 42
0.4142
 10
74580.168
 20
21757.1812
 42
0.0
 10
74530.168
 20
21757.1812
 42
0.4142
 10
74525.168
 20
21752.1812
 42
0.0
 10
74525.168
 20
21702.1812
 42
0.4142
 10
74530.168
 20
21697.1812
 42
0.0
 10
74580.168
 20
21697.1812
 42
0.4142
 10
74585.168
 20
21702.1812
 42
0.0
  0
LWPOLYLINE
  5
132BF2
330
1F
100
AcDbEntity
 67
     0
  8
tefriş
  6
Continuous
 62
   217
420
-1030543473
 60
     0
 48
1.0
370
    -1
100
AcDbPolyline
 90
        8
 10
74585.168
 20
21636.1812
 42
0.4142
 10
74580.168
 20
21641.1812
 42
0.0
 10
74530.168
 20
21641.1812
 42
0.4142
 10
74525.168
 20
21636.1812
 42
0.0
 10
74525.168
 20
21586.1812
 42
0.4142
 10
74530.168
 20
21581.1812
 42
0.0
 10
74580.168
 20
21581.1812
 42
0.4142
 10
74585.168
 20
21586.1812
 42
0.0
  0
LWPOLYLINE
  5
132BF3
330
1F
100
AcDbEntity
 67
     0
  8
tefriş
  6
Continuous
 62
   217
420
-1030543473
 60
     0
 48
1.0
370
    -1
100
AcDbPolyline
 90
        8
 10
74585.168
 20
21520.1812
 42
0.4142
 10
74580.168
 20
21525.1812
 42
0.0
 10
74530.168
 20
21525.1812
 42
0.4142
 10
74525.168
 20
21520.1812
 42
0.0
 10
74525.168
 20
21470.1812
 42
0.4142
 10
74530.168
 20
21465.1812
 42
0.0
 10
74580.168
 20
21465.1812
 42
0.4142
 10
74585.168
 20
21470.1812
 42
0.0
  0
ARC
  5
132BF4
330
1F
100
AcDbEntity
 67
     0
  8
E-Priz
  6
Continuous
 62
   256
 60
     0
 48
1.0
370
    -1
100
AcDbCircle
 39
0.0
 10
74543.2061
 20
22017.1812
 30
0.0
 40
12.96
100
AcDbArc
 50
270.0
 51
90.0
  0
LINE
  5
132BF5
330
1F
100
AcDbEntity
 67
     0
  8
E-Priz
  6
Continuous
 62
   256
 60
     0
 48
1.0
370
    -1
100
AcDbLine
 39
0.0
 10
74556.1661
 20
22017.1812
 30
0.0
 11
74578.8461
 21
22017.1812
 31
0.0
  0
LINE
  5
132BF6
330
1F
100
AcDbEntity
 67
     0
  8
E-Priz
  6
Continuous
 62
   256
 60
     0
 48
1.0
370
    -1
100
AcDbLine
 39
0.0
 10
74559.6015
 20
22004.2212
 30
0.0
 11
74559.6015
 21
22030.1412
 31
0.0
  0
LWPOLYLINE
  5
132BF7
330
1F
100
AcDbEntity
 67
     0
  8
E-Priz
  6
Continuous
 62
     4
 60
     0
 48
1.0
370
    -1
100
AcDbPolyline
 90
        2
 43
2.592
 10
74578.8461
 20
22018.4772
 42
1.0
 10
74578.8461
 20
22015.8852
 42
0.0
  0
TEXT
  5
132BF8
330
1F
100
AcDbEntity
 67
     0
  8
E-Elektrik Yazı
  6
Continuous
 62
   256
 60
     0
 48
1.0
370
    -1
100
AcDbText
  1
x2
 10
74523.9245
 20
22028.9142
 30
0.0
 39
0.0
 40
16.2
 50
270.0
 41
0.8
  7
ARIEL50M
100
AcDbText
  0
ARC
  5
132BF9
330
1F
100
AcDbEntity
 67
     0
  8
E-Priz
  6
Continuous
 62
   256
 60
     0
 48
1.0
370
    -1
100
AcDbCircle
 39
0.0
 10
74543.2061
 20
21901.1812
 30
0.0
 40
12.96
100
AcDbArc
 50
270.0
 51
90.0
  0
LINE
  5
132BFA
330
1F
100
AcDbEntity
 67
     0
  8
E-Priz
  6
Continuous
 62
   256
 60
     0
 48
1.0
370
    -1
100
AcDbLine
 39
0.0
 10
74556.1661
 20
21901.1812
 30
0.0
 11
74578.8461
 21
21901.1812
 31
0.0
  0
LWPOLYLINE
  5
132BFB
330
1F
100
AcDbEntity
 67
     0
  8
E-Priz
  6
Continuous
 62
     4
 60
     0
 48
1.0
370
    -1
100
AcDbPolyline
 90
        2
 43
2.592
 10
74578.8461
 20
21902.4772
 42
1.0
 10
74578.8461
 20
21899.8852
 42
0.0
  0
TEXT
  5
132BFC
330
1F
100
AcDbEntity
 67
     0
  8
E-Elektrik Yazı
  6
Continuous
 62
   256
 60
     0
 48
1.0
370
    -1
100
AcDbText
  1
x2
 10
74523.9245
 20
21912.9142
 30
0.0
 39
0.0
 40
16.2
 50
270.0
 41
0.8
  7
ARIEL50M
100
AcDbText
  0
ARC
  5
132BFD
330
1F
100
AcDbEntity
 67
     0
  8
E-Priz
  6
Continuous
 62
   256
 60
     0
 48
1.0
370
    -1
100
AcDbCircle
 39
0.0
 10
74543.2061
 20
21785.1812
 30
0.0
 40
12.96
100
AcDbArc
 50
270.0
 51
90.0
  0
LINE
  5
132BFE
330
1F
100
AcDbEntity
 67
     0
  8
E-Priz
  6
Continuous
 62
   256
 60
     0
 48
1.0
370
    -1
100
AcDbLine
 39
0.0
 10
74556.1661
 20
21785.1812
 30
0.0
 11
74578.8461
 21
21785.1812
 31
0.0
  0
LINE
  5
132BFF
330
1F
100
AcDbEntity
 67
     0
  8
E-Priz
  6
Continuous
 62
   256
 60
     0
 48
1.0
370
    -1
100
AcDbLine
 39
0.0
 10
74559.6015
 20
21772.2212
 30
0.0
 11
74559.6015
 21
21798.1412
 31
0.0
  0
LWPOLYLINE
  5
132C00
330
1F
100
AcDbEntity
 67
     0
  8
E-Priz
  6
Continuous
 62
     4
 60
     0
 48
1.0
370
    -1
100
AcDbPolyline
 90
        2
 43
2.592
 10
74578.8461
 20
21786.4772
 42
1.0
 10
74578.8461
 20
21783.8852
 42
0.0
  0
TEXT
  5
132C01
330
1F
100
AcDbEntity
 67
     0
  8
E-Elektrik Yazı
  6
Continuous
 62
   256
 60
     0
 48
1.0
370
    -1
100
AcDbText
  1
x2
 10
74523.9245
 20
21796.9142
 30
0.0
 39
0.0
 40
16.2
 50
270.0
 41
0.8
  7
ARIEL50M
100
AcDbText
  0
ARC
  5
132C02
330
1F
100
AcDbEntity
 67
     0
  8
E-Priz
  6
Continuous
 62
   256
 60
     0
 48
1.0
370
    -1
100
AcDbCircle
 39
0.0
 10
74543.2061
 20
21669.1812
 30
0.0
 40
12.96
100
AcDbArc
 50
270.0
 51
90.0
  0
LINE
  5
132C03
330
1F
100
AcDbEntity
 67
     0
  8
E-Priz
  6
Continuous
 62
   256
 60
     0
 48
1.0
370
    -1
100
AcDbLine
 39
0.0
 10
74556.1661
 20
21669.1812
 30
0.0
 11
74578.8461
 21
21669.1812
 31
0.0
  0
LINE
  5
132C04
330
1F
100
AcDbEntity
 67
     0
  8
E-Priz
  6
Continuous
 62
   256
 60
     0
 48
1.0
370
    -1
100
AcDbLine
 39
0.0
 10
74559.6015
 20
21656.2212
 30
0.0
 11
74559.6015
 21
21682.1412
 31
0.0
  0
LWPOLYLINE
  5
132C05
330
1F
100
AcDbEntity
 67
     0
  8
E-Priz
  6
Continuous
 62
     4
 60
     0
 48
1.0
370
    -1
100
AcDbPolyline
 90
        2
 43
2.592
 10
74578.8461
 20
21670.4772
 42
1.0
 10
74578.8461
 20
21667.8852
 42
0.0
  0
TEXT
  5
132C06
330
1F
100
AcDbEntity
 67
     0
  8
E-Elektrik Yazı
  6
Continuous
 62
   256
 60
     0
 48
1.0
370
    -1
100
AcDbText
  1
x2
 10
74523.9245
 20
21680.9142
 30
0.0
 39
0.0
 40
16.2
 50
270.0
 41
0.8
  7
ARIEL50M
100
AcDbText
  0
ARC
  5
132C07
330
1F
100
AcDbEntity
 67
     0
  8
E-Priz
  6
Continuous
 62
   256
 60
     0
 48
1.0
370
    -1
100
AcDbCircle
 39
0.0
 10
74543.2061
 20
21553.1812
 30
0.0
 40
12.96
100
AcDbArc
 50
270.0
 51
90.0
  0
LINE
  5
132C08
330
1F
100
AcDbEntity
 67
     0
  8
E-Priz
  6
Continuous
 62
   256
 60
     0
 48
1.0
370
    -1
100
AcDbLine
 39
0.0
 10
74556.1661
 20
21553.1812
 30
0.0
 11
74578.8461
 21
21553.1812
 31
0.0
  0
LINE
  5
132C09
330
1F
100
AcDbEntity
 67
     0
  8
E-Priz
  6
Continuous
 62
   256
 60
     0
 48
1.0
370
    -1
100
AcDbLine
 39
0.0
 10
74559.6015
 20
21540.2212
 30
0.0
 11
74559.6015
 21
21566.1412
 31
0.0
  0
LWPOLYLINE
  5
132C0A
330
1F
100
AcDbEntity
 67
     0
  8
E-Priz
  6
Continuous
 62
     4
 60
     0
 48
1.0
370
    -1
100
AcDbPolyline
 90
        2
 43
2.592
 10
74578.8461
 20
21554.4772
 42
1.0
 10
74578.8461
 20
21551.8852
 42
0.0
  0
TEXT
  5
132C0B
330
1F
100
AcDbEntity
 67
     0
  8
E-Elektrik Yazı
  6
Continuous
 62
   256
 60
     0
 48
1.0
370
    -1
100
AcDbText
  1
x2
 10
74523.9245
 20
21564.9142
 30
0.0
 39
0.0
 40
16.2
 50
270.0
 41
0.8
  7
ARIEL50M
100
AcDbText
  0
LWPOLYLINE
  5
132C0C
330
1F
100
AcDbEntity
 67
     0
  8
ölçü
  6
DUZ
 62
   256
 60
     0
 48
1.0
370
    -1
100
AcDbPolyline
 90
        4
 10
74642.168
 20
21975.8644
 10
74648.168
 20
21975.8644
 10
74648.168
 20
22025.8644
 10
74642.168
 20
22025.8644
  0
LWPOLYLINE
  5
132C0D
330
1F
100
AcDbEntity
 67
     0
  8
ölçü
  6
DUZ
 62
   256
 60
     0
 48
1.0
370
    -1
100
AcDbPolyline
 90
        4
 10
74642.168
 20
21915.8644
 10
74648.168
 20
21915.8644
 10
74648.168
 20
21965.8644
 10
74642.168
 20
21965.8644
  0
LWPOLYLINE
  5
132C0E
330
1F
100
AcDbEntity
 67
     0
  8
ölçü
  6
DUZ
 62
   256
 60
     0
 48
1.0
370
    -1
100
AcDbPolyline
 90
        4
 10
74642.168
 20
21855.8644
 10
74648.168
 20
21855.8644
 10
74648.168
 20
21905.8644
 10
74642.168
 20
21905.8644
  0
LWPOLYLINE
  5
132C12
330
1F
100
AcDbEntity
 67
     0
  8
ölçü
  6
DUZ
 62
   256
 60
     0
 48
1.0
370
    -1
100
AcDbPolyline
 90
        4
 10
74642.168
 20
21795.8644
 10
74648.168
 20
21795.8644
 10
74648.168
 20
21845.8644
 10
74642.168
 20
21845.8644
  0
LWPOLYLINE
  5
132C13
330
1F
100
AcDbEntity
 67
     0
  8
ölçü
  6
DUZ
 62
   256
 60
     0
 48
1.0
370
    -1
100
AcDbPolyline
 90
        4
 10
74642.168
 20
21735.8644
 10
74648.168
 20
21735.8644
 10
74648.168
 20
21785.8644
 10
74642.168
 20
21785.8644
  0
LWPOLYLINE
  5
132C16
330
1F
100
AcDbEntity
 67
     0
  8
ölçü
  6
DUZ
 62
   256
 60
     0
 48
1.0
370
    -1
100
AcDbPolyline
 90
        4
 10
74642.168
 20
21675.8644
 10
74648.168
 20
21675.8644
 10
74648.168
 20
21725.8644
 10
74642.168
 20
21725.8644
  0
LWPOLYLINE
  5
132C17
330
1F
100
AcDbEntity
 67
     0
  8
ölçü
  6
DUZ
 62
   256
 60
     0
 48
1.0
370
    -1
100
AcDbPolyline
 90
        4
 10
74642.168
 20
21615.8644
 10
74648.168
 20
21615.8644
 10
74648.168
 20
21665.8644
 10
74642.168
 20
21665.8644
  0
LWPOLYLINE
  5
132C1A
330
1F
100
AcDbEntity
 67
     0
  8
ölçü
  6
DUZ
 62
   256
 60
     0
 48
1.0
370
    -1
100
AcDbPolyline
 90
        4
 10
74642.168
 20
21555.8644
 10
74648.168
 20
21555.8644
 10
74648.168
 20
21605.8644
 10
74642.168
 20
21605.8644
  0
LINE
  5
132C1C
330
1F
100
AcDbEntity
 67
     0
  8
ölçü
  6
DUZ
 62
   256
 60
     0
 48
1.0
370
    -1
100
AcDbLine
 39
0.0
 10
74642.168
 20
22135.3459
 30
0.0
 11
74642.168
 21
21435.3459
 31
0.0
  0
LWPOLYLINE
  5
132C1E
330
1F
100
AcDbEntity
 67
     0
  8
tefriş
  6
Continuous
 62
   256
 60
     0
 48
1.0
370
    -1
100
AcDbPolyline
 90
        4
 10
74652.168
 20
21435.3459
 10
74585.168
 20
21435.3459
 10
74585.168
 20
22135.3459
 10
74652.168
 20
22135.3459
  0
LWPOLYLINE
  5
132C1F
330
1F
100
AcDbEntity
 67
     0
  8
tefriş
  6
Continuous
 62
     7
 60
     0
 48
1.0
370
    -1
100
AcDbPolyline
 90
        3
 10
74627.168
 20
22028.1812
 42
0.4142
 10
74630.168
 20
22025.1812
 42
0.0
 10
74632.168
 20
22025.1812
 42
0.0
  0
LWPOLYLINE
  5
132C20
330
1F
100
AcDbEntity
 67
     0
  8
tefriş
  6
Continuous
 62
     7
 60
     0
 48
1.0
370
    -1
100
AcDbPolyline
 90
        3
 10
74627.168
 20
21912.1812
 42
0.4142
 10
74630.168
 20
21909.1812
 42
0.0
 10
74632.168
 20
21909.1812
 42
0.0
  0
LWPOLYLINE
  5
132C21
330
1F
100
AcDbEntity
 67
     0
  8
tefriş
  6
Continuous
 62
     7
 60
     0
 48
1.0
370
    -1
100
AcDbPolyline
 90
        3
 10
74627.168
 20
21796.1812
 42
0.4142
 10
74630.168
 20
21793.1812
 42
0.0
 10
74632.168
 20
21793.1812
 42
0.0
  0
LWPOLYLINE
  5
132C22
330
1F
100
AcDbEntity
 67
     0
  8
tefriş
  6
Continuous
 62
     7
 60
     0
 48
1.0
370
    -1
100
AcDbPolyline
 90
        3
 10
74627.168
 20
21680.1812
 42
0.4142
 10
74630.168
 20
21677.1812
 42
0.0
 10
74632.168
 20
21677.1812
 42
0.0
  0
LWPOLYLINE
  5
132C23
330
1F
100
AcDbEntity
 67
     0
  8
tefriş
  6
Continuous
 62
     7
 60
     0
 48
1.0
370
    -1
100
AcDbPolyline
 90
        3
 10
74627.168
 20
21564.1812
 42
0.4142
 10
74630.168
 20
21561.1812
 42
0.0
 10
74632.168
 20
21561.1812
 42
0.0
  0
LWPOLYLINE
  5
132C24
330
1F
100
AcDbEntity
 67
     0
  8
tefriş
  6
Continuous
 62
     7
 60
     0
 48
1.0
370
    -1
100
AcDbPolyline
 90
        3
 10
74627.168
 20
21448.1812
 42
0.4142
 10
74630.168
 20
21445.1812
 42
0.0
 10
74632.168
 20
21445.1812
 42
0.0
  0
LWPOLYLINE
  5
132C25
330
1F
100
AcDbEntity
 67
     0
  8
tefriş
  6
Continuous
 62
     7
 60
     0
 48
1.0
370
    -1
100
AcDbPolyline
 90
        2
 10
74587.168
 20
22017.1812
 42
-0.4142
 10
74585.168
 20
22019.1812
 42
0.0
  0
LWPOLYLINE
  5
132C26
330
1F
100
AcDbEntity
 67
     0
  8
tefriş
  6
Continuous
 62
     7
 60
     0
 48
1.0
370
    -1
100
AcDbPolyline
 90
        2
 10
74587.168
 20
21901.1812
 42
-0.4142
 10
74585.168
 20
21903.1812
 42
0.0
  0
LWPOLYLINE
  5
132C27
330
1F
100
AcDbEntity
 67
     0
  8
tefriş
  6
Continuous
 62
     7
 60
     0
 48
1.0
370
    -1
100
AcDbPolyline
 90
        2
 10
74587.168
 20
21785.1812
 42
-0.4142
 10
74585.168
 20
21787.1812
 42
0.0
  0
LWPOLYLINE
  5
132C28
330
1F
100
AcDbEntity
 67
     0
  8
tefriş
  6
Continuous
 62
     7
 60
     0
 48
1.0
370
    -1
100
AcDbPolyline
 90
        2
 10
74587.168
 20
21669.1812
 42
-0.4142
 10
74585.168
 20
21671.1812
 42
0.0
  0
LWPOLYLINE
  5
132C29
330
1F
100
AcDbEntity
 67
     0
  8
tefriş
  6
Continuous
 62
     7
 60
     0
 48
1.0
370
    -1
100
AcDbPolyline
 90
        2
 10
74587.168
 20
21553.1812
 42
-0.4142
 10
74585.168
 20
21555.1812
 42
0.0
  0
LWPOLYLINE
  5
132C2A
330
1F
100
AcDbEntity
 67
     0
  8
tefriş
  6
Continuous
 62
     7
 60
     0
 48
1.0
370
    -1
100
AcDbPolyline
 90
        8
 10
74585.168
 20
21551.1812
 42
-0.4142
 10
74587.168
 20
21553.1812
 42
0.0
 10
74625.168
 20
21553.1812
 42
-0.4142
 10
74627.168
 20
21551.1812
 42
0.0
 10
74627.168
 20
21439.1812
 42
-0.4142
 10
74625.168
 20
21437.1812
 42
0.0
 10
74587.168
 20
21437.1812
 42
-0.4142
 10
74585.168
 20
21439.1812
 42
0.0
  0
LWPOLYLINE
  5
132C2B
330
1F
100
AcDbEntity
 67
     0
  8
tefriş
  6
ACAD_ISO07W100
 62
   217
420
-1030543473
 60
     0
 48
1.0
370
    -1
100
AcDbPolyline
 90
        8
 70
     1
 10
74574.168
 20
22095.1812
 42
0.0
 10
74536.168
 20
22095.1812
 42
0.4142
 10
74535.168
 20
22094.1812
 42
0.0
 10
74535.168
 20
22056.1812
 42
0.4142
 10
74536.168
 20
22055.1812
 42
0.0
 10
74574.168
 20
22055.1812
 42
0.4142
 10
74575.168
 20
22056.1812
 42
0.0
 10
74575.168
 20
22094.1812
 42
0.4142
  0
LWPOLYLINE
  5
132C2C
330
1F
100
AcDbEntity
 67
     0
  8
tefriş
  6
ACAD_ISO07W100
 62
   217
420
-1030543473
 60
     0
 48
1.0
370
    -1
100
AcDbPolyline
 90
        4
 70
     1
 10
74560.168
 20
22080.1812
 10
74550.168
 20
22080.1812
 10
74550.168
 20
22070.1812
 10
74560.168
 20
22070.1812
  0
LWPOLYLINE
  5
132C2D
330
1F
100
AcDbEntity
 67
     0
  8
tefriş
  6
ACAD_ISO07W100
 62
   217
420
-1030543473
 60
     0
 48
1.0
370
    -1
100
AcDbPolyline
 90
        8
 70
     1
 10
74574.168
 20
21863.1812
 42
0.0
 10
74536.168
 20
21863.1812
 42
0.4142
 10
74535.168
 20
21862.1812
 42
0.0
 10
74535.168
 20
21824.1812
 42
0.4142
 10
74536.168
 20
21823.1812
 42
0.0
 10
74574.168
 20
21823.1812
 42
0.4142
 10
74575.168
 20
21824.1812
 42
0.0
 10
74575.168
 20
21862.1812
 42
0.4142
  0
LWPOLYLINE
  5
132C2E
330
1F
100
AcDbEntity
 67
     0
  8
tefriş
  6
ACAD_ISO07W100
 62
   217
420
-1030543473
 60
     0
 48
1.0
370
    -1
100
AcDbPolyline
 90
        4
 70
     1
 10
74560.168
 20
21848.1812
 10
74550.168
 20
21848.1812
 10
74550.168
 20
21838.1812
 10
74560.168
 20
21838.1812
  0
LWPOLYLINE
  5
132C2F
330
1F
100
AcDbEntity
 67
     0
  8
tefriş
  6
ACAD_ISO07W100
 62
   217
420
-1030543473
 60
     0
 48
1.0
370
    -1
100
AcDbPolyline
 90
        8
 70
     1
 10
74574.168
 20
21747.1812
 42
0.0
 10
74536.168
 20
21747.1812
 42
0.4142
 10
74535.168
 20
21746.1812
 42
0.0
 10
74535.168
 20
21708.1812
 42
0.4142
 10
74536.168
 20
21707.1812
 42
0.0
 10
74574.168
 20
21707.1812
 42
0.4142
 10
74575.168
 20
21708.1812
 42
0.0
 10
74575.168
 20
21746.1812
 42
0.4142
  0
LWPOLYLINE
  5
132C30
330
1F
100
AcDbEntity
 67
     0
  8
tefriş
  6
ACAD_ISO07W100
 62
   217
420
-1030543473
 60
     0
 48
1.0
370
    -1
100
AcDbPolyline
 90
        4
 70
     1
 10
74560.168
 20
21732.1812
 10
74550.168
 20
21732.1812
 10
74550.168
 20
21722.1812
 10
74560.168
 20
21722.1812
  0
LWPOLYLINE
  5
132C31
330
1F
100
AcDbEntity
 67
     0
  8
tefriş
  6
ACAD_ISO07W100
 62
   217
420
-1030543473
 60
     0
 48
1.0
370
    -1
100
AcDbPolyline
 90
        8
 70
     1
 10
74574.168
 20
21631.1812
 42
0.0
 10
74536.168
 20
21631.1812
 42
0.4142
 10
74535.168
 20
21630.1812
 42
0.0
 10
74535.168
 20
21592.1812
 42
0.4142
 10
74536.168
 20
21591.1812
 42
0.0
 10
74574.168
 20
21591.1812
 42
0.4142
 10
74575.168
 20
21592.1812
 42
0.0
 10
74575.168
 20
21630.1812
 42
0.4142
  0
LWPOLYLINE
  5
132C32
330
1F
100
AcDbEntity
 67
     0
  8
tefriş
  6
ACAD_ISO07W100
 62
   217
420
-1030543473
 60
     0
 48
1.0
370
    -1
100
AcDbPolyline
 90
        4
 70
     1
 10
74560.168
 20
21616.1812
 10
74550.168
 20
21616.1812
 10
74550.168
 20
21606.1812
 10
74560.168
 20
21606.1812
  0
LWPOLYLINE
  5
132C33
330
1F
100
AcDbEntity
 67
     0
  8
tefriş
  6
ACAD_ISO07W100
 62
   217
420
-1030543473
 60
     0
 48
1.0
370
    -1
100
AcDbPolyline
 90
        8
 70
     1
 10
74574.168
 20
21515.1812
 42
0.0
 10
74536.168
 20
21515.1812
 42
0.4142
 10
74535.168
 20
21514.1812
 42
0.0
 10
74535.168
 20
21476.1812
 42
0.4142
 10
74536.168
 20
21475.1812
 42
0.0
 10
74574.168
 20
21475.1812
 42
0.4142
 10
74575.168
 20
21476.1812
 42
0.0
 10
74575.168
 20
21514.1812
 42
0.4142
  0
LWPOLYLINE
  5
132C34
330
1F
100
AcDbEntity
 67
     0
  8
tefriş
  6
ACAD_ISO07W100
 62
   217
420
-1030543473
 60
     0
 48
1.0
370
    -1
100
AcDbPolyline
 90
        4
 70
     1
 10
74560.168
 20
21500.1812
 10
74550.168
 20
21500.1812
 10
74550.168
 20
21490.1812
 10
74560.168
 20
21490.1812
  0
MTEXT
  5
132C35
330
1F
100
AcDbEntity
 67
     0
  8
a_yazı
  6
Continuous
 62
   256
 60
     0
 48
1.0
370
    -1
100
AcDbMText
 10
74568.5191
 20
21977.9608
 30
0.0
210
0.0
220
0.0
230
1.0
 40
6.1534
 41
31.653
 50
0.0
 71
     1
 72
     5
  1
60*60cm masa
  7
ARIEL50M
 11
-0.0
 21
-1.0
 31
0.0
 42
33.0504
 73
     1
 44
1.0
 90
        0
 49
12.5
  0
MTEXT
  5
132C36
330
1F
100
AcDbEntity
 67
     0
  8
a_yazı
  6
Continuous
 62
   256
 60
     0
 48
1.0
370
    -1
100
AcDbMText
 10
74568.5191
 20
21861.9608
 30
0.0
210
0.0
220
0.0
230
1.0
 40
6.1534
 41
31.653
 50
0.0
 71
     1
 72
     5
  1
60*60cm masa
  7
ARIEL50M
 11
-0.0
 21
-1.0
 31
0.0
 42
33.0504
 73
     1
 44
1.0
 90
        0
 49
12.5
  0
MTEXT
  5
132C37
330
1F
100
AcDbEntity
 67
     0
  8
a_yazı
  6
Continuous
 62
   256
 60
     0
 48
1.0
370
    -1
100
AcDbMText
 10
74568.5191
 20
21745.9608
 30
0.0
210
0.0
220
0.0
230
1.0
 40
6.1534
 41
31.653
 50
0.0
 71
     1
 72
     5
  1
60*60cm masa
  7
ARIEL50M
 11
-0.0
 21
-1.0
 31
0.0
 42
33.0504
 73
     1
 44
1.0
 90
        0
 49
12.5
  0
MTEXT
  5
132C38
330
1F
100
AcDbEntity
 67
     0
  8
a_yazı
  6
Continuous
 62
   256
 60
     0
 48
1.0
370
    -1
100
AcDbMText
 10
74568.5191
 20
21629.9608
 30
0.0
210
0.0
220
0.0
230
1.0
 40
6.1534
 41
31.653
 50
0.0
 71
     1
 72
     5
  1
60*60cm masa
  7
ARIEL50M
 11
-0.0
 21
-1.0
 31
0.0
 42
33.0504
 73
     1
 44
1.0
 90
        0
 49
12.5
  0
MTEXT
  5
132C39
330
1F
100
AcDbEntity
 67
     0
  8
a_yazı
  6
Continuous
 62
   256
 60
     0
 48
1.0
370
    -1
100
AcDbMText
 10
74568.5191
 20
21513.9608
 30
0.0
210
0.0
220
0.0
230
1.0
 40
6.1534
 41
31.653
 50
0.0
 71
     1
 72
     5
  1
60*60cm masa
  7
ARIEL50M
 11
-0.0
 21
-1.0
 31
0.0
 42
33.0504
 73
     1
 44
1.0
 90
        0
 49
12.5
  0
INSERT
  5
132C3A
330
1F
100
AcDbEntity
 67
     0
  8
ölçü
  6
DUZ
 62
   256
 60
     0
 48
1.0
370
    -1
100
AcDbBlockReference
 66
     0
  2
ggggg
 10
98829.9216
 20
-3542.3194
 30
0.0
 41
1.0
 42
1.0
 43
1.0
 50
90.0
 70
     0
 71
     0
 44
0.0
 45
0.0
210
0.0
220
0.0
230
1.0
  0
INSERT
  5
132C3B
330
1F
100
AcDbEntity
 67
     0
  8
ölçü
  6
DUZ
 62
   256
 60
     0
 48
1.0
370
    -1
100
AcDbBlockReference
 66
     0
  2
ggggg
 10
98829.9216
 20
-3658.3194
 30
0.0
 41
1.0
 42
1.0
 43
1.0
 50
90.0
 70
     0
 71
     0
 44
0.0
 45
0.0
210
0.0
220
0.0
230
1.0
  0
INSERT
  5
132C3C
330
1F
100
AcDbEntity
 67
     0
  8
ölçü
  6
DUZ
 62
   256
 60
     0
 48
1.0
370
    -1
100
AcDbBlockReference
 66
     0
  2
ggggg
 10
98829.9216
 20
-3774.3194
 30
0.0
 41
1.0
 42
1.0
 43
1.0
 50
90.0
 70
     0
 71
     0
 44
0.0
 45
0.0
210
0.0
220
0.0
230
1.0
  0
INSERT
  5
132C3D
330
1F
100
AcDbEntity
 67
     0
  8
ölçü
  6
DUZ
 62
   256
 60
     0
 48
1.0
370
    -1
100
AcDbBlockReference
 66
     0
  2
ggggg
 10
98829.9216
 20
-3890.3194
 30
0.0
 41
1.0
 42
1.0
 43
1.0
 50
90.0
 70
     0
 71
     0
 44
0.0
 45
0.0
210
0.0
220
0.0
230
1.0
  0
INSERT
  5
132C3E
330
1F
100
AcDbEntity
 67
     0
  8
ölçü
  6
DUZ
 62
   256
 60
     0
 48
1.0
370
    -1
100
AcDbBlockReference
 66
     0
  2
ggggg
 10
98829.9216
 20
-3426.3194
 30
0.0
 41
1.0
 42
1.0
 43
1.0
 50
90.0
 70
     0
 71
     0
 44
0.0
 45
0.0
210
0.0
220
0.0
230
1.0
  0
INSERT
  5
132C3F
330
1F
100
AcDbEntity
 67
     0
  8
ölçü
  6
DUZ
 62
   256
 60
     0
 48
1.0
370
    -1
100
AcDbBlockReference
 66
     0
  2
ggggg
 10
98829.9216
 20
-3310.3194
 30
0.0
 41
1.0
 42
1.0
 43
1.0
 50
90.0
 70
     0
 71
     0
 44
0.0
 45
0.0
210
0.0
220
0.0
230
1.0
  0
INSERT
  5
132C40
330
1F
100
AcDbEntity
 67
     0
  8
ölçü
  6
DUZ
 62
   256
 60
     0
 48
1.0
370
    -1
100
AcDbBlockReference
 66
     0
  2
ggggg
 10
99940.6686
 20
45769.9348
 30
0.0
 41
1.0
 42
1.0
 43
1.0
 50
180.0
 70
     0
 71
     0
 44
0.0
 45
0.0
210
0.0
220
0.0
230
1.0
  0
INSERT
  5
132C41
330
1F
100
AcDbEntity
 67
     0
  8
ölçü
  6
DUZ
 62
   256
 60
     0
 48
1.0
370
    -1
100
AcDbBlockReference
 66
     0
  2
ggggg
 10
99940.6686
 20
-2199.5724
 30
0.0
 41
-1.0
 42
1.0
 43
1.0
 50
360.0
 70
     0
 71
     0
 44
0.0
 45
0.0
210
0.0
220
0.0
230
1.0
  0
INSERT
  5
132C42
330
1F
100
AcDbEntity
 67
     0
  8
tefriş
  6
Continuous
 62
   256
 60
     0
 48
1.0
370
    -1
100
AcDbBlockReference
 66
     0
  2
hjdjd
 10
39780.9783
 20
14451.0055
 30
0.0
 41
1.0
 42
1.0
 43
1.0
 50
327.9794
 70
     0
 71
     0
 44
0.0
 45
0.0
210
0.0
220
0.0
230
1.0
  0
INSERT
  5
132C43
330
1F
100
AcDbEntity
 67
     0
  8
tefriş
  6
Continuous
 62
   256
 60
     0
 48
1.0
370
    -1
100
AcDbBlockReference
 66
     0
  2
hjdjd
 10
108711.972
 20
27475.9538
 30
0.0
 41
-1.0
 42
1.0
 43
1.0
 50
53.416
 70
     0
 71
     0
 44
0.0
 45
0.0
210
0.0
220
0.0
230
1.0
  0
LWPOLYLINE
  5
132C44
330
1F
100
AcDbEntity
 67
     0
  8
tefriş
  6
Continuous
 62
   256
 60
     0
 48
1.0
370
    -1
100
AcDbPolyline
 90
        2
 10
74194.749
 20
21982.5959
 10
74234.749
 20
21982.5959
  0
LWPOLYLINE
  5
132C46
330
1F
100
AcDbEntity
 67
     0
  8
tefriş
  6
Continuous
 62
   256
 60
     0
 48
1.0
370
    -1
100
AcDbPolyline
 90
        3
 10
74234.749
 20
21982.5959
 10
74234.749
 20
21582.5959
 10
74194.749
 20
21582.5959
  0
INSERT
  5
132C47
330
1F
100
AcDbEntity
 67
     0
  8
ölçü
  6
DUZ
 62
   256
 60
     0
 48
1.0
370
    -1
100
AcDbBlockReference
 66
     0
  2
ggggg
 10
48942.3944
 20
-2392.1578
 30
0.0
 41
1.0
 42
1.0
 43
1.0
 50
0.0
 70
     0
 71
     0
 44
0.0
 45
0.0
210
0.0
220
0.0
230
1.0
  0
INSERT
  5
132C48
330
1F
100
AcDbEntity
 67
     0
  8
ölçü
  6
DUZ
 62
   256
 60
     0
 48
1.0
370
    -1
100
AcDbBlockReference
 66
     0
  2
ggggg
 10
48880.7381
 20
-2392.1578
 30
0.0
 41
1.0
 42
1.0
 43
1.0
 50
0.0
 70
     0
 71
     0
 44
0.0
 45
0.0
210
0.0
220
0.0
230
1.0
  0
INSERT
  5
132C49
330
1F
100
AcDbEntity
 67
     0
  8
ölçü
  6
DUZ
 62
   256
 60
     0
 48
1.0
370
    -1
100
AcDbBlockReference
 66
     0
  2
ggggg
 10
48942.3944
 20
46157.3495
 30
0.0
 41
-1.0
 42
1.0
 43
1.0
 50
180.0
 70
     0
 71
     0
 44
0.0
 45
0.0
210
0.0
220
0.0
230
1.0
  0
INSERT
  5
132C4A
330
1F
100
AcDbEntity
 67
     0
  8
ölçü
  6
DUZ
 62
   256
 60
     0
 48
1.0
370
    -1
100
AcDbBlockReference
 66
     0
  2
ggggg
 10
48880.7381
 20
46157.3495
 30
0.0
 41
-1.0
 42
1.0
 43
1.0
 50
180.0
 70
     0
 71
     0
 44
0.0
 45
0.0
210
0.0
220
0.0
230
1.0
  0
ARC
  5
132C4B
330
1F
100
AcDbEntity
 67
     0
  8
tefriş
  6
Continuous
 62
   256
 60
     0
 48
1.0
370
    -1
100
AcDbCircle
 39
0.0
 10
74044.0732
 20
21395.8316
 30
0.0
 40
1.8501
100
AcDbArc
 50
41.4096
 51
228.5904
  0
ARC
  5
132C4C
330
1F
100
AcDbEntity
 67
     0
  8
tefriş
  6
Continuous
 62
   256
 60
     0
 48
1.0
370
    -1
100
AcDbCircle
 39
0.0
 10
74044.0732
 20
21390.2814
 30
0.0
 40
1.8501
100
AcDbArc
 50
131.4096
 51
318.5904
  0
ARC
  5
132C4D
330
1F
100
AcDbEntity
 67
     0
  8
tefriş
  6
Continuous
 62
   256
 60
     0
 48
1.0
370
    -1
100
AcDbCircle
 39
0.0
 10
74041.6258
 20
21393.0565
 30
0.0
 40
1.8501
100
AcDbArc
 50
311.4096
 51
48.5904
  0
LINE
  5
132C4E
330
1F
100
AcDbEntity
 67
     0
  8
tefriş
  6
Continuous
 62
   256
 60
     0
 48
1.0
370
    -1
100
AcDbLine
 39
0.0
 10
74053.1608
 20
21397.0553
 30
0.0
 11
74047.1745
 21
21406.7665
 31
0.0
  0
ARC
  5
132C4F
330
1F
100
AcDbEntity
 67
     0
  8
tefriş
  6
Continuous
 62
   256
 60
     0
 48
1.0
370
    -1
100
AcDbCircle
 39
0.0
 10
74054.5483
 20
21410.6314
 30
0.0
 40
8.3253
100
AcDbArc
 50
207.6604
 51
332.3396
  0
ARC
  5
132C50
330
1F
100
AcDbEntity
 67
     0
  8
tefriş
  6
Continuous
 62
   256
 60
     0
 48
1.0
370
    -1
100
AcDbCircle
 39
0.0
 10
74046.8483
 20
21375.4816
 30
0.0
 40
8.3253
100
AcDbArc
 50
27.6604
 51
152.3396
  0
LINE
  5
132C51
330
1F
100
AcDbEntity
 67
     0
  8
tefriş
  6
Continuous
 62
   256
 60
     0
 48
1.0
370
    -1
100
AcDbLine
 39
0.0
 10
74045.4607
 20
21389.0577
 30
0.0
 11
74039.4744
 21
21379.3464
 31
0.0
  0
LINE
  5
132C52
330
1F
100
AcDbEntity
 67
     0
  8
tefriş
  6
Continuous
 62
   256
 60
     0
 48
1.0
370
    -1
100
AcDbLine
 39
0.0
 10
74035.4572
 20
21420.342
 30
0.0
 11
74053.4156
 21
21402.3835
 31
0.0
  0
LINE
  5
132C53
330
1F
100
AcDbEntity
 67
     0
  8
tefriş
  6
Continuous
 62
   256
 60
     0
 48
1.0
370
    -1
100
AcDbLine
 39
0.0
 10
74032.7981
 20
21377.0451
 30
0.0
 11
74049.7388
 21
21360.1044
 31
0.0
  0
LINE
  5
132C54
330
1F
100
AcDbEntity
 67
     0
  8
tefriş
  6
Continuous
 62
   256
 60
     0
 48
1.0
370
    -1
100
AcDbLine
 39
0.0
 10
74022.4602
 20
21384.15
 30
0.0
 11
74045.6419
 21
21360.9684
 31
0.0
  0
ARC
  5
132C55
330
1F
100
AcDbEntity
 67
     0
  8
tefriş
  6
Continuous
 62
   256
 60
     0
 48
1.0
370
    -1
100
AcDbCircle
 39
0.0
 10
74043.0779
 20
21404.6194
 30
0.0
 40
4.6252
100
AcDbArc
 50
27.6604
 51
243.2345
  0
ARC
  5
132C56
330
1F
100
AcDbEntity
 67
     0
  8
tefriş
  6
Continuous
 62
   256
 60
     0
 48
1.0
370
    -1
100
AcDbCircle
 39
0.0
 10
74035.3779
 20
21381.4936
 30
0.0
 40
4.6252
100
AcDbArc
 50
116.7655
 51
332.3396
  0
LINE
  5
132C57
330
1F
100
AcDbEntity
 67
     0
  8
tefriş
  6
Continuous
 62
   256
 60
     0
 48
1.0
370
    -1
100
AcDbLine
 39
0.0
 10
74042.8495
 20
21391.6689
 30
0.0
 11
74033.295
 21
21385.6232
 31
0.0
  0
ARC
  5
132C58
330
1F
100
AcDbEntity
 67
     0
  8
tefriş
  6
Continuous
 62
   256
 60
     0
 48
1.0
370
    -1
100
AcDbCircle
 39
0.0
 10
74029.5457
 20
21393.0565
 30
0.0
 40
8.3253
100
AcDbArc
 50
296.7655
 51
63.2345
  0
LINE
  5
132C59
330
1F
100
AcDbEntity
 67
     0
  8
tefriş
  6
Continuous
 62
   256
 60
     0
 48
1.0
370
    -1
100
AcDbLine
 39
0.0
 10
74033.295
 20
21400.4898
 30
0.0
 11
74042.8495
 21
21394.444
 31
0.0
  0
LINE
  5
132C5A
330
1F
100
AcDbEntity
 67
     0
  8
tefriş
  6
Continuous
 62
   256
 60
     0
 48
1.0
370
    -1
100
AcDbLine
 39
0.0
 10
74021.5963
 20
21388.2469
 30
0.0
 11
74023.9077
 21
21385.9355
 31
0.0
  0
LINE
  5
132C5B
330
1F
100
AcDbEntity
 67
     0
  8
tefriş
  6
Continuous
 62
   256
 60
     0
 48
1.0
370
    -1
100
AcDbLine
 39
0.0
 10
74032.4457
 20
21417.9652
 30
0.0
 11
74041.459
 21
21408.952
 31
0.0
  0
ARC
  5
132C5C
330
1F
100
AcDbEntity
 67
     0
  8
tefriş
  6
Continuous
 62
   256
 60
     0
 48
1.0
370
    -1
100
AcDbCircle
 39
0.0
 10
74046.8483
 20
21398.279
 30
0.0
 40
1.8501
100
AcDbArc
 50
221.4096
 51
318.5904
  0
ARC
  5
132C5D
330
1F
100
AcDbEntity
 67
     0
  8
tefriş
  6
Continuous
 62
   256
 60
     0
 48
1.0
370
    -1
100
AcDbCircle
 39
0.0
 10
74049.6234
 20
21395.8316
 30
0.0
 40
1.8501
100
AcDbArc
 50
311.4096
 51
138.5904
  0
ARC
  5
132C5E
330
1F
100
AcDbEntity
 67
     0
  8
tefriş
  6
Continuous
 62
   256
 60
     0
 48
1.0
370
    -1
100
AcDbCircle
 39
0.0
 10
74052.0708
 20
21393.0565
 30
0.0
 40
1.8501
100
AcDbArc
 50
131.4096
 51
228.5904
  0
ARC
  5
132C5F
330
1F
100
AcDbEntity
 67
     0
  8
tefriş
  6
Continuous
 62
   256
 60
     0
 48
1.0
370
    -1
100
AcDbCircle
 39
0.0
 10
74049.6234
 20
21390.2814
 30
0.0
 40
1.8501
100
AcDbArc
 50
221.4096
 51
48.5904
  0
ARC
  5
132C60
330
1F
100
AcDbEntity
 67
     0
  8
tefriş
  6
Continuous
 62
   256
 60
     0
 48
1.0
370
    -1
100
AcDbCircle
 39
0.0
 10
74046.8483
 20
21387.834
 30
0.0
 40
1.8501
100
AcDbArc
 50
41.4096
 51
138.5904
  0
LINE
  5
132C61
330
1F
100
AcDbEntity
 67
     0
  8
tefriş
  6
Continuous
 62
   256
 60
     0
 48
1.0
370
    -1
100
AcDbLine
 39
0.0
 10
74048.2358
 20
21397.0553
 30
0.0
 11
74054.2221
 21
21406.7665
 31
0.0
  0
ARC
  5
132C62
330
1F
100
AcDbEntity
 67
     0
  8
tefriş
  6
Continuous
 62
   256
 60
     0
 48
1.0
370
    -1
100
AcDbCircle
 39
0.0
 10
74058.3187
 20
21404.6194
 30
0.0
 40
4.6252
100
AcDbArc
 50
296.7655
 51
152.3396
  0
LINE
  5
132C63
330
1F
100
AcDbEntity
 67
     0
  8
tefriş
  6
Continuous
 62
   256
 60
     0
 48
1.0
370
    -1
100
AcDbLine
 39
0.0
 10
74050.8471
 20
21394.444
 30
0.0
 11
74060.4016
 21
21400.4898
 31
0.0
  0
ARC
  5
132C64
330
1F
100
AcDbEntity
 67
     0
  8
tefriş
  6
Continuous
 62
   256
 60
     0
 48
1.0
370
    -1
100
AcDbCircle
 39
0.0
 10
74064.1508
 20
21393.0565
 30
0.0
 40
8.3253
100
AcDbArc
 50
116.7655
 51
243.2345
  0
LINE
  5
132C65
330
1F
100
AcDbEntity
 67
     0
  8
tefriş
  6
Continuous
 62
   256
 60
     0
 48
1.0
370
    -1
100
AcDbLine
 39
0.0
 10
74050.8471
 20
21391.6689
 30
0.0
 11
74060.4016
 21
21385.6232
 31
0.0
  0
ARC
  5
132C66
330
1F
100
AcDbEntity
 67
     0
  8
tefriş
  6
Continuous
 62
   256
 60
     0
 48
1.0
370
    -1
100
AcDbCircle
 39
0.0
 10
74058.3187
 20
21381.4936
 30
0.0
 40
4.6252
100
AcDbArc
 50
207.6604
 51
63.2345
  0
LINE
  5
132C67
330
1F
100
AcDbEntity
 67
     0
  8
tefriş
  6
Continuous
 62
   256
 60
     0
 48
1.0
370
    -1
100
AcDbLine
 39
0.0
 10
74048.2358
 20
21389.0577
 30
0.0
 11
74054.2221
 21
21379.3464
 31
0.0
  0
LINE
  5
132C68
330
1F
100
AcDbEntity
 67
     0
  8
tefriş
  6
Continuous
 62
   256
 60
     0
 48
1.0
370
    -1
100
AcDbLine
 39
0.0
 10
74055.8664
 20
21392.2327
 30
0.0
 11
74074.1337
 21
21373.9653
 31
0.0
  0
LINE
  5
132C69
330
1F
100
AcDbEntity
 67
     0
  8
tefriş
  6
Continuous
 62
   256
 60
     0
 48
1.0
370
    -1
100
AcDbLine
 39
0.0
 10
74062.6998
 20
21380.0111
 30
0.0
 11
74071.757
 21
21370.9539
 31
0.0
  0
LINE
  5
132C6A
330
1F
100
AcDbEntity
 67
     0
  8
tefriş
  6
Continuous
 62
   256
 60
     0
 48
1.0
370
    -1
100
AcDbLine
 39
0.0
 10
74046.1418
 20
21396.5691
 30
0.0
 11
74050.3609
 21
21392.35
 31
0.0
  0
INSERT
  5
132C6B
330
1F
100
AcDbEntity
 67
     0
  8
ölçü
  6
DUZ
 62
   256
 60
     0
 48
1.0
370
    -1
100
AcDbBlockReference
 66
     0
  2
tekkdq
 10
57523.4123
 20
-8188.5181
 30
0.0
 41
-1.0
 42
1.0
 43
1.0
 50
282.012
 70
     0
 71
     0
 44
0.0
 45
0.0
210
0.0
220
0.0
230
1.0
  0
INSERT
  5
132C6C
330
1F
100
AcDbEntity
 67
     0
  8
ölçü
  6
DUZ
 62
   256
 60
     0
 48
1.0
370
    -1
100
AcDbBlockReference
 66
     0
  2
bbbbb
 10
48532.3656
 20
43713.802
 30
0.0
 41
-1.0
 42
1.0
 43
1.0
 50
180.0
 70
     0
 71
     0
 44
0.0
 45
0.0
210
0.0
220
0.0
230
1.0
  0
INSERT
  5
132C6D
330
1F
100
AcDbEntity
 67
     0
  8
ölçü
  6
DUZ
 62
   256
 60
     0
 48
1.0
370
    -1
100
AcDbBlockReference
 66
     0
  2
tekkdq
 10
47352.9026
 20
42249.4265
 30
0.0
 41
-1.0
 42
1.0
 43
1.0
 50
183.2262
 70
     0
 71
     0
 44
0.0
 45
0.0
210
0.0
220
0.0
230
1.0
  0
MTEXT
  5
132C6E
330
1F
100
AcDbEntity
 67
     0
  8
a_yazı
  6
Continuous
 62
   256
 60
     0
 48
1.0
370
    -1
100
AcDbMText
 10
74168.1857
 20
21916.1167
 30
0.0
210
0.0
220
0.0
230
1.0
 40
6.1534
 41
31.653
 50
0.0
 71
     1
 72
     5
  1
60*60cm masa
  7
ARIEL50M
 11
-0.0
 21
-1.0
 31
0.0
 42
33.0504
 73
     1
 44
1.0
 90
        0
 49
12.5
  0
LWPOLYLINE
  5
132C6F
330
1F
100
AcDbEntity
 67
     0
  8
tefriş
  6
Continuous
 62
   217
420
-1030543473
 60
     0
 48
1.0
370
    -1
100
AcDbPolyline
 90
        8
 70
     1
 10
74179.8346
 20
21927.337
 42
0.0
 10
74129.8346
 20
21927.337
 42
0.4142
 10
74124.8346
 20
21922.337
 42
0.0
 10
74124.8346
 20
21872.337
 42
0.4142
 10
74129.8346
 20
21867.337
 42
0.0
 10
74179.8346
 20
21867.337
 42
0.4142
 10
74184.8346
 20
21872.337
 42
0.0
 10
74184.8346
 20
21922.337
 42
0.4142
  0
LWPOLYLINE
  5
132C70
330
1F
100
AcDbEntity
 67
     0
  8
tefriş
  6
ACAD_ISO07W100
 62
   217
420
-1030543473
 60
     0
 48
1.0
370
    -1
100
AcDbPolyline
 90
        8
 70
     1
 10
74173.8346
 20
21917.337
 42
0.0
 10
74135.8346
 20
21917.337
 42
0.4142
 10
74134.8346
 20
21916.337
 42
0.0
 10
74134.8346
 20
21878.337
 42
0.4142
 10
74135.8346
 20
21877.337
 42
0.0
 10
74173.8346
 20
21877.337
 42
0.4142
 10
74174.8346
 20
21878.337
 42
0.0
 10
74174.8346
 20
21916.337
 42
0.4142
  0
LWPOLYLINE
  5
132C71
330
1F
100
AcDbEntity
 67
     0
  8
tefriş
  6
ACAD_ISO07W100
 62
   217
420
-1030543473
 60
     0
 48
1.0
370
    -1
100
AcDbPolyline
 90
        4
 70
     1
 10
74159.8346
 20
21902.337
 10
74149.8346
 20
21902.337
 10
74149.8346
 20
21892.337
 10
74159.8346
 20
21892.337
  0
INSERT
  5
132C72
330
1F
100
AcDbEntity
 67
     0
  8
ölçü
  6
DUZ
 62
   256
 60
     0
 48
1.0
370
    -1
100
AcDbBlockReference
 66
     0
  2
ggggg
 10
99540.3352
 20
-2377.4166
 30
0.0
 41
-1.0
 42
1.0
 43
1.0
 50
360.0
 70
     0
 71
     0
 44
0.0
 45
0.0
210
0.0
220
0.0
230
1.0
  0
INSERT
  5
132C73
330
1F
100
AcDbEntity
 67
     0
  8
ölçü
  6
DUZ
 62
   256
 60
     0
 48
1.0
370
    -1
100
AcDbBlockReference
 66
     0
  2
ggggg
 10
99540.3352
 20
46172.0906
 30
0.0
 41
1.0
 42
1.0
 43
1.0
 50
180.0
 70
     0
 71
     0
 44
0.0
 45
0.0
210
0.0
220
0.0
230
1.0
  0
MTEXT
  5
132C74
330
1F
100
AcDbEntity
 67
     0
  8
a_yazı
  6
Continuous
 62
   256
 60
     0
 48
1.0
370
    -1
100
AcDbMText
 10
74168.1857
 20
21695.3509
 30
0.0
210
0.0
220
0.0
230
1.0
 40
6.1534
 41
31.653
 50
0.0
 71
     1
 72
     5
  1
60*60cm masa
  7
ARIEL50M
 11
-0.0
 21
-1.0
 31
0.0
 42
33.0504
 73
     1
 44
1.0
 90
        0
 49
12.5
  0
LWPOLYLINE
  5
132C75
330
1F
100
AcDbEntity
 67
     0
  8
tefriş
  6
Continuous
 62
   217
420
-1030543473
 60
     0
 48
1.0
370
    -1
100
AcDbPolyline
 90
        8
 70
     1
 10
74179.8346
 20
21706.5713
 42
0.0
 10
74129.8346
 20
21706.5713
 42
0.4142
 10
74124.8346
 20
21701.5713
 42
0.0
 10
74124.8346
 20
21651.5713
 42
0.4142
 10
74129.8346
 20
21646.5713
 42
0.0
 10
74179.8346
 20
21646.5713
 42
0.4142
 10
74184.8346
 20
21651.5713
 42
0.0
 10
74184.8346
 20
21701.5713
 42
0.4142
  0
LWPOLYLINE
  5
132C76
330
1F
100
AcDbEntity
 67
     0
  8
tefriş
  6
ACAD_ISO07W100
 62
   217
420
-1030543473
 60
     0
 48
1.0
370
    -1
100
AcDbPolyline
 90
        8
 70
     1
 10
74173.8346
 20
21696.5713
 42
0.0
 10
74135.8346
 20
21696.5713
 42
0.4142
 10
74134.8346
 20
21695.5713
 42
0.0
 10
74134.8346
 20
21657.5713
 42
0.4142
 10
74135.8346
 20
21656.5713
 42
0.0
 10
74173.8346
 20
21656.5713
 42
0.4142
 10
74174.8346
 20
21657.5713
 42
0.0
 10
74174.8346
 20
21695.5713
 42
0.4142
  0
LWPOLYLINE
  5
132C77
330
1F
100
AcDbEntity
 67
     0
  8
tefriş
  6
ACAD_ISO07W100
 62
   217
420
-1030543473
 60
     0
 48
1.0
370
    -1
100
AcDbPolyline
 90
        4
 70
     1
 10
74159.8346
 20
21681.5713
 10
74149.8346
 20
21681.5713
 10
74149.8346
 20
21671.5713
 10
74159.8346
 20
21671.5713
  0
INSERT
  5
132C78
330
1F
100
AcDbEntity
 67
     0
  8
ölçü
  6
DUZ
 62
   256
 60
     0
 48
1.0
370
    -1
100
AcDbBlockReference
 66
     0
  2
ggggg
 10
99540.3352
 20
-2598.1824
 30
0.0
 41
-1.0
 42
1.0
 43
1.0
 50
360.0
 70
     0
 71
     0
 44
0.0
 45
0.0
210
0.0
220
0.0
230
1.0
  0
INSERT
  5
132C79
330
1F
100
AcDbEntity
 67
     0
  8
ölçü
  6
DUZ
 62
   256
 60
     0
 48
1.0
370
    -1
100
AcDbBlockReference
 66
     0
  2
ggggg
 10
99540.3352
 20
45951.3249
 30
0.0
 41
1.0
 42
1.0
 43
1.0
 50
180.0
 70
     0
 71
     0
 44
0.0
 45
0.0
210
0.0
220
0.0
230
1.0
  0
LINE
  5
132C7A
330
1F
100
AcDbEntity
 67
     0
  8
tefriş
  6
Continuous
 62
   217
420
-1030543473
 60
     0
 48
1.0
370
    -1
100
AcDbLine
 39
0.0
 10
73954.9361
 20
21152.4986
 30
0.0
 11
73954.9361
 21
21062.4986
 31
0.0
  0
ARC
  5
132C7B
330
1F
100
AcDbEntity
 67
     0
  8
tefriş
  6
Continuous
 62
   217
420
-1030543473
 60
     0
 48
1.0
370
    -1
100
AcDbCircle
 39
0.0
 10
73959.9361
 20
21152.4986
 30
0.0
 40
5.0
100
AcDbArc
 50
90.0
 51
180.0
  0
LINE
  5
132C7C
330
1F
100
AcDbEntity
 67
     0
  8
tefriş
  6
Continuous
 62
   217
420
-1030543473
 60
     0
 48
1.0
370
    -1
100
AcDbLine
 39
0.0
 10
73959.9361
 20
21057.4986
 30
0.0
 11
74139.9361
 21
21057.4986
 31
0.0
  0
ARC
  5
132C7D
330
1F
100
AcDbEntity
 67
     0
  8
tefriş
  6
Continuous
 62
   217
420
-1030543473
 60
     0
 48
1.0
370
    -1
100
AcDbCircle
 39
0.0
 10
74139.9361
 20
21062.4986
 30
0.0
 40
5.0
100
AcDbArc
 50
270.0
 51
0.0
  0
ARC
  5
132C7E
330
1F
100
AcDbEntity
 67
     0
  8
tefriş
  6
Continuous
 62
   217
420
-1030543473
 60
     0
 48
1.0
370
    -1
100
AcDbCircle
 39
0.0
 10
73959.9361
 20
21062.4986
 30
0.0
 40
5.0
100
AcDbArc
 50
180.0
 51
270.0
  0
LINE
  5
132C7F
330
1F
100
AcDbEntity
 67
     0
  8
tefriş
  6
Continuous
 62
   217
420
-1030543473
 60
     0
 48
1.0
370
    -1
100
AcDbLine
 39
0.0
 10
74144.9361
 20
21062.4986
 30
0.0
 11
74144.9361
 21
21152.4986
 31
0.0
  0
LINE
  5
132C80
330
1F
100
AcDbEntity
 67
     0
  8
tefriş
  6
Continuous
 62
   217
420
-1030543473
 60
     0
 48
1.0
370
    -1
100
AcDbLine
 39
0.0
 10
73959.9361
 20
21157.4986
 30
0.0
 11
74139.9361
 21
21157.4986
 31
0.0
  0
ARC
  5
132C81
330
1F
100
AcDbEntity
 67
     0
  8
tefriş
  6
Continuous
 62
   217
420
-1030543473
 60
     0
 48
1.0
370
    -1
100
AcDbCircle
 39
0.0
 10
74139.9361
 20
21152.4986
 30
0.0
 40
5.0
100
AcDbArc
 50
0.0
 51
90.0
  0
INSERT
  5
132C82
330
1F
100
AcDbEntity
 67
     0
  8
ölçü
  6
DUZ
 62
   256
 60
     0
 48
1.0
370
    -1
100
AcDbBlockReference
 66
     0
  2
ggggg
 10
98279.0579
 20
-4273.6614
 30
0.0
 41
1.0
 42
1.0
 43
1.0
 50
90.0
 70
     0
 71
     0
 44
0.0
 45
0.0
210
0.0
220
0.0
230
1.0
  0
INSERT
  5
132C83
330
1F
100
AcDbEntity
 67
     0
  8
ölçü
  6
DUZ
 62
   256
 60
     0
 48
1.0
370
    -1
100
AcDbBlockReference
 66
     0
  2
ggggg
 10
99398.7784
 20
-3173.2701
 30
0.0
 41
-1.0
 42
1.0
 43
1.0
 50
360.0
 70
     0
 71
     0
 44
0.0
 45
0.0
210
0.0
220
0.0
230
1.0
  0
INSERT
  5
132C84
330
1F
100
AcDbEntity
 67
     0
  8
ölçü
  6
DUZ
 62
   256
 60
     0
 48
1.0
370
    -1
100
AcDbBlockReference
 66
     0
  2
ggggg
 10
48701.0938
 20
-3173.2701
 30
0.0
 41
1.0
 42
1.0
 43
1.0
 50
0.0
 70
     0
 71
     0
 44
0.0
 45
0.0
210
0.0
220
0.0
230
1.0
  0
INSERT
  5
132C85
330
1F
100
AcDbEntity
 67
     0
  8
ölçü
  6
DUZ
 62
   256
 60
     0
 48
1.0
370
    -1
100
AcDbBlockReference
 66
     0
  2
ggggg
 10
99398.7784
 20
45388.2673
 30
0.0
 41
1.0
 42
1.0
 43
1.0
 50
180.0
 70
     0
 71
     0
 44
0.0
 45
0.0
210
0.0
220
0.0
230
1.0
  0
INSERT
  5
132C86
330
1F
100
AcDbEntity
 67
     0
  8
ölçü
  6
DUZ
 62
   256
 60
     0
 48
1.0
370
    -1
100
AcDbBlockReference
 66
     0
  2
ggggg
 10
48701.0938
 20
45388.2673
 30
0.0
 41
-1.0
 42
1.0
 43
1.0
 50
180.0
 70
     0
 71
     0
 44
0.0
 45
0.0
210
0.0
220
0.0
230
1.0
  0
TEXT
  5
132C87
330
1F
100
AcDbEntity
 67
     0
  8
a_yazı
  6
Continuous
 62
   256
 60
     0
 48
1.0
370
    -1
100
AcDbText
  1
ALTI KAPALI ÜSTÜ RAF GÖMME DOLAP
 10
73874.6417
 20
21130.239
 30
0.0
 39
0.0
 40
7.9428
 50
90.0
  7
ARIEL50M
100
AcDbText
  0
INSERT
  5
132C88
330
1F
100
AcDbEntity
 67
     0
  8
tefriş
  6
Continuous
 62
   256
 60
     0
 48
1.0
370
    -1
100
AcDbBlockReference
 66
     0
  2
hjdjd
 10
82782.1903
 20
-11866.991
 30
0.0
 41
1.0
 42
1.0
 43
1.0
 50
59.8086
 70
     0
 71
     0
 44
0.0
 45
0.0
210
0.0
220
0.0
230
1.0
  0
CIRCLE
  5
132C89
330
1F
100
AcDbEntity
 67
     0
  8
tefriş
  6
ACAD_ISO07W100
 62
   217
420
-1030543473
 60
     0
 48
1.0
370
    -1
100
AcDbCircle
 39
0.0
 10
73965.9361
 20
21146.4986
 30
0.0
 40
5.0
  0
CIRCLE
  5
132C8A
330
1F
100
AcDbEntity
 67
     0
  8
tefriş
  6
ACAD_ISO07W100
 62
   217
420
-1030543473
 60
     0
 48
1.0
370
    -1
100
AcDbCircle
 39
0.0
 10
73965.9361
 20
21068.4986
 30
0.0
 40
5.0
  0
CIRCLE
  5
132C8B
330
1F
100
AcDbEntity
 67
     0
  8
tefriş
  6
ACAD_ISO07W100
 62
   217
420
-1030543473
 60
     0
 48
1.0
370
    -1
100
AcDbCircle
 39
0.0
 10
74133.9361
 20
21146.4986
 30
0.0
 40
5.0
  0
CIRCLE
  5
132C8C
330
1F
100
AcDbEntity
 67
     0
  8
tefriş
  6
ACAD_ISO07W100
 62
   217
420
-1030543473
 60
     0
 48
1.0
370
    -1
100
AcDbCircle
 39
0.0
 10
74133.9361
 20
21068.4986
 30
0.0
 40
5.0
  0
LWPOLYLINE
  5
132C8D
330
1F
100
AcDbEntity
 67
     0
  8
tefriş
  6
Continuous
 62
   256
 60
     0
 48
1.0
370
    -1
100
AcDbPolyline
 90
        3
 10
74580.668
 20
21019.3459
 42
0.0
 10
74456.668
 20
21019.3459
 42
0.0
 10
74456.668
 20
20974.3459
 42
0.0
  0
ARC
  5
132C8E
330
1F
100
AcDbEntity
 67
     0
  8
E-Priz
  6
Continuous
 62
   256
 60
     0
 48
1.0
370
    -1
100
AcDbCircle
 39
0.0
 10
74260.6999
 20
21882.5959
 30
0.0
 40
12.96
100
AcDbArc
 50
90.0
 51
270.0
  0
LINE
  5
132C8F
330
1F
100
AcDbEntity
 67
     0
  8
E-Priz
  6
Continuous
 62
   256
 60
     0
 48
1.0
370
    -1
100
AcDbLine
 39
0.0
 10
74247.7399
 20
21882.5959
 30
0.0
 11
74225.0599
 21
21882.5959
 31
0.0
  0
LINE
  5
132C90
330
1F
100
AcDbEntity
 67
     0
  8
E-Priz
  6
Continuous
 62
   256
 60
     0
 48
1.0
370
    -1
100
AcDbLine
 39
0.0
 10
74244.3044
 20
21895.5559
 30
0.0
 11
74244.3044
 21
21869.6359
 31
0.0
  0
LWPOLYLINE
  5
132C91
330
1F
100
AcDbEntity
 67
     0
  8
E-Priz
  6
Continuous
 62
     4
 60
     0
 48
1.0
370
    -1
100
AcDbPolyline
 90
        2
 43
2.592
 10
74225.0599
 20
21883.8919
 42
1.0
 10
74225.0599
 20
21881.2999
 42
1.0
  0
TEXT
  5
132C92
330
1F
100
AcDbEntity
 67
     0
  8
E-Elektrik Yazı
  6
Continuous
 62
   256
 60
     0
 48
1.0
370
    -1
100
AcDbText
  1
x2
 10
74279.9815
 20
21870.8628
 30
0.0
 39
0.0
 40
16.2
 50
90.0
 41
0.8
  7
ARIEL50M
100
AcDbText
  0
INSERT
  5
132C93
330
1F
100
AcDbEntity
 67
     0
  8
ölçü
  6
DUZ
 62
   256
 60
     0
 48
1.0
370
    -1
100
AcDbBlockReference
 66
     0
  2
prz
 10
44864.4135
 20
44393.8126
 30
0.0
 41
-1.0
 42
1.0
 43
1.0
 50
180.0
 70
     0
 71
     0
 44
0.0
 45
0.0
210
0.0
220
0.0
230
1.0
  0
INSERT
  5
132C94
330
1F
100
AcDbEntity
 67
     0
  8
ölçü
  6
DUZ
 62
   256
 60
     0
 48
1.0
370
    -1
100
AcDbBlockReference
 66
     0
  2
ggggg
 10
48942.3944
 20
-2592.1578
 30
0.0
 41
1.0
 42
1.0
 43
1.0
 50
0.0
 70
     0
 71
     0
 44
0.0
 45
0.0
210
0.0
220
0.0
230
1.0
  0
INSERT
  5
132C95
330
1F
100
AcDbEntity
 67
     0
  8
ölçü
  6
DUZ
 62
   256
 60
     0
 48
1.0
370
    -1
100
AcDbBlockReference
 66
     0
  2
ggggg
 10
48880.7381
 20
-2592.1578
 30
0.0
 41
1.0
 42
1.0
 43
1.0
 50
0.0
 70
     0
 71
     0
 44
0.0
 45
0.0
210
0.0
220
0.0
230
1.0
  0
INSERT
  5
132C96
330
1F
100
AcDbEntity
 67
     0
  8
ölçü
  6
DUZ
 62
   256
 60
     0
 48
1.0
370
    -1
100
AcDbBlockReference
 66
     0
  2
ggggg
 10
48942.3944
 20
45957.3495
 30
0.0
 41
-1.0
 42
1.0
 43
1.0
 50
180.0
 70
     0
 71
     0
 44
0.0
 45
0.0
210
0.0
220
0.0
230
1.0
  0
INSERT
  5
132C97
330
1F
100
AcDbEntity
 67
     0
  8
ölçü
  6
DUZ
 62
   256
 60
     0
 48
1.0
370
    -1
100
AcDbBlockReference
 66
     0
  2
ggggg
 10
48880.7381
 20
45957.3495
 30
0.0
 41
-1.0
 42
1.0
 43
1.0
 50
180.0
 70
     0
 71
     0
 44
0.0
 45
0.0
210
0.0
220
0.0
230
1.0
  0
ARC
  5
132C98
330
1F
100
AcDbEntity
 67
     0
  8
E-Priz
  6
Continuous
 62
   256
 60
     0
 48
1.0
370
    -1
100
AcDbCircle
 39
0.0
 10
74260.6999
 20
21682.5959
 30
0.0
 40
12.96
100
AcDbArc
 50
90.0
 51
270.0
  0
LINE
  5
132C99
330
1F
100
AcDbEntity
 67
     0
  8
E-Priz
  6
Continuous
 62
   256
 60
     0
 48
1.0
370
    -1
100
AcDbLine
 39
0.0
 10
74247.7399
 20
21682.5959
 30
0.0
 11
74225.0599
 21
21682.5959
 31
0.0
  0
LINE
  5
132C9A
330
1F
100
AcDbEntity
 67
     0
  8
E-Priz
  6
Continuous
 62
   256
 60
     0
 48
1.0
370
    -1
100
AcDbLine
 39
0.0
 10
74244.3044
 20
21695.5559
 30
0.0
 11
74244.3044
 21
21669.6359
 31
0.0
  0
LWPOLYLINE
  5
132C9B
330
1F
100
AcDbEntity
 67
     0
  8
E-Priz
  6
Continuous
 62
     4
 60
     0
 48
1.0
370
    -1
100
AcDbPolyline
 90
        2
 43
2.592
 10
74225.0599
 20
21683.8919
 42
1.0
 10
74225.0599
 20
21681.2999
 42
1.0
  0
TEXT
  5
132C9C
330
1F
100
AcDbEntity
 67
     0
  8
E-Elektrik Yazı
  6
Continuous
 62
   256
 60
     0
 48
1.0
370
    -1
100
AcDbText
  1
x2
 10
74279.9815
 20
21670.8628
 30
0.0
 39
0.0
 40
16.2
 50
90.0
 41
0.8
  7
ARIEL50M
100
AcDbText
  0
INSERT
  5
132C9D
330
1F
100
AcDbEntity
 67
     0
  8
ölçü
  6
DUZ
 62
   256
 60
     0
 48
1.0
370
    -1
100
AcDbBlockReference
 66
     0
  2
prz
 10
44864.4135
 20
44193.8126
 30
0.0
 41
-1.0
 42
1.0
 43
1.0
 50
180.0
 70
     0
 71
     0
 44
0.0
 45
0.0
210
0.0
220
0.0
230
1.0
  0
TEXT
  5
132C9E
330
1F
100
AcDbEntity
 67
     0
  8
a_yazı
  6
Continuous
 62
   256
 60
     0
 48
1.0
370
    -1
100
AcDbText
  1
Direuar 100*40*100h cm
 10
74196.8278
 20
21979.7701
 30
0.0
 39
0.0
 40
6.1534
 50
270.0
  7
ARIEL50M
100
AcDbText
  0
LWPOLYLINE
  5
132C9F
330
1F
100
AcDbEntity
 67
     0
  8
tefriş
  6
Continuous
 62
   217
420
-1030543473
 60
     0
 48
1.0
370
    -1
100
AcDbPolyline
 90
        4
 10
74294.749
 20
21707.5959
 42
0.4142
 10
74289.749
 20
21712.5959
 42
0.0
 10
74239.749
 20
21712.5959
 42
0.4142
 10
74234.749
 20
21707.5959
 42
0.0
  0
LWPOLYLINE
  5
132CA0
330
1F
100
AcDbEntity
 67
     0
  8
tefriş
  6
ACAD_ISO07W100
 62
   217
420
-1030543473
 60
     0
 48
1.0
370
    -1
100
AcDbPolyline
 90
        8
 70
     1
 10
74283.749
 20
21702.5959
 42
0.0
 10
74245.749
 20
21702.5959
 42
0.4142
 10
74244.749
 20
21701.5959
 42
0.0
 10
74244.749
 20
21663.5959
 42
0.4142
 10
74245.749
 20
21662.5959
 42
0.0
 10
74283.749
 20
21662.5959
 42
0.4142
 10
74284.749
 20
21663.5959
 42
0.0
 10
74284.749
 20
21701.5959
 42
0.4142
  0
LWPOLYLINE
  5
132CA1
330
1F
100
AcDbEntity
 67
     0
  8
tefriş
  6
ACAD_ISO07W100
 62
   217
420
-1030543473
 60
     0
 48
1.0
370
    -1
100
AcDbPolyline
 90
        4
 70
     1
 10
74269.749
 20
21687.5959
 10
74259.749
 20
21687.5959
 10
74259.749
 20
21677.5959
 10
74269.749
 20
21677.5959
  0
LWPOLYLINE
  5
132CA2
330
1F
100
AcDbEntity
 67
     0
  8
tefriş
  6
Continuous
 62
   217
420
-1030543473
 60
     0
 48
1.0
370
    -1
100
AcDbPolyline
 90
        8
 70
     1
 10
74349.749
 20
21712.5959
 42
0.0
 10
74299.749
 20
21712.5959
 42
0.4142
 10
74294.749
 20
21707.5959
 42
0.0
 10
74294.749
 20
21657.5959
 42
0.4142
 10
74299.749
 20
21652.5959
 42
0.0
 10
74349.749
 20
21652.5959
 42
0.4142
 10
74354.749
 20
21657.5959
 42
0.0
 10
74354.749
 20
21707.5959
 42
0.4142
  0
LWPOLYLINE
  5
132CA3
330
1F
100
AcDbEntity
 67
     0
  8
tefriş
  6
ACAD_ISO07W100
 62
   217
420
-1030543473
 60
     0
 48
1.0
370
    -1
100
AcDbPolyline
 90
        8
 70
     1
 10
74343.749
 20
21702.5959
 42
0.0
 10
74305.749
 20
21702.5959
 42
0.4142
 10
74304.749
 20
21701.5959
 42
0.0
 10
74304.749
 20
21663.5959
 42
0.4142
 10
74305.749
 20
21662.5959
 42
0.0
 10
74343.749
 20
21662.5959
 42
0.4142
 10
74344.749
 20
21663.5959
 42
0.0
 10
74344.749
 20
21701.5959
 42
0.4142
  0
LWPOLYLINE
  5
132CA4
330
1F
100
AcDbEntity
 67
     0
  8
tefriş
  6
ACAD_ISO07W100
 62
   217
420
-1030543473
 60
     0
 48
1.0
370
    -1
100
AcDbPolyline
 90
        4
 70
     1
 10
74329.749
 20
21687.5959
 10
74319.749
 20
21687.5959
 10
74319.749
 20
21677.5959
 10
74329.749
 20
21677.5959
  0
LWPOLYLINE
  5
132CA5
330
1F
100
AcDbEntity
 67
     0
  8
tefriş
  6
Continuous
 62
   217
420
-1030543473
 60
     0
 48
1.0
370
    -1
100
AcDbPolyline
 90
        4
 10
74294.749
 20
21907.5959
 42
0.4142
 10
74289.749
 20
21912.5959
 42
0.0
 10
74239.749
 20
21912.5959
 42
0.4142
 10
74234.749
 20
21907.5959
 42
0.0
  0
LWPOLYLINE
  5
132CA6
330
1F
100
AcDbEntity
 67
     0
  8
tefriş
  6
ACAD_ISO07W100
 62
   217
420
-1030543473
 60
     0
 48
1.0
370
    -1
100
AcDbPolyline
 90
        8
 70
     1
 10
74283.749
 20
21902.5959
 42
0.0
 10
74245.749
 20
21902.5959
 42
0.4142
 10
74244.749
 20
21901.5959
 42
0.0
 10
74244.749
 20
21863.5959
 42
0.4142
 10
74245.749
 20
21862.5959
 42
0.0
 10
74283.749
 20
21862.5959
 42
0.4142
 10
74284.749
 20
21863.5959
 42
0.0
 10
74284.749
 20
21901.5959
 42
0.4142
  0
LWPOLYLINE
  5
132CA7
330
1F
100
AcDbEntity
 67
     0
  8
tefriş
  6
ACAD_ISO07W100
 62
   217
420
-1030543473
 60
     0
 48
1.0
370
    -1
100
AcDbPolyline
 90
        4
 70
     1
 10
74269.749
 20
21887.5959
 10
74259.749
 20
21887.5959
 10
74259.749
 20
21877.5959
 10
74269.749
 20
21877.5959
  0
LWPOLYLINE
  5
132CA8
330
1F
100
AcDbEntity
 67
     0
  8
tefriş
  6
Continuous
 62
   217
420
-1030543473
 60
     0
 48
1.0
370
    -1
100
AcDbPolyline
 90
        8
 70
     1
 10
74349.749
 20
21912.5959
 42
0.0
 10
74299.749
 20
21912.5959
 42
0.4142
 10
74294.749
 20
21907.5959
 42
0.0
 10
74294.749
 20
21857.5959
 42
0.4142
 10
74299.749
 20
21852.5959
 42
0.0
 10
74349.749
 20
21852.5959
 42
0.4142
 10
74354.749
 20
21857.5959
 42
0.0
 10
74354.749
 20
21907.5959
 42
0.4142
  0
LWPOLYLINE
  5
132CA9
330
1F
100
AcDbEntity
 67
     0
  8
tefriş
  6
ACAD_ISO07W100
 62
   217
420
-1030543473
 60
     0
 48
1.0
370
    -1
100
AcDbPolyline
 90
        8
 70
     1
 10
74343.749
 20
21902.5959
 42
0.0
 10
74305.749
 20
21902.5959
 42
0.4142
 10
74304.749
 20
21901.5959
 42
0.0
 10
74304.749
 20
21863.5959
 42
0.4142
 10
74305.749
 20
21862.5959
 42
0.0
 10
74343.749
 20
21862.5959
 42
0.4142
 10
74344.749
 20
21863.5959
 42
0.0
 10
74344.749
 20
21901.5959
 42
0.4142
  0
LWPOLYLINE
  5
132CAA
330
1F
100
AcDbEntity
 67
     0
  8
tefriş
  6
ACAD_ISO07W100
 62
   217
420
-1030543473
 60
     0
 48
1.0
370
    -1
100
AcDbPolyline
 90
        4
 70
     1
 10
74329.749
 20
21887.5959
 10
74319.749
 20
21887.5959
 10
74319.749
 20
21877.5959
 10
74329.749
 20
21877.5959
  0
DIMENSION
  5
132CAB
330
1F
100
AcDbEntity
 67
     0
  8
ölçü
  6
DUZ
 62
   256
 60
     0
 48
1.0
370
    -1
100
AcDbDimension
  2
*D35
 10
74144.9361
 20
21108.5362
 30
0.0
 11
74049.9361
 21
21114.7652
 31
0.0
 70
     1
  1

 71
     5
 72
     1
 41
1.0
 42
190.0
 53
0.0
 51
0.0
210
0.0
220
0.0
230
1.0
  3
İÇ ÖLÇÜLENDİRME
100
AcDbAlignedDimension
 13
73954.9361
 23
21107.4986
 33
0.0
 14
74144.9361
 24
21107.4986
 34
0.0
  0
DIMENSION
  5
132CAE
330
1F
100
AcDbEntity
 67
     0
  8
ölçü
  6
DUZ
 62
   256
 60
     0
 48
1.0
370
    -1
100
AcDbDimension
  2
*D36
 10
74030.4676
 20
21057.4986
 30
0.0
 11
74024.2386
 21
21107.4986
 31
0.0
 70
     1
  1

 71
     5
 72
     1
 41
1.0
 42
100.0
 53
0.0
 51
0.0
210
0.0
220
0.0
230
1.0
  3
İÇ ÖLÇÜLENDİRME
100
AcDbAlignedDimension
 13
74049.9361
 23
21157.4986
 33
0.0
 14
74049.9361
 24
21057.4986
 34
0.0
  0
TEXT
  5
132CB1
330
1F
100
AcDbEntity
 67
     0
  8
a_yazı
  6
Continuous
 62
   256
 60
     0
 48
1.0
370
    -1
100
AcDbText
  1
Yanlarda eskitme ayna vardır
 10
73874.7201
 20
22099.9182
 30
0.0
 39
0.0
 40
6.1534
 50
270.0
  7
ARIEL50M
100
AcDbText
  0
LINE
  5
132CB2
330
1F
100
AcDbEntity
 67
     0
  8
a_yazı
  6
Continuous
 62
   256
 60
     0
 48
1.0
370
    -1
100
AcDbLine
 39
0.0
 10
73876.3324
 20
22105.6067
 30
0.0
 11
73876.3324
 21
22097.0802
 31
0.0
  0
LINE
  5
132CB3
330
1F
100
AcDbEntity
 67
     0
  8
a_yazı
  6
Continuous
 62
   256
 60
     0
 48
1.0
370
    -1
100
AcDbLine
 39
0.0
 10
73876.3324
 20
22105.6067
 30
0.0
 11
73854.7619
 21
22105.6067
 31
0.0
  0
TEXT
  5
132CB4
330
1F
100
AcDbEntity
 67
     0
  8
a_yazı
  6
Continuous
 62
   256
 60
     0
 48
1.0
370
    -1
100
AcDbText
  1
Direuar 100*40*100h cm
 10
74196.8278
 20
21779.7701
 30
0.0
 39
0.0
 40
6.1534
 50
270.0
  7
ARIEL50M
100
AcDbText
  0
LINE
  5
132CB5
330
1F
100
AcDbEntity
 67
     0
  8
Alçıpan
  6
ACAD_ISO07W100
 62
   256
 60
     0
 48
1.0
370
    -1
100
AcDbLine
 39
0.0
 10
74652.168
 20
21498.3644
 30
0.0
 11
73854.168
 21
21498.3644
 31
0.0
  0
LINE
  5
132CB6
330
1F
100
AcDbEntity
 67
     0
  8
Alçıpan
  6
ACAD_ISO07W100
 62
   256
 60
     0
 48
1.0
370
    -1
100
AcDbLine
 39
0.0
 10
74905.668
 20
21307.3644
 30
0.0
 11
73856.668
 21
21307.3644
 31
0.0
  0
TEXT
  5
132CB7
330
1F
100
AcDbEntity
 67
     0
  8
a_yazı
  6
Continuous
 62
   256
 60
     0
 48
1.0
370
    -1
100
AcDbText
  1
Kiriş altı h:264cm
 10
74161.5839
 20
21426.1468
 30
0.0
 39
0.0
 40
12.3068
  7
ARIEL50M
100
AcDbText
  0
LWPOLYLINE
  5
132CB8
330
1F
100
AcDbEntity
 67
     0
  8
tefriş
  6
Continuous
 62
   217
420
-1030543473
 60
     0
 48
1.0
370
    -1
100
AcDbPolyline
 90
        8
 70
     1
 10
74493.668
 20
21074.3459
 42
0.0
 10
74543.668
 20
21074.3459
 42
-0.4142
 10
74548.668
 20
21069.3459
 42
0.0
 10
74548.668
 20
21019.3459
 42
-0.4142
 10
74543.668
 20
21014.3459
 42
0.0
 10
74493.668
 20
21014.3459
 42
-0.4142
 10
74488.668
 20
21019.3459
 42
0.0
 10
74488.668
 20
21069.3459
 42
-0.4142
  0
LWPOLYLINE
  5
132CB9
330
1F
100
AcDbEntity
 67
     0
  8
tefriş
  6
ACAD_ISO07W100
 62
   217
420
-1030543473
 60
     0
 48
1.0
370
    -1
100
AcDbPolyline
 90
        8
 70
     1
 10
74499.668
 20
21064.3459
 42
0.0
 10
74537.668
 20
21064.3459
 42
-0.4142
 10
74538.668
 20
21063.3459
 42
0.0
 10
74538.668
 20
21025.3459
 42
-0.4142
 10
74537.668
 20
21024.3459
 42
0.0
 10
74499.668
 20
21024.3459
 42
-0.4142
 10
74498.668
 20
21025.3459
 42
0.0
 10
74498.668
 20
21063.3459
 42
-0.4142
  0
LWPOLYLINE
  5
132CBA
330
1F
100
AcDbEntity
 67
     0
  8
tefriş
  6
ACAD_ISO07W100
 62
   217
420
-1030543473
 60
     0
 48
1.0
370
    -1
100
AcDbPolyline
 90
        4
 70
     1
 10
74513.668
 20
21049.3459
 10
74523.668
 20
21049.3459
 10
74523.668
 20
21039.3459
 10
74513.668
 20
21039.3459
  0
LINE
  5
132CBB
330
1F
100
AcDbEntity
 67
     0
  8
tefriş
  6
Continuous
 62
   256
 60
     0
 48
1.0
370
    -1
100
AcDbLine
 39
0.0
 10
74577.668
 20
21019.3459
 30
0.0
 11
74577.668
 21
20974.3459
 31
0.0
  0
INSERT
  5
132CBC
330
1F
100
AcDbEntity
 67
     0
  8
ölçü
  6
DUZ
 62
   256
 60
     0
 48
1.0
370
    -1
100
AcDbBlockReference
 66
     0
  2
ggggg
 10
49133.1674
 20
-3230.4078
 30
0.0
 41
1.0
 42
1.0
 43
1.0
 50
0.0
 70
     0
 71
     0
 44
0.0
 45
0.0
210
0.0
220
0.0
230
1.0
  0
LWPOLYLINE
  5
132CBD
330
1F
100
AcDbEntity
 67
     0
  8
tefriş
  6
Continuous
 62
     7
 60
     0
 48
1.0
370
    -1
100
AcDbPolyline
 90
        8
 70
     1
 10
74473.668
 20
21011.8459
 42
0.0
 10
74473.668
 20
20981.8459
 42
0.4142
 10
74478.668
 20
20976.8459
 42
0.0
 10
74508.668
 20
20976.8459
 42
0.4142
 10
74513.668
 20
20981.8459
 42
0.0
 10
74513.668
 20
21011.8459
 42
0.4142
 10
74508.668
 20
21016.8459
 42
0.0
 10
74478.668
 20
21016.8459
 42
0.4142
  0
LWPOLYLINE
  5
132CBE
330
1F
100
AcDbEntity
 67
     0
  8
tefriş
  6
Continuous
 62
     7
 60
     0
 48
1.0
370
    -1
100
AcDbPolyline
 90
        8
 70
     1
 10
74523.668
 20
21011.8459
 42
0.0
 10
74523.668
 20
20981.8459
 42
0.4142
 10
74528.668
 20
20976.8459
 42
0.0
 10
74558.668
 20
20976.8459
 42
0.4142
 10
74563.668
 20
20981.8459
 42
0.0
 10
74563.668
 20
21011.8459
 42
0.4142
 10
74558.668
 20
21016.8459
 42
0.0
 10
74528.668
 20
21016.8459
 42
0.4142
  0
INSERT
  5
132CBF
330
1F
100
AcDbEntity
 67
     0
  8
ölçü
  6
DUZ
 62
   256
 60
     0
 48
1.0
370
    -1
100
AcDbBlockReference
 66
     0
  2
ggggg
 10
49820.8143
 20
-4273.6614
 30
0.0
 41
-1.0
 42
1.0
 43
1.0
 50
270.0
 70
     0
 71
     0
 44
0.0
 45
0.0
210
0.0
220
0.0
230
1.0
  0
TEXT
  5
132CC0
330
1F
100
AcDbEntity
 67
     0
  8
a_yazı
  6
Continuous
 62
   256
 60
     0
 48
1.0
370
    -1
100
AcDbText
  1
Cam önü oturma alanı
 10
74462.8077
 20
20978.2095
 30
0.0
 39
0.0
 40
6.1534
  7
ARIEL50M
100
AcDbText
  0
LINE
  5
132CC1
330
1F
100
AcDbEntity
 67
     0
  8
tefriş
  6
Continuous
 62
   256
 60
     0
 48
1.0
370
    -1
100
AcDbLine
 39
0.0
 10
74459.668
 20
21019.3459
 30
0.0
 11
74459.668
 21
20974.3459
 31
0.0
  0
LWPOLYLINE
  5
132CC2
330
1F
100
AcDbEntity
 67
     0
  8
tefriş
  6
Continuous
 62
   256
 60
     0
 48
1.0
370
    -1
100
AcDbPolyline
 90
        4
 10
74451.668
 20
20974.3459
 42
0.0
 10
74451.668
 20
21019.3459
 42
0.0
 10
74327.668
 20
21019.3459
 42
0.0
 10
74327.668
 20
20974.3459
 42
0.0
  0
LWPOLYLINE
  5
132CC3
330
1F
100
AcDbEntity
 67
     0
  8
tefriş
  6
Continuous
 62
   217
420
-1030543473
 60
     0
 48
1.0
370
    -1
100
AcDbPolyline
 90
        8
 70
     1
 10
74364.668
 20
21074.3459
 42
0.0
 10
74414.668
 20
21074.3459
 42
-0.4142
 10
74419.668
 20
21069.3459
 42
0.0
 10
74419.668
 20
21019.3459
 42
-0.4142
 10
74414.668
 20
21014.3459
 42
0.0
 10
74364.668
 20
21014.3459
 42
-0.4142
 10
74359.668
 20
21019.3459
 42
0.0
 10
74359.668
 20
21069.3459
 42
-0.4142
  0
LWPOLYLINE
  5
132CC4
330
1F
100
AcDbEntity
 67
     0
  8
tefriş
  6
ACAD_ISO07W100
 62
   217
420
-1030543473
 60
     0
 48
1.0
370
    -1
100
AcDbPolyline
 90
        8
 70
     1
 10
74370.668
 20
21064.3459
 42
0.0
 10
74408.668
 20
21064.3459
 42
-0.4142
 10
74409.668
 20
21063.3459
 42
0.0
 10
74409.668
 20
21025.3459
 42
-0.4142
 10
74408.668
 20
21024.3459
 42
0.0
 10
74370.668
 20
21024.3459
 42
-0.4142
 10
74369.668
 20
21025.3459
 42
0.0
 10
74369.668
 20
21063.3459
 42
-0.4142
  0
LWPOLYLINE
  5
132CC5
330
1F
100
AcDbEntity
 67
     0
  8
tefriş
  6
ACAD_ISO07W100
 62
   217
420
-1030543473
 60
     0
 48
1.0
370
    -1
100
AcDbPolyline
 90
        4
 70
     1
 10
74384.668
 20
21049.3459
 10
74394.668
 20
21049.3459
 10
74394.668
 20
21039.3459
 10
74384.668
 20
21039.3459
  0
LINE
  5
132CC6
330
1F
100
AcDbEntity
 67
     0
  8
tefriş
  6
Continuous
 62
   256
 60
     0
 48
1.0
370
    -1
100
AcDbLine
 39
0.0
 10
74448.668
 20
21019.3459
 30
0.0
 11
74448.668
 21
20974.3459
 31
0.0
  0
INSERT
  5
132CC7
330
1F
100
AcDbEntity
 67
     0
  8
ölçü
  6
DUZ
 62
   256
 60
     0
 48
1.0
370
    -1
100
AcDbBlockReference
 66
     0
  2
ggggg
 10
49004.1674
 20
-3230.4078
 30
0.0
 41
1.0
 42
1.0
 43
1.0
 50
0.0
 70
     0
 71
     0
 44
0.0
 45
0.0
210
0.0
220
0.0
230
1.0
  0
LWPOLYLINE
  5
132CC8
330
1F
100
AcDbEntity
 67
     0
  8
tefriş
  6
Continuous
 62
     7
 60
     0
 48
1.0
370
    -1
100
AcDbPolyline
 90
        8
 70
     1
 10
74344.668
 20
21011.8459
 42
0.0
 10
74344.668
 20
20981.8459
 42
0.4142
 10
74349.668
 20
20976.8459
 42
0.0
 10
74379.668
 20
20976.8459
 42
0.4142
 10
74384.668
 20
20981.8459
 42
0.0
 10
74384.668
 20
21011.8459
 42
0.4142
 10
74379.668
 20
21016.8459
 42
0.0
 10
74349.668
 20
21016.8459
 42
0.4142
  0
LWPOLYLINE
  5
132CC9
330
1F
100
AcDbEntity
 67
     0
  8
tefriş
  6
Continuous
 62
     7
 60
     0
 48
1.0
370
    -1
100
AcDbPolyline
 90
        8
 70
     1
 10
74394.668
 20
21011.8459
 42
0.0
 10
74394.668
 20
20981.8459
 42
0.4142
 10
74399.668
 20
20976.8459
 42
0.0
 10
74429.668
 20
20976.8459
 42
0.4142
 10
74434.668
 20
20981.8459
 42
0.0
 10
74434.668
 20
21011.8459
 42
0.4142
 10
74429.668
 20
21016.8459
 42
0.0
 10
74399.668
 20
21016.8459
 42
0.4142
  0
LINE
  5
132CCA
330
1F
100
AcDbEntity
 67
     0
  8
tefriş
  6
Continuous
 62
   256
 60
     0
 48
1.0
370
    -1
100
AcDbLine
 39
0.0
 10
74330.668
 20
21019.3459
 30
0.0
 11
74330.668
 21
20974.3459
 31
0.0
  0
LWPOLYLINE
  5
132CCB
330
1F
100
AcDbEntity
 67
     0
  8
tefriş
  6
Continuous
 62
   256
 60
     0
 48
1.0
370
    -1
100
AcDbPolyline
 90
        4
 10
74322.668
 20
20974.3459
 42
0.0
 10
74322.668
 20
21019.3459
 42
0.0
 10
74198.668
 20
21019.3459
 42
0.0
 10
74198.668
 20
20974.3459
 42
0.0
  0
LWPOLYLINE
  5
132CCC
330
1F
100
AcDbEntity
 67
     0
  8
tefriş
  6
Continuous
 62
   217
420
-1030543473
 60
     0
 48
1.0
370
    -1
100
AcDbPolyline
 90
        8
 70
     1
 10
74235.668
 20
21074.3459
 42
0.0
 10
74285.668
 20
21074.3459
 42
-0.4142
 10
74290.668
 20
21069.3459
 42
0.0
 10
74290.668
 20
21019.3459
 42
-0.4142
 10
74285.668
 20
21014.3459
 42
0.0
 10
74235.668
 20
21014.3459
 42
-0.4142
 10
74230.668
 20
21019.3459
 42
0.0
 10
74230.668
 20
21069.3459
 42
-0.4142
  0
LWPOLYLINE
  5
132CCD
330
1F
100
AcDbEntity
 67
     0
  8
tefriş
  6
ACAD_ISO07W100
 62
   217
420
-1030543473
 60
     0
 48
1.0
370
    -1
100
AcDbPolyline
 90
        8
 70
     1
 10
74241.668
 20
21064.3459
 42
0.0
 10
74279.668
 20
21064.3459
 42
-0.4142
 10
74280.668
 20
21063.3459
 42
0.0
 10
74280.668
 20
21025.3459
 42
-0.4142
 10
74279.668
 20
21024.3459
 42
0.0
 10
74241.668
 20
21024.3459
 42
-0.4142
 10
74240.668
 20
21025.3459
 42
0.0
 10
74240.668
 20
21063.3459
 42
-0.4142
  0
LWPOLYLINE
  5
132CCE
330
1F
100
AcDbEntity
 67
     0
  8
tefriş
  6
ACAD_ISO07W100
 62
   217
420
-1030543473
 60
     0
 48
1.0
370
    -1
100
AcDbPolyline
 90
        4
 70
     1
 10
74255.668
 20
21049.3459
 10
74265.668
 20
21049.3459
 10
74265.668
 20
21039.3459
 10
74255.668
 20
21039.3459
  0
LINE
  5
132CCF
330
1F
100
AcDbEntity
 67
     0
  8
tefriş
  6
Continuous
 62
   256
 60
     0
 48
1.0
370
    -1
100
AcDbLine
 39
0.0
 10
74319.668
 20
21019.3459
 30
0.0
 11
74319.668
 21
20974.3459
 31
0.0
  0
INSERT
  5
132CD0
330
1F
100
AcDbEntity
 67
     0
  8
ölçü
  6
DUZ
 62
   256
 60
     0
 48
1.0
370
    -1
100
AcDbBlockReference
 66
     0
  2
ggggg
 10
48875.1674
 20
-3230.4078
 30
0.0
 41
1.0
 42
1.0
 43
1.0
 50
0.0
 70
     0
 71
     0
 44
0.0
 45
0.0
210
0.0
220
0.0
230
1.0
  0
LWPOLYLINE
  5
132CD1
330
1F
100
AcDbEntity
 67
     0
  8
tefriş
  6
Continuous
 62
     7
 60
     0
 48
1.0
370
    -1
100
AcDbPolyline
 90
        8
 70
     1
 10
74215.668
 20
21011.8459
 42
0.0
 10
74215.668
 20
20981.8459
 42
0.4142
 10
74220.668
 20
20976.8459
 42
0.0
 10
74250.668
 20
20976.8459
 42
0.4142
 10
74255.668
 20
20981.8459
 42
0.0
 10
74255.668
 20
21011.8459
 42
0.4142
 10
74250.668
 20
21016.8459
 42
0.0
 10
74220.668
 20
21016.8459
 42
0.4142
  0
LWPOLYLINE
  5
132CD2
330
1F
100
AcDbEntity
 67
     0
  8
tefriş
  6
Continuous
 62
     7
 60
     0
 48
1.0
370
    -1
100
AcDbPolyline
 90
        8
 70
     1
 10
74265.668
 20
21011.8459
 42
0.0
 10
74265.668
 20
20981.8459
 42
0.4142
 10
74270.668
 20
20976.8459
 42
0.0
 10
74300.668
 20
20976.8459
 42
0.4142
 10
74305.668
 20
20981.8459
 42
0.0
 10
74305.668
 20
21011.8459
 42
0.4142
 10
74300.668
 20
21016.8459
 42
0.0
 10
74270.668
 20
21016.8459
 42
0.4142
  0
LINE
  5
132CD3
330
1F
100
AcDbEntity
 67
     0
  8
tefriş
  6
Continuous
 62
   256
 60
     0
 48
1.0
370
    -1
100
AcDbLine
 39
0.0
 10
74201.668
 20
21019.3459
 30
0.0
 11
74201.668
 21
20974.3459
 31
0.0
  0
CIRCLE
  5
132CD4
330
1F
100
AcDbEntity
 67
     0
  8
tefriş
  6
Continuous
 62
   256
 60
     0
 48
1.0
370
    -1
100
AcDbCircle
 39
0.0
 10
74048.2514
 20
21391.5324
 30
0.0
 40
30.0
  0
CIRCLE
  5
132CD5
330
1F
100
AcDbEntity
 67
     0
  8
tefriş
  6
Continuous
 62
   256
 60
     0
 48
1.0
370
    -1
100
AcDbCircle
 39
0.0
 10
74029.1805
 20
22120.2782
 30
0.0
 40
30.0
  0
ARC
  5
132CD6
330
1F
100
AcDbEntity
 67
     0
  8
tefriş
  6
Continuous
 62
   256
 60
     0
 48
1.0
370
    -1
100
AcDbCircle
 39
0.0
 10
74023.6303
 20
22125.8284
 30
0.0
 40
1.8501
100
AcDbArc
 50
41.4096
 51
228.5904
  0
ARC
  5
132CD7
330
1F
100
AcDbEntity
 67
     0
  8
tefriş
  6
Continuous
 62
   256
 60
     0
 48
1.0
370
    -1
100
AcDbCircle
 39
0.0
 10
74023.6303
 20
22120.2782
 30
0.0
 40
1.8501
100
AcDbArc
 50
131.4096
 51
318.5904
  0
ARC
  5
132CD8
330
1F
100
AcDbEntity
 67
     0
  8
tefriş
  6
Continuous
 62
   256
 60
     0
 48
1.0
370
    -1
100
AcDbCircle
 39
0.0
 10
74021.1829
 20
22123.0533
 30
0.0
 40
1.8501
100
AcDbArc
 50
311.4096
 51
48.5904
  0
LINE
  5
132CD9
330
1F
100
AcDbEntity
 67
     0
  8
tefriş
  6
Continuous
 62
   256
 60
     0
 48
1.0
370
    -1
100
AcDbLine
 39
0.0
 10
74032.7179
 20
22127.0521
 30
0.0
 11
74026.7316
 21
22136.7633
 31
0.0
  0
ARC
  5
132CDA
330
1F
100
AcDbEntity
 67
     0
  8
tefriş
  6
Continuous
 62
   256
 60
     0
 48
1.0
370
    -1
100
AcDbCircle
 39
0.0
 10
74034.1055
 20
22140.6282
 30
0.0
 40
8.3253
100
AcDbArc
 50
207.6604
 51
332.3396
  0
ARC
  5
132CDB
330
1F
100
AcDbEntity
 67
     0
  8
tefriş
  6
Continuous
 62
   256
 60
     0
 48
1.0
370
    -1
100
AcDbCircle
 39
0.0
 10
74026.4054
 20
22105.4784
 30
0.0
 40
8.3253
100
AcDbArc
 50
27.6604
 51
152.3396
  0
LINE
  5
132CDC
330
1F
100
AcDbEntity
 67
     0
  8
tefriş
  6
Continuous
 62
   256
 60
     0
 48
1.0
370
    -1
100
AcDbLine
 39
0.0
 10
74025.0179
 20
22119.0545
 30
0.0
 11
74019.0316
 21
22109.3432
 31
0.0
  0
LINE
  5
132CDD
330
1F
100
AcDbEntity
 67
     0
  8
tefriş
  6
Continuous
 62
   256
 60
     0
 48
1.0
370
    -1
100
AcDbLine
 39
0.0
 10
74015.0143
 20
22150.3388
 30
0.0
 11
74032.9727
 21
22132.3803
 31
0.0
  0
LINE
  5
132CDE
330
1F
100
AcDbEntity
 67
     0
  8
tefriş
  6
Continuous
 62
   256
 60
     0
 48
1.0
370
    -1
100
AcDbLine
 39
0.0
 10
74012.3552
 20
22107.0419
 30
0.0
 11
74029.2959
 21
22090.1012
 31
0.0
  0
LINE
  5
132CDF
330
1F
100
AcDbEntity
 67
     0
  8
tefriş
  6
Continuous
 62
   256
 60
     0
 48
1.0
370
    -1
100
AcDbLine
 39
0.0
 10
74002.0174
 20
22114.1469
 30
0.0
 11
74025.199
 21
22090.9652
 31
0.0
  0
ARC
  5
132CE0
330
1F
100
AcDbEntity
 67
     0
  8
tefriş
  6
Continuous
 62
   256
 60
     0
 48
1.0
370
    -1
100
AcDbCircle
 39
0.0
 10
74022.635
 20
22134.6162
 30
0.0
 40
4.6252
100
AcDbArc
 50
27.6604
 51
243.2345
  0
ARC
  5
132CE1
330
1F
100
AcDbEntity
 67
     0
  8
tefriş
  6
Continuous
 62
   256
 60
     0
 48
1.0
370
    -1
100
AcDbCircle
 39
0.0
 10
74014.935
 20
22111.4904
 30
0.0
 40
4.6252
100
AcDbArc
 50
116.7655
 51
332.3396
  0
LINE
  5
132CE2
330
1F
100
AcDbEntity
 67
     0
  8
tefriş
  6
Continuous
 62
   256
 60
     0
 48
1.0
370
    -1
100
AcDbLine
 39
0.0
 10
74022.4066
 20
22121.6657
 30
0.0
 11
74012.8521
 21
22115.62
 31
0.0
  0
ARC
  5
132CE3
330
1F
100
AcDbEntity
 67
     0
  8
tefriş
  6
Continuous
 62
   256
 60
     0
 48
1.0
370
    -1
100
AcDbCircle
 39
0.0
 10
74009.1029
 20
22123.0533
 30
0.0
 40
8.3253
100
AcDbArc
 50
296.7655
 51
63.2345
  0
LINE
  5
132CE4
330
1F
100
AcDbEntity
 67
     0
  8
tefriş
  6
Continuous
 62
   256
 60
     0
 48
1.0
370
    -1
100
AcDbLine
 39
0.0
 10
74012.8521
 20
22130.4866
 30
0.0
 11
74022.4066
 21
22124.4408
 31
0.0
  0
ARC
  5
132CE5
330
1F
100
AcDbEntity
 67
     0
  8
tefriş
  6
Continuous
 62
   256
 60
     0
 48
1.0
370
    -1
100
AcDbCircle
 39
0.0
 10
74026.4054
 20
22128.2758
 30
0.0
 40
1.8501
100
AcDbArc
 50
221.4096
 51
318.5904
  0
ARC
  5
132CE6
330
1F
100
AcDbEntity
 67
     0
  8
tefriş
  6
Continuous
 62
   256
 60
     0
 48
1.0
370
    -1
100
AcDbCircle
 39
0.0
 10
74029.1805
 20
22125.8284
 30
0.0
 40
1.8501
100
AcDbArc
 50
311.4096
 51
138.5904
  0
ARC
  5
132CE7
330
1F
100
AcDbEntity
 67
     0
  8
tefriş
  6
Continuous
 62
   256
 60
     0
 48
1.0
370
    -1
100
AcDbCircle
 39
0.0
 10
74031.6279
 20
22123.0533
 30
0.0
 40
1.8501
100
AcDbArc
 50
131.4096
 51
228.5904
  0
ARC
  5
132CE8
330
1F
100
AcDbEntity
 67
     0
  8
tefriş
  6
Continuous
 62
   256
 60
     0
 48
1.0
370
    -1
100
AcDbCircle
 39
0.0
 10
74029.1805
 20
22120.2782
 30
0.0
 40
1.8501
100
AcDbArc
 50
221.4096
 51
48.5904
  0
ARC
  5
132CE9
330
1F
100
AcDbEntity
 67
     0
  8
tefriş
  6
Continuous
 62
   256
 60
     0
 48
1.0
370
    -1
100
AcDbCircle
 39
0.0
 10
74026.4054
 20
22117.8308
 30
0.0
 40
1.8501
100
AcDbArc
 50
41.4096
 51
138.5904
  0
LINE
  5
132CEA
330
1F
100
AcDbEntity
 67
     0
  8
tefriş
  6
Continuous
 62
   256
 60
     0
 48
1.0
370
    -1
100
AcDbLine
 39
0.0
 10
74027.793
 20
22127.0521
 30
0.0
 11
74033.7792
 21
22136.7633
 31
0.0
  0
ARC
  5
132CEB
330
1F
100
AcDbEntity
 67
     0
  8
tefriş
  6
Continuous
 62
   256
 60
     0
 48
1.0
370
    -1
100
AcDbCircle
 39
0.0
 10
74037.8758
 20
22134.6162
 30
0.0
 40
4.6252
100
AcDbArc
 50
296.7655
 51
152.3396
  0
LINE
  5
132CEC
330
1F
100
AcDbEntity
 67
     0
  8
tefriş
  6
Continuous
 62
   256
 60
     0
 48
1.0
370
    -1
100
AcDbLine
 39
0.0
 10
74030.4042
 20
22124.4408
 30
0.0
 11
74039.9587
 21
22130.4866
 31
0.0
  0
ARC
  5
132CED
330
1F
100
AcDbEntity
 67
     0
  8
tefriş
  6
Continuous
 62
   256
 60
     0
 48
1.0
370
    -1
100
AcDbCircle
 39
0.0
 10
74043.7079
 20
22123.0533
 30
0.0
 40
8.3253
100
AcDbArc
 50
116.7655
 51
243.2345
  0
LINE
  5
132CEE
330
1F
100
AcDbEntity
 67
     0
  8
tefriş
  6
Continuous
 62
   256
 60
     0
 48
1.0
370
    -1
100
AcDbLine
 39
0.0
 10
74030.4042
 20
22121.6657
 30
0.0
 11
74039.9587
 21
22115.62
 31
0.0
  0
ARC
  5
132CEF
330
1F
100
AcDbEntity
 67
     0
  8
tefriş
  6
Continuous
 62
   256
 60
     0
 48
1.0
370
    -1
100
AcDbCircle
 39
0.0
 10
74037.8758
 20
22111.4904
 30
0.0
 40
4.6252
100
AcDbArc
 50
207.6604
 51
63.2345
  0
LINE
  5
132CF0
330
1F
100
AcDbEntity
 67
     0
  8
tefriş
  6
Continuous
 62
   256
 60
     0
 48
1.0
370
    -1
100
AcDbLine
 39
0.0
 10
74027.793
 20
22119.0545
 30
0.0
 11
74033.7792
 21
22109.3432
 31
0.0
  0
LINE
  5
132CF1
330
1F
100
AcDbEntity
 67
     0
  8
tefriş
  6
Continuous
 62
   256
 60
     0
 48
1.0
370
    -1
100
AcDbLine
 39
0.0
 10
74035.4235
 20
22122.2295
 30
0.0
 11
74053.6909
 21
22103.9621
 31
0.0
  0
LINE
  5
132CF2
330
1F
100
AcDbEntity
 67
     0
  8
tefriş
  6
Continuous
 62
   256
 60
     0
 48
1.0
370
    -1
100
AcDbLine
 39
0.0
 10
74042.257
 20
22110.0079
 30
0.0
 11
74051.3141
 21
22100.9507
 31
0.0
  0
LINE
  5
132CF3
330
1F
100
AcDbEntity
 67
     0
  8
tefriş
  6
Continuous
 62
   256
 60
     0
 48
1.0
370
    -1
100
AcDbLine
 39
0.0
 10
74025.6989
 20
22126.5659
 30
0.0
 11
74029.918
 21
22122.3468
 31
0.0
  0
LWPOLYLINE
  5
133002
330
1F
100
AcDbEntity
 67
     0
  8
tefriş
  6
Continuous
 62
   217
420
-1030543473
 60
     0
 48
1.0
370
    -1
100
AcDbPolyline
 90
        4
 10
74234.749
 20
21857.5959
 42
0.4142
 10
74239.749
 20
21852.5959
 42
0.0
 10
74289.749
 20
21852.5959
 42
0.4142
 10
74294.749
 20
21857.5959
 42
0.0
  0
LWPOLYLINE
  5
133004
330
1F
100
AcDbEntity
 67
     0
  8
tefriş
  6
Continuous
 62
   217
420
-1030543473
 60
     0
 48
1.0
370
    -1
100
AcDbPolyline
 90
        4
 10
74234.749
 20
21657.5959
 42
0.4142
 10
74239.749
 20
21652.5959
 42
0.0
 10
74289.749
 20
21652.5959
 42
0.4142
 10
74294.749
 20
21657.5959
 42
0.0
  0
LWPOLYLINE
  5
133006
330
1F
100
AcDbEntity
 67
     0
  8
tefriş
  6
Continuous
 62
   256
 60
     0
 48
1.0
370
    -1
100
AcDbPolyline
 90
        2
 10
74194.749
 20
21782.5959
 10
74234.749
 20
21782.5959
  0
LINE
  5
133007
330
1F
100
AcDbEntity
 67
     0
  8
tefriş
  6
Continuous
 62
   256
 60
     0
 48
1.0
370
    -1
100
AcDbLine
 39
0.0
 10
74194.749
 20
21582.5959
 30
0.0
 11
74194.749
 21
21982.5959
 31
0.0
  0
LWPOLYLINE
  5
133008
330
1F
100
AcDbEntity
 67
     0
  8
tefriş
  6
Continuous
 62
     7
 60
     0
 48
1.0
370
    -1
100
AcDbPolyline
 90
        6
 10
74585.168
 20
21667.1812
 42
-0.4142
 10
74587.168
 20
21669.1812
 42
0.0
 10
74625.168
 20
21669.1812
 42
-0.4142
 10
74627.168
 20
21667.1812
 42
0.0
 10
74627.168
 20
21555.1812
 42
-0.4142
 10
74625.168
 20
21553.1812
 42
0.0
  0
LWPOLYLINE
  5
133009
330
1F
100
AcDbEntity
 67
     0
  8
tefriş
  6
Continuous
 62
     7
 60
     0
 48
1.0
370
    -1
100
AcDbPolyline
 90
        6
 10
74585.168
 20
21783.1812
 42
-0.4142
 10
74587.168
 20
21785.1812
 42
0.0
 10
74625.168
 20
21785.1812
 42
-0.4142
 10
74627.168
 20
21783.1812
 42
0.0
 10
74627.168
 20
21671.1812
 42
-0.4142
 10
74625.168
 20
21669.1812
 42
0.0
  0
LWPOLYLINE
  5
13300A
330
1F
100
AcDbEntity
 67
     0
  8
tefriş
  6
Continuous
 62
     7
 60
     0
 48
1.0
370
    -1
100
AcDbPolyline
 90
        6
 10
74585.168
 20
21899.1812
 42
-0.4142
 10
74587.168
 20
21901.1812
 42
0.0
 10
74625.168
 20
21901.1812
 42
-0.4142
 10
74627.168
 20
21899.1812
 42
0.0
 10
74627.168
 20
21787.1812
 42
-0.4142
 10
74625.168
 20
21785.1812
 42
0.0
  0
LWPOLYLINE
  5
13300B
330
1F
100
AcDbEntity
 67
     0
  8
tefriş
  6
Continuous
 62
     7
 60
     0
 48
1.0
370
    -1
100
AcDbPolyline
 90
        6
 10
74585.168
 20
22015.1812
 42
-0.4142
 10
74587.168
 20
22017.1812
 42
0.0
 10
74625.168
 20
22017.1812
 42
-0.4142
 10
74627.168
 20
22015.1812
 42
0.0
 10
74627.168
 20
21903.1812
 42
-0.4142
 10
74625.168
 20
21901.1812
 42
0.0
  0
LWPOLYLINE
  5
13300C
330
1F
100
AcDbEntity
 67
     0
  8
tefriş
  6
Continuous
 62
     7
 60
     0
 48
1.0
370
    -1
100
AcDbPolyline
 90
        6
 10
74585.168
 20
22131.1812
 42
-0.4142
 10
74587.168
 20
22133.1812
 42
0.0
 10
74625.168
 20
22133.1812
 42
-0.4142
 10
74627.168
 20
22131.1812
 42
0.0
 10
74627.168
 20
22019.1812
 42
-0.4142
 10
74625.168
 20
22017.1812
 42
0.0
  0
LWPOLYLINE
  5
13300D
330
1F
100
AcDbEntity
 67
     0
  8
tefriş
  6
Continuous
 62
     7
 60
     0
 48
1.0
370
    -1
100
AcDbPolyline
 90
        3
 10
74632.168
 20
21545.1812
 42
0.0
 10
74630.168
 20
21545.1812
 42
0.4142
 10
74627.168
 20
21542.1812
 42
0.0
  0
LWPOLYLINE
  5
13300E
330
1F
100
AcDbEntity
 67
     0
  8
tefriş
  6
Continuous
 62
     7
 60
     0
 48
1.0
370
    -1
100
AcDbPolyline
 90
        3
 10
74632.168
 20
21661.1812
 42
0.0
 10
74630.168
 20
21661.1812
 42
0.4142
 10
74627.168
 20
21658.1812
 42
0.0
  0
LWPOLYLINE
  5
13300F
330
1F
100
AcDbEntity
 67
     0
  8
tefriş
  6
Continuous
 62
     7
 60
     0
 48
1.0
370
    -1
100
AcDbPolyline
 90
        3
 10
74632.168
 20
21777.1812
 42
0.0
 10
74630.168
 20
21777.1812
 42
0.4142
 10
74627.168
 20
21774.1812
 42
0.0
  0
LWPOLYLINE
  5
133010
330
1F
100
AcDbEntity
 67
     0
  8
tefriş
  6
Continuous
 62
     7
 60
     0
 48
1.0
370
    -1
100
AcDbPolyline
 90
        3
 10
74632.168
 20
21893.1812
 42
0.0
 10
74630.168
 20
21893.1812
 42
0.4142
 10
74627.168
 20
21890.1812
 42
0.0
  0
LWPOLYLINE
  5
133011
330
1F
100
AcDbEntity
 67
     0
  8
tefriş
  6
Continuous
 62
     7
 60
     0
 48
1.0
370
    -1
100
AcDbPolyline
 90
        3
 10
74632.168
 20
22009.1812
 42
0.0
 10
74630.168
 20
22009.1812
 42
0.4142
 10
74627.168
 20
22006.1812
 42
0.0
  0
LWPOLYLINE
  5
133012
330
1F
100
AcDbEntity
 67
     0
  8
tefriş
  6
Continuous
 62
     7
 60
     0
 48
1.0
370
    -1
100
AcDbPolyline
 90
        3
 10
74632.168
 20
22125.1812
 42
0.0
 10
74630.168
 20
22125.1812
 42
0.4142
 10
74627.168
 20
22122.1812
 42
0.0
  0
LWPOLYLINE
  5
13301A
330
1F
100
AcDbEntity
 67
     0
  8
tefriş
  6
Continuous
 62
   256
 60
     0
 48
1.0
370
    -1
100
AcDbPolyline
 90
        2
 10
74194.168
 20
22701.3459
 10
74194.168
 20
22641.3459
  0
LINE
  5
13301C
330
1F
100
AcDbEntity
 67
     0
  8
tefriş
  6
Continuous
 62
   256
 60
     0
 48
1.0
370
    -1
100
AcDbLine
 39
0.0
 10
74429.168
 20
22401.3459
 30
0.0
 11
73859.168
 21
22401.3459
 31
0.0
  0
LINE
  5
13301D
330
1F
100
AcDbEntity
 67
     0
  8
Alçıpan
  6
Continuous
 62
   256
 60
     0
 48
1.0
370
    -1
100
AcDbLine
 39
0.0
 10
74645.668
 20
22701.3459
 30
0.0
 11
73859.168
 21
22701.3459
 31
0.0
  0
LINE
  5
13301E
330
1F
100
AcDbEntity
 67
     0
  8
Alçıpan
  6
Continuous
 62
   256
 60
     0
 48
1.0
370
    -1
100
AcDbLine
 39
0.0
 10
73874.168
 20
22816.3459
 30
0.0
 11
73874.168
 21
22701.3459
 31
0.0
  0
LINE
  5
13301F
330
1F
100
AcDbEntity
 67
     0
  8
Alçıpan
  6
Byblock
 62
   256
 60
     0
 48
1.0
370
    -1
100
AcDbLine
 39
0.0
 10
75431.168
 20
22841.3459
 30
0.0
 11
75431.168
 21
22217.8459
 31
0.0
  0
LINE
  5
133024
330
1F
100
AcDbEntity
 67
     0
  8
M-DU-03
  6
Continuous
 62
   256
 60
     0
 48
1.0
370
    -1
100
AcDbLine
 39
0.0
 10
75945.168
 20
22481.8459
 30
0.0
 11
75801.668
 21
22481.8459
 31
0.0
  0
LWPOLYLINE
  5
13302A
330
1F
100
AcDbEntity
 67
     0
  8
S-KOLON
  6
Continuous
 62
     0
 60
     0
 48
0.5
370
    -2
100
AcDbPolyline
 90
        2
 10
75896.668
 20
22950.3459
 10
75896.668
 20
22830.3459
  0
LWPOLYLINE
  5
13302D
330
1F
100
AcDbEntity
 67
     0
  8
S-KOLON
  6
Continuous
 62
   256
 60
     0
 48
0.5
370
    -1
100
AcDbPolyline
 90
        2
 10
73043.168
 20
21630.3459
 10
73463.168
 20
21630.3459
  0
LWPOLYLINE
  5
13302E
330
1F
100
AcDbEntity
 67
     0
  8
S-KOLON
  6
Continuous
 62
   256
 60
     0
 48
0.5
370
    -1
100
AcDbPolyline
 90
        2
 10
73043.168
 20
21960.3459
 10
73463.168
 20
21960.3459
  0
LWPOLYLINE
  5
13302F
330
1F
100
AcDbEntity
 67
     0
  8
Alçıpan
  6
Continuous
 62
   256
 60
     0
 48
1.0
370
    -1
100
AcDbPolyline
 90
        2
 10
73821.668
 20
21070.3459
 10
73856.668
 20
21070.3459
  0
LWPOLYLINE
  5
133030
330
1F
100
AcDbEntity
 67
     0
  8
S-KOLON
  6
Continuous
 62
   256
 60
     0
 48
0.5
370
    -1
100
AcDbPolyline
 90
        2
 10
73043.168
 20
21070.3459
 10
73073.168
 20
21070.3459
  0
LWPOLYLINE
  5
133032
330
1F
100
AcDbEntity
 67
     0
  8
S-KOLON
  6
Continuous
 62
   256
 60
     0
 48
0.5
370
    -1
100
AcDbPolyline
 90
        2
 10
73043.168
 20
22950.3459
 10
76286.668
 20
22950.3459
  0
LINE
  5
13303A
330
1F
100
AcDbEntity
 67
     0
  8
-VV-UFLEME-KANALI
  6
Continuous
 62
     2
 60
     0
 48
1.0
370
    -1
100
AcDbLine
 39
0.0
 10
74251.0454
 20
22671.3459
 30
0.0
 11
75564.4282
 21
22671.3459
 31
0.0
  0
LINE
  5
13303C
330
1F
100
AcDbEntity
 67
     0
  8
-VV-UFLEME-KANALI
  6
Continuous
 62
     2
 60
     0
 48
1.0
370
    -1
100
AcDbLine
 39
0.0
 10
75583.8515
 20
22653.5862
 30
0.0
 11
75583.8515
 21
22126.3676
 31
0.0
  0
LWPOLYLINE
  5
13306F
330
1F
100
AcDbEntity
 67
     0
  8
-VV-UFLEME-KANALI
  6
Continuous
 62
   256
 60
     0
 48
1.0
370
    -1
100
AcDbPolyline
 90
        4
 10
74238.5454
 20
22683.8459
 10
75564.4282
 20
22683.8459
 10
75564.4282
 20
22658.8459
 10
74238.5454
 20
22658.8459
1001
MTYKANAL
1000
UFLEME
1000
50
1000
150
1000
150
1000
KS-001
1000
Kare Kanal
  0
LWPOLYLINE
  5
133070
330
1F
100
AcDbEntity
 67
     0
  8
-VV-UFLEME-KANALI
  6
Continuous
 62
   256
 60
     0
 48
1.0
370
    -1
100
AcDbPolyline
 90
        4
 70
     1
 10
75595.6782
 20
22652.5959
 42
0.0
 10
75570.6782
 20
22652.5959
 42
0.4142
 10
75564.4282
 20
22658.8459
 42
0.0
 10
75564.4282
 20
22683.8459
 42
-0.4142
1001
MTYKANAL
1000
UFLEME
1000
50
1000
150
1000
150
1000
KS-001
1000
Dirsek
1000
150
1000
150
1000
11.25
  0
LWPOLYLINE
  5
133071
330
1F
100
AcDbEntity
 67
     0
  8
-VV-UFLEME-KANALI
  6
Continuous
 62
   256
 60
     0
 48
1.0
370
    -1
100
AcDbPolyline
 90
        4
 10
75595.6782
 20
22134.6011
 10
75595.6782
 20
22652.5959
 10
75570.6782
 20
22652.5959
 10
75570.6782
 20
22138.2452
1001
MTYKANAL
1000
UFLEME
1000
150
1000
150
1000
150
1000
KS-001
1000
Kare Kanal
  0
LWPOLYLINE
  5
133073
330
1F
100
AcDbEntity
 67
     0
  8
-VV-UFLEME-KANALI
  6
Continuous
 62
     2
 60
     0
 48
1.0
370
    -1
100
AcDbPolyline
 90
        3
 10
75564.4282
 20
22671.3459
 42
-0.4407
 10
75583.8515
 20
22652.5959
 42
0.0
 10
75583.8515
 20
22652.5959
 42
0.0
1001
MTYKANAL
1000
UFLEME
1000
50
1000
150
1000
150
1000
KS-001
1000
Dirsek
1000
150
1000
150
1000
11.25
  0
CIRCLE
  5
133074
330
1F
100
AcDbEntity
 67
     0
  8
-VV-UFLEME-KANALI
  6
Continuous
 62
   256
 60
     0
 48
1.0
370
    -1
100
AcDbCircle
 39
0.0
 10
74238.5454
 20
22671.3459
 30
0.0
 40
12.5
  0
LINE
  5
133075
330
1F
100
AcDbEntity
 67
     0
  8
-VV-UFLEME-KANALI
  6
Continuous
 62
     2
 60
     0
 48
1.0
370
    -1
100
AcDbLine
 39
0.0
 10
74238.5454
 20
22658.8459
 30
0.0
 11
74238.5454
 21
22683.8459
 31
0.0
  0
LINE
  5
133076
330
1F
100
AcDbEntity
 67
     0
  8
-VV-UFLEME-KANALI
  6
Continuous
 62
     2
 60
     0
 48
1.0
370
    -1
100
AcDbLine
 39
0.0
 10
74251.0454
 20
22671.3459
 30
0.0
 11
74226.0454
 21
22671.3459
 31
0.0
  0
MTEXT
  5
133099
330
1F
100
AcDbEntity
 67
     0
  8
-M-HT-MENFEZ YAZI
  6
Continuous
 62
   256
 60
     0
 48
1.0
370
    -1
100
AcDbMText
 10
75598.3034
 20
22102.471
 30
0.0
210
0.0
220
0.0
230
1.0
 40
10.0
 41
0.0
 50
0.0
 71
     5
 72
     5
  1
{\LMevcut Egzoz \PHava Kanalına Baglantı}
  7
Standard
 11
1.0
 21
-0.0
 31
0.0
 42
144.3656
 73
     1
 44
1.08
 90
        0
 75
     0
 78
     0
 79
     0
 48
0.0
 49
0.0
1001
ACAD
1000
ACAD_MTEXT_DEFINED_HEIGHT_BEGIN
1070
    46
1040
25.0458
1000
ACAD_MTEXT_DEFINED_HEIGHT_END
  0
MTEXT
  5
13309A
330
1F
100
AcDbEntity
 67
     0
  8
-M-HT-MENFEZ YAZI
  6
Continuous
 62
   256
 60
     0
 48
1.0
370
    -1
100
AcDbMText
 10
75666.3873
 20
22296.6365
 30
0.0
210
0.0
220
0.0
230
1.0
 40
10.0
 41
0.0
 50
0.0
 71
     5
 72
     5
  1
\pxqc;{\L%%C200 mm Spiral Kanal\P\pq*;}750 m³/h
  7
Standard
 11
1.0
 21
-0.0
 31
0.0
 42
138.9905
 73
     1
 44
1.08
 90
        0
 75
     0
 78
     0
 79
     0
 48
0.0
 49
0.0
1001
ACAD
1000
ACAD_MTEXT_DEFINED_HEIGHT_BEGIN
1070
    46
1040
25.0458
1000
ACAD_MTEXT_DEFINED_HEIGHT_END
  0
MTEXT
  5
13309E
330
1F
100
AcDbEntity
 67
     0
  8
-M-HT-MENFEZ YAZI
  6
Continuous
 62
   256
 60
     0
 48
1.0
370
    -1
100
AcDbMText
 10
74343.799
 20
22640.1604
 30
0.0
210
0.0
220
0.0
230
1.0
 40
10.0
 41
0.0
 50
0.0
 71
     5
 72
     5
  1
\pxqc;{\L%%C200 mm Spiral Kanal\P\pq*;}750 m³/h
  7
Standard
 11
1.0
 21
-0.0
 31
0.0
 42
138.9905
 73
     1
 44
1.08
 90
        0
 75
     0
 78
     0
 79
     0
 48
0.0
 49
0.0
1001
ACAD
1000
ACAD_MTEXT_DEFINED_HEIGHT_BEGIN
1070
    46
1040
25.0458
1000
ACAD_MTEXT_DEFINED_HEIGHT_END
  0
INSERT
  5
133101
330
1F
100
AcDbEntity
 67
     0
  8
MEK-H- Havalandırma Cihaz
  6
Continuous
 62
   256
 60
     0
 48
1.0
370
    -1
100
AcDbBlockReference
 66
     0
  2
315BC
 10
74539.1534
 20
22671.3459
 30
0.0
 41
0.7937
 42
0.7937
 43
0.7937
 50
360.0
 70
     0
 71
     0
 44
0.0
 45
0.0
210
0.0
220
0.0
230
1.0
  0
MTEXT
  5
133306
330
1F
100
AcDbEntity
 67
     0
  8
-M-HT-MENFEZ YAZI
  6
Continuous
 62
   256
 60
     0
 48
1.0
370
    -1
100
AcDbMText
 10
74556.602
 20
22703.2659
 30
0.0
210
0.0
220
0.0
230
1.0
 40
10.0
 41
0.0
 50
0.0
 71
     5
 72
     5
  1
\pxqc;{\LYuvarlak Kanal Tipi Fan Hız Anahtarı Dahil\P\pq*;}750 m³/h -180 Pa
  7
Standard
 11
1.0
 21
-0.0
 31
0.0
 42
264.5293
 73
     1
 44
1.08
 90
        0
 75
     0
 78
     0
 79
     0
 48
0.0
 49
0.0
1001
ACAD
1000
ACAD_MTEXT_DEFINED_HEIGHT_BEGIN
1070
    46
1040
25.0458
1000
ACAD_MTEXT_DEFINED_HEIGHT_END
  0
INSERT
  5
1333FE
330
1F
100
AcDbEntity
 67
     0
  8
0
  6
Continuous
 62
   256
 60
     0
 48
1.0
370
    -1
100
AcDbBlockReference
 66
     0
  2
FDUM36KXE6F
 10
74377.3581
 20
22580.8335
 30
0.0
 41
0.1
 42
0.1
 43
0.1
 50
270.0354
 70
     0
 71
     0
 44
0.0
 45
0.0
210
0.0
220
0.0
230
1.0
  0
INSERT
  5
1333FF
330
1F
100
AcDbEntity
 67
     0
  8
0
  6
Continuous
 62
   256
 60
     0
 48
1.0
370
    -1
100
AcDbBlockReference
 66
     0
  2
FDUM36KXE6F
 10
74491.033
 20
21789.9294
 30
0.0
 41
0.1
 42
0.1
 43
0.1
 50
270.0354
 70
     0
 71
     0
 44
0.0
 45
0.0
210
0.0
220
0.0
230
1.0
  0
SPLINE
  5
13340A
330
1F
100
AcDbEntity
 67
     0
  8
-VV-UFLEME-KANALI
  6
Continuous
 62
     2
 60
     0
 48
1.0
370
    -1
100
AcDbSpline
 70
     9
 71
     3
 72
     0
 73
     0
 74
     4
 42
0.0
 43
0.0
 44
0.0
 12
0.0
 22
0.0
 32
0.0
 13
0.0
 23
0.0
 33
0.0
 11
75558.1782
 21
22126.6468
 31
0.0
 11
75571.3515
 21
22138.0951
 31
0.0
 11
75583.1782
 21
22126.6468
 31
0.0
 11
75600.155
 21
22141.0439
 31
0.0
  0
MTEXT
  5
13340B
330
1F
100
AcDbEntity
 67
     0
  8
-M-HT-MENFEZ YAZI
  6
Continuous
 62
   256
 60
     0
 48
1.0
370
    -1
100
AcDbMText
 10
75163.1893
 20
22700.0503
 30
0.0
210
0.0
220
0.0
230
1.0
 40
10.0
 41
0.0
 50
0.0
 71
     5
 72
     5
  1
\pxqc;{\L%%C200 mm Spiral Kanal\P\pq*;}750 m³/h
  7
Standard
 11
1.0
 21
-0.0
 31
0.0
 42
138.9905
 73
     1
 44
1.08
 90
        0
 75
     0
 78
     0
 79
     0
 48
0.0
 49
0.0
1001
ACAD
1000
ACAD_MTEXT_DEFINED_HEIGHT_BEGIN
1070
    46
1040
25.0458
1000
ACAD_MTEXT_DEFINED_HEIGHT_END
  0
LINE
  5
13340E
330
1F
100
AcDbEntity
 67
     0
  8
-VV-EMIS-KANALI
  6
Continuous
 62
   256
 60
     0
 48
1.0
370
    -1
100
AcDbLine
 39
0.0
 10
74406.283
 20
21799.9079
 30
0.0
 11
74406.283
 21
21779.9079
 31
0.0
  0
LINE
  5
13340F
330
1F
100
AcDbEntity
 67
     0
  8
-VV-EMIS-KANALI
  6
Continuous
 62
   256
 60
     0
 48
1.0
370
    -1
100
AcDbLine
 39
0.0
 10
74406.283
 20
21779.9079
 30
0.0
 11
74456.3041
 21
21755.7879
 31
0.0
  0
LINE
  5
133410
330
1F
100
AcDbEntity
 67
     0
  8
-VV-EMIS-KANALI
  6
Continuous
 62
   256
 60
     0
 48
1.0
370
    -1
100
AcDbLine
 39
0.0
 10
74406.283
 20
21799.9079
 30
0.0
 11
74456.2619
 21
21824.0279
 31
0.0
  0
LINE
  5
133411
330
1F
100
AcDbEntity
 67
     0
  8
-VV-EMIS-KANALI
  6
Continuous
 62
   256
 60
     0
 48
1.0
370
    -1
100
AcDbLine
 39
0.0
 10
74406.283
 20
21799.9079
 30
0.0
 11
74046.283
 21
21799.9079
 31
0.0
  0
LINE
  5
133412
330
1F
100
AcDbEntity
 67
     0
  8
-VV-EMIS-KANALI
  6
Continuous
 62
   256
 60
     0
 48
1.0
370
    -1
100
AcDbLine
 39
0.0
 10
74046.283
 20
21799.9079
 30
0.0
 11
74046.283
 21
21779.9079
 31
0.0
  0
LINE
  5
133413
330
1F
100
AcDbEntity
 67
     0
  8
-VV-EMIS-KANALI
  6
Continuous
 62
   256
 60
     0
 48
1.0
370
    -1
100
AcDbLine
 39
0.0
 10
74046.283
 20
21779.9079
 30
0.0
 11
74406.283
 21
21779.9079
 31
0.0
  0
MTEXT
  5
133414
330
1F
100
AcDbEntity
 67
     0
  8
-M-HT-MENFEZ YAZI
  6
Continuous
 62
   256
 60
     0
 48
1.0
370
    -1
100
AcDbMText
 10
74330.5783
 20
21824.7151
 30
0.0
210
0.0
220
0.0
230
1.0
 40
10.0
 41
0.0
 50
0.0
 71
     5
 72
     5
  1
\pxqc;{\LYuvarlak Kanal Menfezi\P\pq*;}300 m³/h-675x75 mm
  7
Standard
 11
1.0
 21
-0.0
 31
0.0
 42
145.7708
 73
     1
 44
1.08
 90
        0
 75
     0
 78
     0
 79
     0
 48
0.0
 49
0.0
1001
ACAD
1000
ACAD_MTEXT_DEFINED_HEIGHT_BEGIN
1070
    46
1040
25.0458
1000
ACAD_MTEXT_DEFINED_HEIGHT_END
  0
LINE
  5
13349A
330
1F
100
AcDbEntity
 67
     0
  8
KİRİŞ
  6
Continuous
 62
     3
 60
     0
 48
1.0
370
    -1
100
AcDbLine
 39
0.0
 10
74456.283
 20
21789.9079
 30
0.0
 11
74046.283
 21
21789.9079
 31
0.0
  0
MTEXT
  5
13349B
330
1F
100
AcDbEntity
 67
     0
  8
-M-HT-MENFEZ YAZI
  6
Continuous
 62
   256
 60
     0
 48
1.0
370
    -1
100
AcDbMText
 10
74120.2044
 20
21824.7151
 30
0.0
210
0.0
220
0.0
230
1.0
 40
10.0
 41
0.0
 50
0.0
 71
     5
 72
     5
  1
\pxqc;{\LYuvarlak Kanal Menfezi\P\pq*;}300 m³/h-675x75 mm
  7
Standard
 11
1.0
 21
-0.0
 31
0.0
 42
145.7708
 73
     1
 44
1.08
 90
        0
 75
     0
 78
     0
 79
     0
 48
0.0
 49
0.0
1001
ACAD
1000
ACAD_MTEXT_DEFINED_HEIGHT_BEGIN
1070
    46
1040
25.0458
1000
ACAD_MTEXT_DEFINED_HEIGHT_END
  0
LINE
  5
1334AB
330
1F
100
AcDbEntity
 67
     0
  8
-VV-EMIS-KANALI
  6
Continuous
 62
   256
 60
     0
 48
1.0
370
    -1
100
AcDbLine
 39
0.0
 10
74292.6081
 20
22590.812
 30
0.0
 11
74292.6081
 21
22560.812
 31
0.0
  0
LINE
  5
1334AC
330
1F
100
AcDbEntity
 67
     0
  8
-VV-EMIS-KANALI
  6
Continuous
 62
   256
 60
     0
 48
1.0
370
    -1
100
AcDbLine
 39
0.0
 10
74292.6081
 20
22560.812
 30
0.0
 11
74342.6291
 21
22541.692
 31
0.0
  0
LINE
  5
1334AD
330
1F
100
AcDbEntity
 67
     0
  8
-VV-EMIS-KANALI
  6
Continuous
 62
   256
 60
     0
 48
1.0
370
    -1
100
AcDbLine
 39
0.0
 10
74292.6081
 20
22590.812
 30
0.0
 11
74342.587
 21
22609.932
 31
0.0
  0
LINE
  5
1334AE
330
1F
100
AcDbEntity
 67
     0
  8
-VV-EMIS-KANALI
  6
Continuous
 62
   256
 60
     0
 48
1.0
370
    -1
100
AcDbLine
 39
0.0
 10
74292.6081
 20
22590.812
 30
0.0
 11
73861.4797
 21
22590.812
 31
0.0
  0
LINE
  5
1334AF
330
1F
100
AcDbEntity
 67
     0
  8
-VV-EMIS-KANALI
  6
Continuous
 62
   256
 60
     0
 48
1.0
370
    -1
100
AcDbLine
 39
0.0
 10
73861.4797
 20
22590.812
 30
0.0
 11
73861.4797
 21
22560.812
 31
0.0
  0
LINE
  5
1334B0
330
1F
100
AcDbEntity
 67
     0
  8
-VV-EMIS-KANALI
  6
Continuous
 62
   256
 60
     0
 48
1.0
370
    -1
100
AcDbLine
 39
0.0
 10
73861.4797
 20
22560.812
 30
0.0
 11
74292.6081
 21
22560.812
 31
0.0
  0
LINE
  5
1334C1
330
1F
100
AcDbEntity
 67
     0
  8
KİRİŞ
  6
Continuous
 62
     3
 60
     0
 48
1.0
370
    -1
100
AcDbLine
 39
0.0
 10
74342.6081
 20
22575.812
 30
0.0
 11
73861.4797
 21
22575.812
 31
0.0
  0
MTEXT
  5
1334C2
330
1F
100
AcDbEntity
 67
     0
  8
-M-HT-MENFEZ YAZI
  6
Continuous
 62
   256
 60
     0
 48
1.0
370
    -1
100
AcDbMText
 10
73935.4011
 20
22615.6192
 30
0.0
210
0.0
220
0.0
230
1.0
 40
10.0
 41
0.0
 50
0.0
 71
     5
 72
     5
  1
\pxqc;{\LYuvarlak Kanal Menfezi\P\pq*;}500 m³/h-825x125 mm
  7
Standard
 11
1.0
 21
-0.0
 31
0.0
 42
145.7708
 73
     1
 44
1.08
 90
        0
 75
     0
 78
     0
 79
     0
 48
0.0
 49
0.0
1001
ACAD
1000
ACAD_MTEXT_DEFINED_HEIGHT_BEGIN
1070
    46
1040
25.0458
1000
ACAD_MTEXT_DEFINED_HEIGHT_END
  0
LWPOLYLINE
  5
1334D6
330
1F
100
AcDbEntity
 67
     0
  8
-M-HT-EGZOZ MENFEZ
  6
Continuous
 62
    30
 60
     0
 48
1.0
370
    -1
100
AcDbPolyline
 90
        4
 70
     1
 10
74173.7151
 20
22557.062
 10
74256.2151
 20
22557.062
 10
74256.2151
 20
22564.562
 10
74173.7151
 20
22564.562
  0
MTEXT
  5
1334D8
330
1F
100
AcDbEntity
 67
     0
  8
-M-HT-MENFEZ YAZI
  6
Continuous
 62
   256
 60
     0
 48
1.0
370
    -1
100
AcDbMText
 10
74235.3061
 20
22531.7937
 30
0.0
210
0.0
220
0.0
230
1.0
 40
10.0
 41
0.0
 50
0.0
 71
     5
 72
     5
  1
\pxqc;{\L%%C300 mm Spiral Kanal\P\pq*;}1500 m³/h
  7
Standard
 11
1.0
 21
-0.0
 31
0.0
 42
138.9905
 73
     1
 44
1.08
 90
        0
 75
     0
 78
     0
 79
     0
 48
0.0
 49
0.0
1001
ACAD
1000
ACAD_MTEXT_DEFINED_HEIGHT_BEGIN
1070
    46
1040
25.0458
1000
ACAD_MTEXT_DEFINED_HEIGHT_END
  0
MTEXT
  5
1334D9
330
1F
100
AcDbEntity
 67
     0
  8
-M-HT-MENFEZ YAZI
  6
Continuous
 62
   256
 60
     0
 48
1.0
370
    -1
100
AcDbMText
 10
74348.981
 20
21753.9111
 30
0.0
210
0.0
220
0.0
230
1.0
 40
10.0
 41
0.0
 50
0.0
 71
     5
 72
     5
  1
\pxqc;{\L%%C200 mm Spiral Kanal\P\pq*;}600 m³/h
  7
Standard
 11
1.0
 21
-0.0
 31
0.0
 42
138.9905
 73
     1
 44
1.08
 90
        0
 75
     0
 78
     0
 79
     0
 48
0.0
 49
0.0
1001
ACAD
1000
ACAD_MTEXT_DEFINED_HEIGHT_BEGIN
1070
    46
1040
25.0458
1000
ACAD_MTEXT_DEFINED_HEIGHT_END
  0
LWPOLYLINE
  5
1334DA
330
1F
100
AcDbEntity
 67
     0
  8
-M-HT-EGZOZ MENFEZ
  6
Continuous
 62
    30
 60
     0
 48
1.0
370
    -1
100
AcDbPolyline
 90
        4
 70
     1
 10
74287.39
 20
21786.1579
 10
74354.89
 20
21786.1579
 10
74354.89
 20
21793.6579
 10
74287.39
 20
21793.6579
  0
LWPOLYLINE
  5
1334DB
330
1F
100
AcDbEntity
 67
     0
  8
-M-HT-EGZOZ MENFEZ
  6
Continuous
 62
    30
 60
     0
 48
1.0
370
    -1
100
AcDbPolyline
 90
        4
 70
     1
 10
74077.016
 20
21786.1579
 10
74144.516
 20
21786.1579
 10
74144.516
 20
21793.6579
 10
74077.016
 20
21793.6579
  0
MTEXT
  5
1334F4
330
1F
100
AcDbEntity
 67
     0
  8
-M-HT-MENFEZ YAZI
  6
Continuous
 62
   256
 60
     0
 48
1.0
370
    -1
100
AcDbMText
 10
74188.662
 20
22615.6192
 30
0.0
210
0.0
220
0.0
230
1.0
 40
10.0
 41
0.0
 50
0.0
 71
     5
 72
     5
  1
\pxqc;{\LYuvarlak Kanal Menfezi\P\pq*;}500 m³/h-825x125 mm
  7
Standard
 11
1.0
 21
-0.0
 31
0.0
 42
145.7708
 73
     1
 44
1.08
 90
        0
 75
     0
 78
     0
 79
     0
 48
0.0
 49
0.0
1001
ACAD
1000
ACAD_MTEXT_DEFINED_HEIGHT_BEGIN
1070
    46
1040
25.0458
1000
ACAD_MTEXT_DEFINED_HEIGHT_END
  0
LWPOLYLINE
  5
1334FD
330
1F
100
AcDbEntity
 67
     0
  8
-M-HT-EGZOZ MENFEZ
  6
Continuous
 62
    30
 60
     0
 48
1.0
370
    -1
100
AcDbPolyline
 90
        4
 70
     1
 10
74040.7148
 20
22572.062
 10
74123.2148
 20
22572.062
 10
74123.2148
 20
22579.562
 10
74040.7148
 20
22579.562
  0
LWPOLYLINE
  5
1334FE
330
1F
100
AcDbEntity
 67
     0
  8
-M-HT-EGZOZ MENFEZ
  6
Continuous
 62
    30
 60
     0
 48
1.0
370
    -1
100
AcDbPolyline
 90
        4
 70
     1
 10
73892.2127
 20
22557.062
 10
73974.7127
 20
22557.062
 10
73974.7127
 20
22564.562
 10
73892.2127
 20
22564.562
  0
VIEWPORT
  5
133519
330
D6
100
AcDbEntity
 67
     1
  8
WatermarkLayer
 62
   256
 48
1.0
370
    -1
100
AcDbViewport
 10
160.0
 20
110.0
 30
0.0
 40
297.0
 41
210.0
 68
     2
 69
     2
 12
346.0
 22
160.0
 13
0.0
 23
0.0
 14
0.0
 24
0.0
 15
0.0
 25
0.0
 16
0.0
 26
0.0
 36
0.0
 17
0.0
 27
0.0
 37
0.0
 42
0.0
 43
0.0
 44
0.0
 45
200.0
 50
0.0
 51
0.0
 72
     0
 90
        0
  1

281
     0
 71
     1
 74
     0
110
0.0
120
0.0
130
0.0
111
0.0
121
0.0
131
0.0
112
0.0
122
0.0
132
0.0
345
200
 79
     0
146
0.0
170
     0
348
F5
292
     1
282
     1
  0
MTEXT
  5
13351A
330
D6
100
AcDbEntity
 67
     1
  8
WatermarkLayer
347
BYLAYER
 62
    65
 60
     0
 48
0.0
370
    -1
100
AcDbMText
 10
-20.0
 20
230.0
 30
0.0
210
0.0
220
0.0
230
1.0
 40
10.0
 41
110.0
 50
0.0
 71
     1
 72
     5
  1
{\fArial|b1|i0|c204|p34;Evaluation only.}
  7
Annotative
 11
1.0
 21
-1.0
 42
105.0
 73
     1
 44
1.0
 90
        0
 75
     0
 78
     0
 79
     0
 48
0.0
 49
0.0
  0
MTEXT
  5
13351B
330
D6
100
AcDbEntity
 67
     1
  8
WatermarkLayer
347
BYLAYER
 62
    65
 60
     0
 48
0.0
370
    -1
100
AcDbMText
 10
31.0
 20
230.0
 30
0.0
210
0.0
220
0.0
230
1.0
 40
10.0
 41
110.0
 50
0.0
 71
     1
 72
     5
  1
{\fArial|b1|i0|c204|p34;Evaluation only.}
  7
Annotative
 11
1.0
 21
-1.0
 42
105.0
 73
     1
 44
1.0
 90
        0
 75
     0
 78
     0
 79
     0
 48
0.0
 49
0.0
  0
MTEXT
  5
13351C
330
D6
100
AcDbEntity
 67
     1
  8
WatermarkLayer
347
BYLAYER
 62
    65
 60
     0
 48
0.0
370
    -1
100
AcDbMText
 10
82.0
 20
230.0
 30
0.0
210
0.0
220
0.0
230
1.0
 40
10.0
 41
110.0
 50
0.0
 71
     1
 72
     5
  1
{\fArial|b1|i0|c204|p34;Evaluation only.}
  7
Annotative
 11
1.0
 21
-1.0
 42
105.0
 73
     1
 44
1.0
 90
        0
 75
     0
 78
     0
 79
     0
 48
0.0
 49
0.0
  0
MTEXT
  5
13351D
330
D6
100
AcDbEntity
 67
     1
  8
WatermarkLayer
347
BYLAYER
 62
    65
 60
     0
 48
0.0
370
    -1
100
AcDbMText
 10
133.0
 20
230.0
 30
0.0
210
0.0
220
0.0
230
1.0
 40
10.0
 41
110.0
 50
0.0
 71
     1
 72
     5
  1
{\fArial|b1|i0|c204|p34;Evaluation only.}
  7
Annotative
 11
1.0
 21
-1.0
 42
105.0
 73
     1
 44
1.0
 90
        0
 75
     0
 78
     0
 79
     0
 48
0.0
 49
0.0
  0
MTEXT
  5
13351E
330
D6
100
AcDbEntity
 67
     1
  8
WatermarkLayer
347
BYLAYER
 62
    65
 60
     0
 48
0.0
370
    -1
100
AcDbMText
 10
184.0
 20
230.0
 30
0.0
210
0.0
220
0.0
230
1.0
 40
10.0
 41
110.0
 50
0.0
 71
     1
 72
     5
  1
{\fArial|b1|i0|c204|p34;Evaluation only.}
  7
Annotative
 11
1.0
 21
-1.0
 42
105.0
 73
     1
 44
1.0
 90
        0
 75
     0
 78
     0
 79
     0
 48
0.0
 49
0.0
  0
MTEXT
  5
13351F
330
D6
100
AcDbEntity
 67
     1
  8
WatermarkLayer
347
BYLAYER
 62
    65
 60
     0
 48
0.0
370
    -1
100
AcDbMText
 10
235.0
 20
230.0
 30
0.0
210
0.0
220
0.0
230
1.0
 40
10.0
 41
110.0
 50
0.0
 71
     1
 72
     5
  1
{\fArial|b1|i0|c204|p34;Evaluation only.}
  7
Annotative
 11
1.0
 21
-1.0
 42
105.0
 73
     1
 44
1.0
 90
        0
 75
     0
 78
     0
 79
     0
 48
0.0
 49
0.0
  0
MTEXT
  5
133520
330
D6
100
AcDbEntity
 67
     1
  8
WatermarkLayer
347
BYLAYER
 62
    65
 60
     0
 48
0.0
370
    -1
100
AcDbMText
 10
286.0
 20
230.0
 30
0.0
210
0.0
220
0.0
230
1.0
 40
10.0
 41
110.0
 50
0.0
 71
     1
 72
     5
  1
{\fArial|b1|i0|c204|p34;Evaluation only.}
  7
Annotative
 11
1.0
 21
-1.0
 42
105.0
 73
     1
 44
1.0
 90
        0
 75
     0
 78
     0
 79
     0
 48
0.0
 49
0.0
  0
MTEXT
  5
133521
330
D6
100
AcDbEntity
 67
     1
  8
WatermarkLayer
347
BYLAYER
 62
    65
 60
     0
 48
0.0
370
    -1
100
AcDbMText
 10
-20.0
 20
140.0
 30
0.0
210
0.0
220
0.0
230
1.0
 40
10.0
 41
110.0
 50
0.0
 71
     1
 72
     5
  1
{\fArial|b1|i0|c204|p34;Evaluation only.}
  7
Annotative
 11
1.0
 21
-1.0
 42
105.0
 73
     1
 44
1.0
 90
        0
 75
     0
 78
     0
 79
     0
 48
0.0
 49
0.0
  0
MTEXT
  5
133522
330
D6
100
AcDbEntity
 67
     1
  8
WatermarkLayer
347
BYLAYER
 62
    65
 60
     0
 48
0.0
370
    -1
100
AcDbMText
 10
31.0
 20
140.0
 30
0.0
210
0.0
220
0.0
230
1.0
 40
10.0
 41
110.0
 50
0.0
 71
     1
 72
     5
  1
{\fArial|b1|i0|c204|p34;Evaluation only.}
  7
Annotative
 11
1.0
 21
-1.0
 42
105.0
 73
     1
 44
1.0
 90
        0
 75
     0
 78
     0
 79
     0
 48
0.0
 49
0.0
  0
MTEXT
  5
133523
330
D6
100
AcDbEntity
 67
     1
  8
WatermarkLayer
347
BYLAYER
 62
    65
 60
     0
 48
0.0
370
    -1
100
AcDbMText
 10
82.0
 20
140.0
 30
0.0
210
0.0
220
0.0
230
1.0
 40
10.0
 41
110.0
 50
0.0
 71
     1
 72
     5
  1
{\fArial|b1|i0|c204|p34;Evaluation only.}
  7
Annotative
 11
1.0
 21
-1.0
 42
105.0
 73
     1
 44
1.0
 90
        0
 75
     0
 78
     0
 79
     0
 48
0.0
 49
0.0
  0
MTEXT
  5
133524
330
D6
100
AcDbEntity
 67
     1
  8
WatermarkLayer
347
BYLAYER
 62
    65
 60
     0
 48
0.0
370
    -1
100
AcDbMText
 10
133.0
 20
140.0
 30
0.0
210
0.0
220
0.0
230
1.0
 40
10.0
 41
110.0
 50
0.0
 71
     1
 72
     5
  1
{\fArial|b1|i0|c204|p34;Evaluation only.}
  7
Annotative
 11
1.0
 21
-1.0
 42
105.0
 73
     1
 44
1.0
 90
        0
 75
     0
 78
     0
 79
     0
 48
0.0
 49
0.0
  0
MTEXT
  5
133525
330
D6
100
AcDbEntity
 67
     1
  8
WatermarkLayer
347
BYLAYER
 62
    65
 60
     0
 48
0.0
370
    -1
100
AcDbMText
 10
184.0
 20
140.0
 30
0.0
210
0.0
220
0.0
230
1.0
 40
10.0
 41
110.0
 50
0.0
 71
     1
 72
     5
  1
{\fArial|b1|i0|c204|p34;Evaluation only.}
  7
Annotative
 11
1.0
 21
-1.0
 42
105.0
 73
     1
 44
1.0
 90
        0
 75
     0
 78
     0
 79
     0
 48
0.0
 49
0.0
  0
MTEXT
  5
133526
330
D6
100
AcDbEntity
 67
     1
  8
WatermarkLayer
347
BYLAYER
 62
    65
 60
     0
 48
0.0
370
    -1
100
AcDbMText
 10
235.0
 20
140.0
 30
0.0
210
0.0
220
0.0
230
1.0
 40
10.0
 41
110.0
 50
0.0
 71
     1
 72
     5
  1
{\fArial|b1|i0|c204|p34;Evaluation only.}
  7
Annotative
 11
1.0
 21
-1.0
 42
105.0
 73
     1
 44
1.0
 90
        0
 75
     0
 78
     0
 79
     0
 48
0.0
 49
0.0
  0
MTEXT
  5
133527
330
D6
100
AcDbEntity
 67
     1
  8
WatermarkLayer
347
BYLAYER
 62
    65
 60
     0
 48
0.0
370
    -1
100
AcDbMText
 10
286.0
 20
140.0
 30
0.0
210
0.0
220
0.0
230
1.0
 40
10.0
 41
110.0
 50
0.0
 71
     1
 72
     5
  1
{\fArial|b1|i0|c204|p34;Evaluation only.}
  7
Annotative
 11
1.0
 21
-1.0
 42
105.0
 73
     1
 44
1.0
 90
        0
 75
     0
 78
     0
 79
     0
 48
0.0
 49
0.0
  0
MTEXT
  5
133528
330
D6
100
AcDbEntity
 67
     1
  8
WatermarkLayer
347
BYLAYER
 62
    65
 60
     0
 48
0.0
370
    -1
100
AcDbMText
 10
-20.0
 20
50.0
 30
0.0
210
0.0
220
0.0
230
1.0
 40
10.0
 41
110.0
 50
0.0
 71
     1
 72
     5
  1
{\fArial|b1|i0|c204|p34;Evaluation only.}
  7
Annotative
 11
1.0
 21
-1.0
 42
105.0
 73
     1
 44
1.0
 90
        0
 75
     0
 78
     0
 79
     0
 48
0.0
 49
0.0
  0
MTEXT
  5
133529
330
D6
100
AcDbEntity
 67
     1
  8
WatermarkLayer
347
BYLAYER
 62
    65
 60
     0
 48
0.0
370
    -1
100
AcDbMText
 10
31.0
 20
50.0
 30
0.0
210
0.0
220
0.0
230
1.0
 40
10.0
 41
110.0
 50
0.0
 71
     1
 72
     5
  1
{\fArial|b1|i0|c204|p34;Evaluation only.}
  7
Annotative
 11
1.0
 21
-1.0
 42
105.0
 73
     1
 44
1.0
 90
        0
 75
     0
 78
     0
 79
     0
 48
0.0
 49
0.0
  0
MTEXT
  5
13352A
330
D6
100
AcDbEntity
 67
     1
  8
WatermarkLayer
347
BYLAYER
 62
    65
 60
     0
 48
0.0
370
    -1
100
AcDbMText
 10
82.0
 20
50.0
 30
0.0
210
0.0
220
0.0
230
1.0
 40
10.0
 41
110.0
 50
0.0
 71
     1
 72
     5
  1
{\fArial|b1|i0|c204|p34;Evaluation only.}
  7
Annotative
 11
1.0
 21
-1.0
 42
105.0
 73
     1
 44
1.0
 90
        0
 75
     0
 78
     0
 79
     0
 48
0.0
 49
0.0
  0
MTEXT
  5
13352B
330
D6
100
AcDbEntity
 67
     1
  8
WatermarkLayer
347
BYLAYER
 62
    65
 60
     0
 48
0.0
370
    -1
100
AcDbMText
 10
133.0
 20
50.0
 30
0.0
210
0.0
220
0.0
230
1.0
 40
10.0
 41
110.0
 50
0.0
 71
     1
 72
     5
  1
{\fArial|b1|i0|c204|p34;Evaluation only.}
  7
Annotative
 11
1.0
 21
-1.0
 42
105.0
 73
     1
 44
1.0
 90
        0
 75
     0
 78
     0
 79
     0
 48
0.0
 49
0.0
  0
MTEXT
  5
13352C
330
D6
100
AcDbEntity
 67
     1
  8
WatermarkLayer
347
BYLAYER
 62
    65
 60
     0
 48
0.0
370
    -1
100
AcDbMText
 10
184.0
 20
50.0
 30
0.0
210
0.0
220
0.0
230
1.0
 40
10.0
 41
110.0
 50
0.0
 71
     1
 72
     5
  1
{\fArial|b1|i0|c204|p34;Evaluation only.}
  7
Annotative
 11
1.0
 21
-1.0
 42
105.0
 73
     1
 44
1.0
 90
        0
 75
     0
 78
     0
 79
     0
 48
0.0
 49
0.0
  0
MTEXT
  5
13352D
330
D6
100
AcDbEntity
 67
     1
  8
WatermarkLayer
347
BYLAYER
 62
    65
 60
     0
 48
0.0
370
    -1
100
AcDbMText
 10
235.0
 20
50.0
 30
0.0
210
0.0
220
0.0
230
1.0
 40
10.0
 41
110.0
 50
0.0
 71
     1
 72
     5
  1
{\fArial|b1|i0|c204|p34;Evaluation only.}
  7
Annotative
 11
1.0
 21
-1.0
 42
105.0
 73
     1
 44
1.0
 90
        0
 75
     0
 78
     0
 79
     0
 48
0.0
 49
0.0
  0
MTEXT
  5
13352E
330
D6
100
AcDbEntity
 67
     1
  8
WatermarkLayer
347
BYLAYER
 62
    65
 60
     0
 48
0.0
370
    -1
100
AcDbMText
 10
286.0
 20
50.0
 30
0.0
210
0.0
220
0.0
230
1.0
 40
10.0
 41
110.0
 50
0.0
 71
     1
 72
     5
  1
{\fArial|b1|i0|c204|p34;Evaluation only.}
  7
Annotative
 11
1.0
 21
-1.0
 42
105.0
 73
     1
 44
1.0
 90
        0
 75
     0
 78
     0
 79
     0
 48
0.0
 49
0.0
  0
ENDSEC
  0
SECTION
  2
OBJECTS
  0
DICTIONARY
  5
C
330
0
100
AcDbDictionary
280
     0
281
     1
  3
ACAD_ASSOCNETWORK
360
11EB96
  3
ACAD_BACKGROUND
360
14C1B
  3
ACAD_CIP_PREVIOUS_PRODUCT_INFO
360
216
  3
ACAD_COLOR
360
6B
  3
ACAD_DETAILVIEWSTYLE
360
21B
  3
ACAD_GROUP
360
D
  3
ACAD_IMAGE_DICT
360
2A03F
  3
ACAD_IMAGE_VARS
360
2A042
  3
ACAD_LAST_SAVED_VERSION_INFO
360
113D8
  3
ACAD_LAYOUT
360
1A
  3
ACAD_MATERIAL
360
6A
  3
ACAD_MLEADERSTYLE
360
12D
  3
ACAD_MLINESTYLE
360
17
  3
ACAD_PLOTSETTINGS
360
19
  3
ACAD_PLOTSTYLENAME
360
E
  3
ACAD_RENDER_ACTIVE_RAPIDRT_SETTINGS
360
14C53
  3
ACAD_RENDER_RAPIDRT_SETTINGS
360
14C4C
  3
ACAD_SCALELIST
360
10C
  3
ACAD_SECTIONVIEWSTYLE
360
219
  3
ACAD_TABLESTYLE
360
7E
  3
ACAD_VISUALSTYLE
360
EF
  3
ACAD_WIPEOUT_VARS
360
4A085
  3
AcadDim_CRX
360
B92C3
  3
ACDBVARIABLEDICTIONARY
360
13330B
  3
AEC_PROPERTY_SET_DEFS
360
AF8E0
  3
ASE_INDEX_DICTIONARY
360
104DE8
  0
DICTIONARY
  5
D
330
C
100
AcDbDictionary
280
     0
281
     1
  0
DICTIONARY
  5
2A03F
330
C
100
AcDbDictionary
280
     0
281
     1
  3
ACİL DURUM TOPLANMA BÖLGESİ
360
2A040
  3
{00FBE29E-55CF-4DB7-B6E8-A5C412641D88}
360
DE832
  3
{02336668-DBA5-467B-8371-BFBA807E44C2}
360
DE81D
  3
{0B10CD7F-CC88-452B-B453-EB1C20712C78}
360
C9501
  3
{1023E8BB-22D0-40F2-869A-8C945C3D9FC8}
360
C9435
  3
{16F06898-4AEC-4B92-8D4F-54642FEEA16D}
360
DE80A
  3
{16F17C5B-C271-4AAD-9113-3C647B1EBF3E}
360
C954A
  3
{25BC1D41-7A4F-49E6-BE36-818BCA1F033F}
360
C94EA
  3
{40110154-0106-4323-A95B-9AB53043C38D}
360
DF574
  3
{5F1DD891-1E8F-4709-B4CC-A6797E1CF83E}
360
C94F8
  3
{74EB5139-A5B6-4E0E-B192-9EE52B4E0CA0}
360
DE841
  3
{7B5C4457-F9FE-40F6-94F2-0126E37695A7}
360
C9494
  3
{7FB6235F-52FD-4D14-BF66-5F0016E17657}
360
C948D
  3
{83B8FF60-84EC-4005-8AF2-2F4447C0875B}
360
C94E3
  3
{B222ED50-3958-428B-AFFC-BBB2E6B55C5D}
360
DE813
  3
{B46D7436-175F-4ADE-A308-BFABFEEBDB5E}
360
C9430
  3
{C819D667-8D41-4E40-8C5A-6DB453A6B101}
360
C94F1
  3
{D717F0B9-E927-43F8-BF01-51E13E0DE510}
360
DE844
  3
{D9938008-718B-43F2-97CA-7ED718FF3072}
360
DEC16
  3
{EF85CD4F-844A-4B28-BD9F-036A76369BAA}
360
DE82B
  3
{F71ABF30-D36C-4BC7-B51A-9860D12B1B65}
360
DF3E9
  3
{FF664615-71C0-49B8-B6AC-860B3111F20E}
360
C94DC
  0
DICTIONARY
  5
1A
330
C
100
AcDbDictionary
280
     0
281
     1
  3
Layout1
360
D3
  3
Layout2
360
D7
  3
Model
360
22
  0
DICTIONARY
  5
6A
330
C
100
AcDbDictionary
280
     0
281
     1
  3
ByBlock
360
ED
  3
ByLayer
360
EC
  3
Global
360
EE
  0
DICTIONARY
  5
12D
330
C
100
AcDbDictionary
280
     0
281
     1
  3
Standard
360
12E
  0
DICTIONARY
  5
17
330
C
100
AcDbDictionary
280
     0
281
     1
  3
Standard
360
18
  0
DICTIONARY
  5
19
330
C
100
AcDbDictionary
280
     0
281
     1
  0
DICTIONARY
  5
14C4C
330
C
100
AcDbDictionary
280
     0
281
     1
  3
Coffee-Break Quality
360
14C50
  3
High
360
14C4F
  3
Low
360
14C4D
  3
Lunch Quality
360
14C51
  3
Medium
360
14C4E
  3
Overnight Quality
360
14C52
  0
DICTIONARY
  5
10C
330
C
100
AcDbDictionary
280
     0
281
     1
  3
A0
360
10D
  3
A1
360
1BE
  3
A2
360
1BF
  3
A3
360
1C0
  3
A4
360
1C1
  3
A5
360
1C2
  3
A6
360
1C3
  3
A7
360
1C4
  3
A8
360
1C5
  3
A9
360
1C6
  3
B0
360
1C7
  3
B1
360
1C8
  3
B2
360
1C9
  3
B3
360
1CA
  3
B4
360
1CB
  3
B5
360
1CC
  3
B6
360
1CD
  0
DICTIONARY
  5
219
330
C
100
AcDbDictionary
280
     0
281
     1
  3
Imperial24
360
93F
  3
Metric50
360
21A
  0
DICTIONARY
  5
7E
330
C
100
AcDbDictionary
280
     0
281
     1
  3
Standard
360
7F
  0
DICTIONARY
  5
EF
330
C
100
AcDbDictionary
280
     0
281
     1
  3
2dWireframe
360
F5
  3
3dWireframe
360
93E
  3
Basic
360
F4
  3
Brighten
360
FB
  3
ColorChange
360
FF
  3
Conceptual
360
F8
  3
Dim
360
FA
  3
EdgeColorOff
360
1E6
  3
Facepattern
360
FE
  3
Flat
360
F0
  3
FlatWithEdges
360
F1
  3
Gouraud
360
F2
  3
GouraudWithEdges
360
F3
  3
Hidden
360
F7
  3
JitterOff
360
1E4
  3
Linepattern
360
FD
  3
OverhangOff
360
1E5
  3
Realistic
360
F9
  3
Shaded
360
1F3
  3
Shaded with edges
360
1F2
  3
Shades of Gray
360
1EF
  3
Sketchy
360
1F0
  3
Thicken
360
FC
  3
Wireframe
360
F6
  3
X-Ray
360
1F1
  0
DICTIONARY
  5
13330B
330
C
100
AcDbDictionary
280
     0
281
     2
  3
#COMPAREDIFFTOTAL
360
13330C
  3
#REVCLOUDAPPROXARCLEN
360
13330D
  3
ANNOALLVISIBLE
360
13330E
  3
CANNOSCALE
360
13330F
  3
CMLEADERSTYLE
360
133310
  3
CTABLESTYLE
360
133311
  3
CVIEWDETAILSTYLE
360
133312
  3
CVIEWSECTIONSTYLE
360
133313
  3
DGNFRAME
360
133314
  3
DIMADEC
360
133315
  3
DIMASSOC
360
133316
  3
HIDETEXT
360
133317
  3
HPCOLOR
360
133318
  3
HPTRANSPARENCY
360
133319
  3
INDEXCTL
360
13331A
  3
LAYEREVAL
360
13331B
  3
LAYERNOTIFY
360
13331C
  3
LIGHTINGUNITS
360
13331D
  3
MLEADERSCALE
360
13331E
  3
MSLTSCALE
360
13331F
  3
SOLIDHIST
360
133320
  3
SORTENTS
360
133321
  3
WIPEOUTFRAME
360
133322
  0
DICTIONARYVAR
  5
13330C
330
13330B
100
DictionaryVariables
280
     0
  1
2
  0
DICTIONARYVAR
  5
13330D
330
13330B
100
DictionaryVariables
280
     0
  1
67.391026
  0
DICTIONARYVAR
  5
13330E
330
13330B
100
DictionaryVariables
280
     0
  1
1
  0
DICTIONARYVAR
  5
13330F
330
13330B
100
DictionaryVariables
280
     0
  1
1:1
  0
DICTIONARYVAR
  5
133310
330
13330B
100
DictionaryVariables
280
     0
  1
STANDARD
  0
DICTIONARYVAR
  5
133311
330
13330B
100
DictionaryVariables
280
     0
  1
STANDARD
  0
DICTIONARYVAR
  5
133312
330
13330B
100
DictionaryVariables
280
     0
  1
Metric50
  0
DICTIONARYVAR
  5
133313
330
13330B
100
DictionaryVariables
280
     0
  1
Metric50
  0
DICTIONARYVAR
  5
133314
330
13330B
100
DictionaryVariables
280
     0
  1
2
  0
DICTIONARYVAR
  5
133315
330
13330B
100
DictionaryVariables
280
     0
  1
0
  0
DICTIONARYVAR
  5
133316
330
13330B
100
DictionaryVariables
280
     0
  1
2
  0
DICTIONARYVAR
  5
133317
330
13330B
100
DictionaryVariables
280
     0
  1
1
  0
DICTIONARYVAR
  5
133318
330
13330B
100
DictionaryVariables
280
     0
  1
BYLAYER
  0
DICTIONARYVAR
  5
133319
330
13330B
100
DictionaryVariables
280
     0
  1
ByLayer
  0
DICTIONARYVAR
  5
13331A
330
13330B
100
DictionaryVariables
280
     0
  1
0
  0
DICTIONARYVAR
  5
13331B
330
13330B
100
DictionaryVariables
280
     0
  1
0
  0
DICTIONARYVAR
  5
13331C
330
13330B
100
DictionaryVariables
280
     0
  1
0
  0
DICTIONARYVAR
  5
13331D
330
13330B
100
DictionaryVariables
280
     0
  1
2
  0
DICTIONARYVAR
  5
13331E
330
13330B
100
DictionaryVariables
280
     0
  1
1.000000
  0
DICTIONARYVAR
  5
13331F
330
13330B
100
DictionaryVariables
280
     0
  1
1
  0
DICTIONARYVAR
  5
133320
330
13330B
100
DictionaryVariables
280
     0
  1
0
  0
DICTIONARYVAR
  5
133321
330
13330B
100
DictionaryVariables
280
     0
  1
127
  0
DICTIONARYVAR
  5
133322
330
13330B
100
DictionaryVariables
280
     0
  1
0
  0
DICTIONARY
  5
AF8E0
330
C
100
AcDbDictionary
280
     0
281
     1
  0
DICTIONARY
  5
104DE8
330
C
100
AcDbDictionary
280
     0
281
     1
  3
ASEBlockHierarchyIndexRecord
360
104DEA
1001
DCO15
1040
-2100377481.0
  0
DICTIONARY
  5
36AD
330
36AC
100
AcDbDictionary
280
     1
281
     1
  3
ACAD_SORTENTS
360
36AE
  0
DICTIONARY
  5
3703
330
3702
100
AcDbDictionary
280
     1
281
     1
  3
ACAD_SORTENTS
360
3704
  0
DICTIONARY
  5
3712
330
3711
100
AcDbDictionary
280
     1
281
     1
  3
ACAD_SORTENTS
360
3713
  0
DICTIONARY
  5
3721
330
3720
100
AcDbDictionary
280
     1
281
     1
  3
ACAD_SORTENTS
360
3722
  0
DICTIONARY
  5
3803
330
3802
100
AcDbDictionary
280
     1
281
     1
  3
ACAD_SORTENTS
360
3804
  0
DICTIONARY
  5
3A7D
330
3A7C
100
AcDbDictionary
280
     1
281
     1
  3
ACAD_SORTENTS
360
3A7E
  0
DICTIONARY
  5
3C79
330
3C78
100
AcDbDictionary
280
     1
281
     1
  3
ACAD_SORTENTS
360
3C7A
  0
DICTIONARY
  5
3C83
330
3C82
100
AcDbDictionary
280
     1
281
     1
  3
ACAD_SORTENTS
360
3C84
  0
DICTIONARY
  5
3C8F
330
3C8E
100
AcDbDictionary
280
     1
281
     1
  3
ACAD_SORTENTS
360
3C90
  0
DICTIONARY
  5
11645F
330
116439
100
AcDbDictionary
280
     1
281
     1
  0
DICTIONARY
  5
133152
330
133151
100
AcDbDictionary
280
     1
281
     1
  3
ACAD_ENHANCEDBLOCK
360
133153
  3
ACAD_SORTENTS
360
13316C
  3
AcDbDynamicBlockRoundTripPurgePreventer
360
13316D
  0
DICTIONARY
  5
13320E
330
13320D
100
AcDbDictionary
280
     1
281
     1
  3
ACAD_ENHANCEDBLOCK
360
13320F
  3
ACAD_SORTENTS
360
133229
  3
AcDbDynamicBlockRoundTripPurgePreventer
360
13322A
  0
DICTIONARY
  5
1CE
330
1F
100
AcDbDictionary
280
     1
281
     1
  3
ACAD_SORTENTS
360
113EF
  0
DICTIONARY
  5
132923
330
132922
100
AcDbDictionary
280
     1
281
     1
  0
DICTIONARY
  5
132925
330
132924
100
AcDbDictionary
280
     1
281
     1
  0
DICTIONARY
  5
132927
330
132926
100
AcDbDictionary
280
     1
281
     1
  0
DICTIONARY
  5
132929
330
132928
100
AcDbDictionary
280
     1
281
     1
  0
DICTIONARY
  5
13292B
330
13292A
100
AcDbDictionary
280
     1
281
     1
  0
DICTIONARY
  5
13292D
330
13292C
100
AcDbDictionary
280
     1
281
     1
  0
DICTIONARY
  5
13292F
330
13292E
100
AcDbDictionary
280
     1
281
     1
  0
DICTIONARY
  5
132931
330
132930
100
AcDbDictionary
280
     1
281
     1
  0
DICTIONARY
  5
132933
330
132932
100
AcDbDictionary
280
     1
281
     1
  0
DICTIONARY
  5
1329B8
330
1329B7
100
AcDbDictionary
280
     1
281
     1
  0
DICTIONARY
  5
1329BA
330
1329B9
100
AcDbDictionary
280
     1
281
     1
  0
DICTIONARY
  5
1329BC
330
1329BB
100
AcDbDictionary
280
     1
281
     1
  0
DICTIONARY
  5
1329BE
330
1329BD
100
AcDbDictionary
280
     1
281
     1
  0
DICTIONARY
  5
132A4E
330
132A4D
100
AcDbDictionary
280
     1
281
     1
  0
DICTIONARY
  5
132B0B
330
132B0A
100
AcDbDictionary
280
     1
281
     1
  0
DICTIONARY
  5
132B0D
330
132B0C
100
AcDbDictionary
280
     1
281
     1
  0
DICTIONARY
  5
132B12
330
132B11
100
AcDbDictionary
280
     1
281
     1
  0
DICTIONARY
  5
132B14
330
132B13
100
AcDbDictionary
280
     1
281
     1
  0
DICTIONARY
  5
132B6D
330
132B6C
100
AcDbDictionary
280
     1
281
     1
  0
DICTIONARY
  5
132CAC
330
132CAB
100
AcDbDictionary
280
     1
281
     1
  3
ACAD_DIMASSOC
360
132CAD
  0
DICTIONARY
  5
132CAF
330
132CAE
100
AcDbDictionary
280
     1
281
     1
  3
ACAD_DIMASSOC
360
132CB0
  0
DICTIONARY
  5
1FF
330
2
100
AcDbDictionary
280
     1
281
     1
  3
ACAD_LAYERSTATES
360
200
  0
DICTIONARY
  5
90E
330
90D
100
AcDbDictionary
280
     1
281
     1
  0
DICTIONARY
  5
910
330
90F
100
AcDbDictionary
280
     1
281
     1
  0
DICTIONARY
  5
912
330
911
100
AcDbDictionary
280
     1
281
     1
  0
DICTIONARY
  5
914
330
913
100
AcDbDictionary
280
     1
281
     1
  0
DICTIONARY
  5
916
330
915
100
AcDbDictionary
280
     1
281
     1
  0
DICTIONARY
  5
91A
330
919
100
AcDbDictionary
280
     1
281
     1
  0
DICTIONARY
  5
91C
330
91B
100
AcDbDictionary
280
     1
281
     1
  0
DICTIONARY
  5
151D
330
151C
100
AcDbDictionary
280
     1
281
     1
  0
DICTIONARY
  5
1525
330
1524
100
AcDbDictionary
280
     1
281
     1
  0
DICTIONARY
  5
476F
330
476E
100
AcDbDictionary
280
     1
281
     1
  0
DICTIONARY
  5
4771
330
4770
100
AcDbDictionary
280
     1
281
     1
  0
DICTIONARY
  5
4776
330
4775
100
AcDbDictionary
280
     1
281
     1
  0
DICTIONARY
  5
4778
330
4777
100
AcDbDictionary
280
     1
281
     1
  0
DICTIONARY
  5
2499A
330
24999
100
AcDbDictionary
280
     1
281
     1
  0
DICTIONARY
  5
49C68
330
49C67
100
AcDbDictionary
280
     1
281
     1
  0
DICTIONARY
  5
1330D7
330
1330D6
100
AcDbDictionary
280
     1
281
     1
  0
DICTIONARY
  5
1330D9
330
1330D8
100
AcDbDictionary
280
     1
281
     1
  0
DICTIONARY
  5
1330DD
330
1330DC
100
AcDbDictionary
280
     1
281
     1
  0
DICTIONARY
  5
11EB96
330
C
100
AcDbDictionary
280
     0
281
     1
  3
ACAD_ASSOCNETWORK
360
11EB97
  0
DICTIONARY
  5
14C1B
330
C
100
AcDbDictionary
280
     0
281
     1
  0
DICTIONARY
  5
6B
330
C
100
AcDbDictionary
280
     0
281
     1
  0
DICTIONARY
  5
21B
330
C
100
AcDbDictionary
280
     0
281
     1
  3
Imperial24
360
940
  3
Metric50
360
21C
  0
DICTIONARY
  5
37F
330
37E
100
AcDbDictionary
280
     1
281
     1
  3
ACAD_SORTENTS
360
380
  0
DICTIONARY
  5
E86
330
E85
100
AcDbDictionary
280
     1
281
     1
  3
ACAD_SORTENTS
360
E87
  0
DICTIONARY
  5
14867
330
14866
100
AcDbDictionary
280
     1
281
     1
  3
ASDK_XREC_ANNOTATION_SCALE_INFO
360
14868
  0
DICTIONARY
  5
1486B
330
1486A
100
AcDbDictionary
280
     1
281
     1
  3
ASDK_XREC_ANNOTATION_SCALE_INFO
360
1486C
  0
DICTIONARY
  5
200
330
1FF
100
AcDbDictionary
280
     0
281
     1
  0
DICTIONARY
  5
13C
330
10
100
AcDbDictionary
280
     1
281
     1
  0
DICTIONARY
  5
903
330
902
100
AcDbDictionary
280
     1
281
     1
  0
DICTIONARY
  5
908
330
907
100
AcDbDictionary
280
     1
281
     1
  0
DICTIONARY
  5
205
330
22
100
AcDbDictionary
280
     1
281
     1
  0
DICTIONARY
  5
1F9
330
ED
100
AcDbDictionary
280
     1
281
     1
  3
FBXASSET
360
1FA
  0
DICTIONARY
  5
1F7
330
EC
100
AcDbDictionary
280
     1
281
     1
  3
FBXASSET
360
1F8
  0
DICTIONARY
  5
173
330
EE
100
AcDbDictionary
280
     1
281
     1
  3
BUMPTILE
360
175
  3
DIFFUSETILE
360
174
  3
FBXASSET
360
1FB
  3
OPACITYTILE
360
176
  3
REFLECTIONTILE
360
177
  0
DICTIONARY
  5
162
330
7F
100
AcDbDictionary
280
     1
281
     1
  0
IMAGEDEF
  5
C9435
330
2A03F
100
AcDbRasterImageDef
 90
        0
  1
C:\Users\hlins11\AppData\Local\Packages\MicrosoftWindows.Client.Core_cw5n1h2txyewy\TempState\ScreenClip\{1023E8BB-22D0-40F2-869A-8C945C3D9FC8}.png
 10
403.0
 20
381.0
 11
0.2117
 21
0.2117
280
     0
281
     2
  0
IMAGEDEF
  5
DE80A
330
2A03F
100
AcDbRasterImageDef
 90
        0
  1
C:\Users\hlins11\AppData\Local\Packages\MicrosoftWindows.Client.Core_cw5n1h2txyewy\TempState\ScreenClip\{16F06898-4AEC-4B92-8D4F-54642FEEA16D}.png
 10
1055.0
 20
790.0
 11
0.2117
 21
0.2117
280
     0
281
     2
  0
IMAGEDEF
  5
C954A
330
2A03F
100
AcDbRasterImageDef
 90
        0
  1
C:\Users\hlins11\AppData\Local\Packages\MicrosoftWindows.Client.Core_cw5n1h2txyewy\TempState\ScreenClip\{16F17C5B-C271-4AAD-9113-3C647B1EBF3E}.png
 10
450.0
 20
290.0
 11
0.2117
 21
0.2117
280
     0
281
     2
  0
IMAGEDEF
  5
C94EA
330
2A03F
100
AcDbRasterImageDef
 90
        0
  1
C:\Users\hlins11\AppData\Local\Packages\MicrosoftWindows.Client.Core_cw5n1h2txyewy\TempState\ScreenClip\{25BC1D41-7A4F-49E6-BE36-818BCA1F033F}.png
 10
396.0
 20
361.0
 11
0.2117
 21
0.2117
280
     0
281
     2
  0
IMAGEDEF
  5
DF574
330
2A03F
100
AcDbRasterImageDef
 90
        0
  1
C:\Users\hlins11\AppData\Local\Packages\MicrosoftWindows.Client.Core_cw5n1h2txyewy\TempState\ScreenClip\{40110154-0106-4323-A95B-9AB53043C38D}.png
 10
371.0
 20
518.0
 11
0.2117
 21
0.2117
280
     0
281
     2
  0
IMAGEDEF
  5
C94F8
330
2A03F
100
AcDbRasterImageDef
 90
        0
  1
C:\Users\hlins11\AppData\Local\Packages\MicrosoftWindows.Client.Core_cw5n1h2txyewy\TempState\ScreenClip\{5F1DD891-1E8F-4709-B4CC-A6797E1CF83E}.png
 10
485.0
 20
413.0
 11
0.2117
 21
0.2117
280
     0
281
     2
  0
IMAGEDEF
  5
DE841
330
2A03F
100
AcDbRasterImageDef
 90
        0
  1
C:\Users\hlins11\AppData\Local\Packages\MicrosoftWindows.Client.Core_cw5n1h2txyewy\TempState\ScreenClip\{74EB5139-A5B6-4E0E-B192-9EE52B4E0CA0}.png
 10
406.0
 20
486.0
 11
0.2117
 21
0.2117
280
     0
281
     2
  0
IMAGEDEF
  5
C9494
330
2A03F
100
AcDbRasterImageDef
 90
        0
  1
C:\Users\hlins11\AppData\Local\Packages\MicrosoftWindows.Client.Core_cw5n1h2txyewy\TempState\ScreenClip\{7B5C4457-F9FE-40F6-94F2-0126E37695A7}.png
 10
337.0
 20
400.0
 11
0.2117
 21
0.2117
280
     0
281
     2
  0
IMAGEDEF
  5
C948D
330
2A03F
100
AcDbRasterImageDef
 90
        0
  1
C:\Users\hlins11\AppData\Local\Packages\MicrosoftWindows.Client.Core_cw5n1h2txyewy\TempState\ScreenClip\{7FB6235F-52FD-4D14-BF66-5F0016E17657}.png
 10
488.0
 20
309.0
 11
0.2117
 21
0.2117
280
     0
281
     2
  0
IMAGEDEF
  5
C94E3
330
2A03F
100
AcDbRasterImageDef
 90
        0
  1
C:\Users\hlins11\AppData\Local\Packages\MicrosoftWindows.Client.Core_cw5n1h2txyewy\TempState\ScreenClip\{83B8FF60-84EC-4005-8AF2-2F4447C0875B}.png
 10
496.0
 20
502.0
 11
0.2117
 21
0.2117
280
     0
281
     2
  0
IMAGEDEF
  5
DE813
330
2A03F
100
AcDbRasterImageDef
 90
        0
  1
C:\Users\hlins11\AppData\Local\Packages\MicrosoftWindows.Client.Core_cw5n1h2txyewy\TempState\ScreenClip\{B222ED50-3958-428B-AFFC-BBB2E6B55C5D}.png
 10
1573.0
 20
692.0
 11
0.2117
 21
0.2117
280
     0
281
     2
  0
IMAGEDEF
  5
C9430
330
2A03F
100
AcDbRasterImageDef
 90
        0
  1
C:\Users\hlins11\AppData\Local\Packages\MicrosoftWindows.Client.Core_cw5n1h2txyewy\TempState\ScreenClip\{B46D7436-175F-4ADE-A308-BFABFEEBDB5E}.png
 10
523.0
 20
658.0
 11
0.2117
 21
0.2117
280
     0
281
     2
  0
IMAGEDEF
  5
C94F1
330
2A03F
100
AcDbRasterImageDef
 90
        0
  1
C:\Users\hlins11\AppData\Local\Packages\MicrosoftWindows.Client.Core_cw5n1h2txyewy\TempState\ScreenClip\{C819D667-8D41-4E40-8C5A-6DB453A6B101}.png
 10
389.0
 20
334.0
 11
0.2117
 21
0.2117
280
     0
281
     2
  0
IMAGEDEF
  5
DE844
330
2A03F
100
AcDbRasterImageDef
 90
        0
  1
C:\Users\hlins11\AppData\Local\Packages\MicrosoftWindows.Client.Core_cw5n1h2txyewy\TempState\ScreenClip\{D717F0B9-E927-43F8-BF01-51E13E0DE510}.png
 10
379.0
 20
384.0
 11
0.2117
 21
0.2117
280
     0
281
     2
  0
IMAGEDEF
  5
DEC16
330
2A03F
100
AcDbRasterImageDef
 90
        0
  1
C:\Users\hlins11\AppData\Local\Packages\MicrosoftWindows.Client.Core_cw5n1h2txyewy\TempState\ScreenClip\{D9938008-718B-43F2-97CA-7ED718FF3072}.png
 10
409.0
 20
644.0
 11
0.2117
 21
0.2117
280
     0
281
     2
  0
IMAGEDEF
  5
DE82B
330
2A03F
100
AcDbRasterImageDef
 90
        0
  1
C:\Users\hlins11\AppData\Local\Packages\MicrosoftWindows.Client.Core_cw5n1h2txyewy\TempState\ScreenClip\{EF85CD4F-844A-4B28-BD9F-036A76369BAA}.png
 10
292.0
 20
270.0
 11
0.2117
 21
0.2117
280
     0
281
     2
  0
IMAGEDEF
  5
DF3E9
330
2A03F
100
AcDbRasterImageDef
 90
        0
  1
C:\Users\hlins11\AppData\Local\Packages\MicrosoftWindows.Client.Core_cw5n1h2txyewy\TempState\ScreenClip\{F71ABF30-D36C-4BC7-B51A-9860D12B1B65}.png
 10
574.0
 20
799.0
 11
0.2117
 21
0.2117
280
     0
281
     2
  0
IMAGEDEF
  5
C94DC
330
2A03F
100
AcDbRasterImageDef
 90
        0
  1
C:\Users\hlins11\AppData\Local\Packages\MicrosoftWindows.Client.Core_cw5n1h2txyewy\TempState\ScreenClip\{FF664615-71C0-49B8-B6AC-860B3111F20E}.png
 10
560.0
 20
531.0
 11
0.2117
 21
0.2117
280
     0
281
     2
  0
RASTERVARIABLES
  5
2A042
330
C
100
AcDbRasterVariables
 90
        0
 70
     1
 71
     1
 72
     1
  0
XRECORD
  5
113D8
330
C
100
AcDbXrecord
280
     1
300
{AEFCAC33-6965-E145-9298-DD9E88599244}
301
{AA3524B7-D183-5246-81D2-66DB3DD8720D}
302
{AEFCAC33-6965-E145-9298-DD9E88599244}
303
/Users/ezgikavuk/Desktop/02-Havalandırma Proje Çalışması Rev02.dwg
301
{BCEC80E7-0D2C-D24B-B84B-1C791C86146D}
302
{ED80AE99-BFEE-5340-9862-2ACB9C0D4FE0}
303
D:\ÇALIŞMALAR\2026\06-Arıkanlı Holding\03-MEF Okulları\02-MEF Okulları Mekanik\03-Proje Çalışmaları\02-Havalandırma Proje Çalışması Rev02.dwg
301
{F6B5A814-4D31-E048-85D9-932928A05C9D}
302
{D70FA727-9F4B-3F48-A8BF-507DF1CCDB3C}
303
C:\Users\hlins11\Desktop\Mobilya Detay Çizimleri\2026 MEF OKULLARI YAZ TADİLATLARI TEKNİK ÇİZİMLERİ.dwg
301
{7E55FBF6-4449-6A44-A76E-8B21A1B79AD9}
302
{31F5CEC8-3176-A14E-995D-80837FEC1BF9}
303
D:\13.03.25 Ulus Mef Kampüsü.dwg
  0
ACDBDICTIONARYWDFLT
  5
E
330
C
100
AcDbDictionary
280
     0
281
     1
  3
Normal
360
F
100
AcDbDictionaryWithDefault
340
F
  0
RAPIDRTRENDERSETTINGS
  5
14C53
330
C
100
AcDbRenderSettings
 90
        2
  1
Medium
290
     1
290
     0
290
     1
290
     1
  1

  1
Applies 5 rendering levels
 90
        0
290
     1
100
AcDbRapidRTRenderSettings
 90
        3
 70
     0
 90
        5
 90
        1
 70
     1
 70
     2
 40
3.0
 40
3.0
290
     1
  0
RAPIDRTRENDERSETTINGS
  5
14C4E
330
14C4C
100
AcDbRenderSettings
 90
        2
  1
Medium
290
     1
290
     0
290
     1
290
     1
  1

  1
Applies 5 rendering levels
 90
        1
290
     1
100
AcDbRapidRTRenderSettings
 90
        3
 70
     0
 90
        5
 90
        1
 70
     1
 70
     2
 40
3.0
 40
3.0
290
     1
  0
RAPIDRTRENDERSETTINGS
  5
14C52
330
14C4C
100
AcDbRenderSettings
 90
        2
  1
Overnight Quality
290
     1
290
     0
290
     1
290
     1
  1

  1
Renders for 12 hours
 90
        5
290
     1
100
AcDbRapidRTRenderSettings
 90
        3
 70
     1
 90
        1
 90
      720
 70
     2
 70
     2
 40
3.0
 40
3.0
290
     1
  0
SCALE
  5
1C1
330
10C
100
AcDbScale
 70
     0
300
1:8
140
1.0
141
8.0
290
     0
  0
SCALE
  5
1C2
330
10C
100
AcDbScale
 70
     0
300
1:10
140
1.0
141
10.0
290
     0
  0
SCALE
  5
1C3
330
10C
100
AcDbScale
 70
     0
300
1:16
140
1.0
141
16.0
290
     0
  0
SCALE
  5
1C4
330
10C
100
AcDbScale
 70
     0
300
1:20
140
1.0
141
20.0
290
     0
  0
SCALE
  5
1C5
330
10C
100
AcDbScale
 70
     0
300
1:30
140
1.0
141
30.0
290
     0
  0
SCALE
  5
1C6
330
10C
100
AcDbScale
 70
     0
300
1:40
140
1.0
141
40.0
290
     0
  0
SCALE
  5
1C7
330
10C
100
AcDbScale
 70
     0
300
1:50
140
1.0
141
50.0
290
     0
  0
SCALE
  5
1C8
330
10C
100
AcDbScale
 70
     0
300
1:100
140
1.0
141
100.0
290
     0
  0
SCALE
  5
1C9
330
10C
100
AcDbScale
 70
     0
300
2:1
140
2.0
141
1.0
290
     0
  0
SCALE
  5
1CA
330
10C
100
AcDbScale
 70
     0
300
4:1
140
4.0
141
1.0
290
     0
  0
SCALE
  5
1CB
330
10C
100
AcDbScale
 70
     0
300
8:1
140
8.0
141
1.0
290
     0
  0
SCALE
  5
1CC
330
10C
100
AcDbScale
 70
     0
300
10:1
140
10.0
141
1.0
290
     0
  0
SCALE
  5
1CD
330
10C
100
AcDbScale
 70
     0
300
100:1
140
100.0
141
1.0
290
     0
  0
VISUALSTYLE
  5
FF
330
EF
100
AcDbVisualStyle
  0
VISUALSTYLE
  5
F8
330
EF
100
AcDbVisualStyle
  0
VISUALSTYLE
  5
FA
330
EF
100
AcDbVisualStyle
  0
VISUALSTYLE
  5
1E6
330
EF
100
AcDbVisualStyle
  0
VISUALSTYLE
  5
FE
330
EF
100
AcDbVisualStyle
  0
VISUALSTYLE
  5
F0
330
EF
100
AcDbVisualStyle
  0
VISUALSTYLE
  5
F1
330
EF
100
AcDbVisualStyle
  0
VISUALSTYLE
  5
F2
330
EF
100
AcDbVisualStyle
  0
VISUALSTYLE
  5
F3
330
EF
100
AcDbVisualStyle
  0
VISUALSTYLE
  5
F7
330
EF
100
AcDbVisualStyle
  0
VISUALSTYLE
  5
1E4
330
EF
100
AcDbVisualStyle
  0
VISUALSTYLE
  5
FD
330
EF
100
AcDbVisualStyle
  0
VISUALSTYLE
  5
1E5
330
EF
100
AcDbVisualStyle
  0
VISUALSTYLE
  5
F9
330
EF
100
AcDbVisualStyle
  0
VISUALSTYLE
  5
1F3
330
EF
100
AcDbVisualStyle
  0
VISUALSTYLE
  5
1F2
330
EF
100
AcDbVisualStyle
  0
VISUALSTYLE
  5
1EF
330
EF
100
AcDbVisualStyle
  0
VISUALSTYLE
  5
1F0
330
EF
100
AcDbVisualStyle
  0
VISUALSTYLE
  5
FC
330
EF
100
AcDbVisualStyle
  0
VISUALSTYLE
  5
F6
330
EF
100
AcDbVisualStyle
  0
VISUALSTYLE
  5
1F1
330
EF
100
AcDbVisualStyle
  0
WIPEOUTVARIABLES
  5
4A085
330
C
100
AcDbWipeoutVariables
 70
     0
  0
XRECORD
  5
B92C3
330
C
100
AcDbXrecord
280
     1
 90
   990106
  0
XRECORD
  5
216
330
C
100
AcDbXrecord
280
     1
300
ACDMAC
300
2027
  0
IMAGEDEF
  5
2A040
330
2A03F
100
AcDbRasterImageDef
 90
        0
  1
C:\Users\HLINS23.YURTICIKARGO\Desktop\KAÇIŞ PLANLARI\ACİL DURUM TOPLANMA BÖLGESİ.png
 10
360.0
 20
360.0
 11
0.2646
 21
0.2646
280
     0
281
     2
  0
IMAGEDEF
  5
DE832
330
2A03F
100
AcDbRasterImageDef
 90
        0
  1
C:\Users\hlins11\AppData\Local\Packages\MicrosoftWindows.Client.Core_cw5n1h2txyewy\TempState\ScreenClip\{00FBE29E-55CF-4DB7-B6E8-A5C412641D88}.png
 10
417.0
 20
454.0
 11
0.2117
 21
0.2117
280
     0
281
     2
  0
IMAGEDEF
  5
DE81D
330
2A03F
100
AcDbRasterImageDef
 90
        0
  1
C:\Users\hlins11\AppData\Local\Packages\MicrosoftWindows.Client.Core_cw5n1h2txyewy\TempState\ScreenClip\{02336668-DBA5-467B-8371-BFBA807E44C2}.png
 10
647.0
 20
635.0
 11
0.2117
 21
0.2117
280
     0
281
     2
  0
IMAGEDEF
  5
C9501
330
2A03F
100
AcDbRasterImageDef
 90
        0
  1
C:\Users\hlins11\AppData\Local\Packages\MicrosoftWindows.Client.Core_cw5n1h2txyewy\TempState\ScreenClip\{0B10CD7F-CC88-452B-B453-EB1C20712C78}.png
 10
355.0
 20
568.0
 11
0.2117
 21
0.2117
280
     0
281
     2
  0
MATERIAL
  5
ED
330
6A
100
AcDbMaterial
  1
ByBlock
  2

 70
     0
 40
1.0
 90
        0
 71
     0
 41
1.0
 91
        0
 42
1.0
 72
     1
  3

 73
     2
 74
     1
 75
     1
 43
1.0
 43
0.0
 43
0.0
 43
0.0
 43
0.0
 43
1.0
 43
0.0
 43
0.0
 43
0.0
 43
0.0
 43
1.0
 43
0.0
 43
0.0
 43
0.0
 43
0.0
 43
1.0
 44
0.5
 76
     0
 45
1.0
 92
        0
 46
1.0
 77
     1
  4

 78
     2
 79
     1
170
     1
 47
1.0
 47
0.0
 47
0.0
 47
0.0
 47
0.0
 47
1.0
 47
0.0
 47
0.0
 47
0.0
 47
0.0
 47
1.0
 47
0.0
 47
0.0
 47
0.0
 47
0.0
 47
1.0
 48
1.0
171
     1
  6

172
     2
173
     1
174
     1
 49
1.0
 49
0.0
 49
0.0
 49
0.0
 49
0.0
 49
1.0
 49
0.0
 49
0.0
 49
0.0
 49
0.0
 49
1.0
 49
0.0
 49
0.0
 49
0.0
 49
0.0
 49
1.0
140
1.0
141
1.0
175
     1
  7

176
     2
177
     1
178
     1
142
1.0
142
0.0
142
0.0
142
0.0
142
0.0
142
1.0
142
0.0
142
0.0
142
0.0
142
0.0
142
1.0
142
0.0
142
0.0
142
0.0
142
0.0
142
1.0
143
1.0
179
     1
  8

270
     2
271
     1
272
     1
144
1.0
144
0.0
144
0.0
144
0.0
144
0.0
144
1.0
144
0.0
144
0.0
144
0.0
144
0.0
144
1.0
144
0.0
144
0.0
144
0.0
144
0.0
144
1.0
145
1.0
146
1.0
273
     0
274
     2
275
     1
276
     1
147
1.0
147
0.0
147
0.0
147
0.0
147
0.0
147
1.0
147
0.0
147
0.0
147
0.0
147
0.0
147
1.0
147
0.0
147
0.0
147
0.0
147
0.0
147
1.0
148
0.0
149
0.0
468
0.0
 93
        0
 94
       63
282
     0
  0
MATERIAL
  5
EC
330
6A
100
AcDbMaterial
  1
ByLayer
  2

 70
     0
 40
1.0
 90
        0
 71
     0
 41
1.0
 91
        0
 42
1.0
 72
     1
  3

 73
     2
 74
     1
 75
     1
 43
1.0
 43
0.0
 43
0.0
 43
0.0
 43
0.0
 43
1.0
 43
0.0
 43
0.0
 43
0.0
 43
0.0
 43
1.0
 43
0.0
 43
0.0
 43
0.0
 43
0.0
 43
1.0
 44
0.5
 76
     0
 45
1.0
 92
        0
 46
1.0
 77
     1
  4

 78
     2
 79
     1
170
     1
 47
1.0
 47
0.0
 47
0.0
 47
0.0
 47
0.0
 47
1.0
 47
0.0
 47
0.0
 47
0.0
 47
0.0
 47
1.0
 47
0.0
 47
0.0
 47
0.0
 47
0.0
 47
1.0
 48
1.0
171
     1
  6

172
     2
173
     1
174
     1
 49
1.0
 49
0.0
 49
0.0
 49
0.0
 49
0.0
 49
1.0
 49
0.0
 49
0.0
 49
0.0
 49
0.0
 49
1.0
 49
0.0
 49
0.0
 49
0.0
 49
0.0
 49
1.0
140
1.0
141
1.0
175
     1
  7

176
     2
177
     1
178
     1
142
1.0
142
0.0
142
0.0
142
0.0
142
0.0
142
1.0
142
0.0
142
0.0
142
0.0
142
0.0
142
1.0
142
0.0
142
0.0
142
0.0
142
0.0
142
1.0
143
1.0
179
     1
  8

270
     2
271
     1
272
     1
144
1.0
144
0.0
144
0.0
144
0.0
144
0.0
144
1.0
144
0.0
144
0.0
144
0.0
144
0.0
144
1.0
144
0.0
144
0.0
144
0.0
144
0.0
144
1.0
145
1.0
146
1.0
273
     0
274
     2
275
     1
276
     1
147
1.0
147
0.0
147
0.0
147
0.0
147
0.0
147
1.0
147
0.0
147
0.0
147
0.0
147
0.0
147
1.0
147
0.0
147
0.0
147
0.0
147
0.0
147
1.0
148
0.0
149
0.0
468
0.0
 93
        0
 94
       63
282
     0
  0
MATERIAL
  5
EE
330
6A
100
AcDbMaterial
  1
Global
  2

 70
     0
 40
1.0
 90
        0
 71
     0
 41
1.0
 91
        0
 42
1.0
 72
     1
  3

 73
     2
 74
     1
 75
     1
 43
0.0008
 43
0.0
 43
0.0
 43
0.0
 43
0.0
 43
0.0008
 43
0.0
 43
0.0
 43
0.0
 43
0.0
 43
1.0
 43
0.0
 43
0.0
 43
0.0
 43
0.0
 43
1.0
 44
0.5
 76
     0
 45
1.0
 92
        0
 46
1.0
 77
     1
  4

 78
     2
 79
     1
170
     1
 47
1.0
 47
0.0
 47
0.0
 47
0.0
 47
0.0
 47
1.0
 47
0.0
 47
0.0
 47
0.0
 47
0.0
 47
1.0
 47
0.0
 47
0.0
 47
0.0
 47
0.0
 47
1.0
 48
1.0
171
     1
  6

172
     2
173
     1
174
     1
 49
0.0008
 49
0.0
 49
0.0
 49
0.0
 49
0.0
 49
0.0008
 49
0.0
 49
0.0
 49
0.0
 49
0.0
 49
1.0
 49
0.0
 49
0.0
 49
0.0
 49
0.0
 49
1.0
140
1.0
141
1.0
175
     1
  7

176
     2
177
     1
178
     1
142
0.0008
142
0.0
142
0.0
142
0.0
142
0.0
142
0.0008
142
0.0
142
0.0
142
0.0
142
0.0
142
1.0
142
0.0
142
0.0
142
0.0
142
0.0
142
1.0
143
1.0
179
     1
  8

270
     2
271
     1
272
     1
144
0.0008
144
0.0
144
0.0
144
0.0
144
0.0
144
0.0008
144
0.0
144
0.0
144
0.0
144
0.0
144
1.0
144
0.0
144
0.0
144
0.0
144
0.0
144
1.0
145
1.0
146
1.0
273
     0
274
     2
275
     1
276
     1
147
1.0
147
0.0
147
0.0
147
0.0
147
0.0
147
1.0
147
0.0
147
0.0
147
0.0
147
0.0
147
1.0
147
0.0
147
0.0
147
0.0
147
0.0
147
1.0
148
0.0
149
0.0
468
0.0
 93
        0
 94
       63
282
     0
1001
ACAD
1070
    -1
1070
     3
1070
     0
1000

1071
        0
1070
     0
  0
MLEADERSTYLE
  5
12E
330
12D
100
AcDbMLeaderStyle
170
     2
171
     1
172
     0
 90
        2
 40
0.0
 41
0.0
173
     1
 91
        0
340
11
 92
       -2
290
     1
 42
2.0
291
     1
 43
8.0
  3
Standard
341
14
 44
4.0
174
     1
178
     1
175
     1
176
     0
 93
        0
 45
4.0
292
     0
297
     0
 46
4.0
 94
        0
 47
1.0
 49
1.0
140
1.0
293
     1
141
0.0
294
     1
177
     0
142
1.0
295
     0
296
     0
143
3.75
271
     0
272
     9
273
     9
  0
MLINESTYLE
  5
18
330
17
100
AcDbMlineStyle
  2
STANDARD
 70
     0
  3

 62
   256
 51
90.0
 52
90.0
 71
     2
 49
0.5
 62
   256
  6
ByLayer
 49
-0.5
 62
   256
  6
ByLayer
  0
ACDBPLACEHOLDER
  5
F
330
E
  0
RAPIDRTRENDERSETTINGS
  5
14C50
330
14C4C
100
AcDbRenderSettings
 90
        2
  1
Coffee-Break Quality
290
     1
290
     0
290
     1
290
     1
  1

  1
Renders for 10 minutes
 90
        3
290
     1
100
AcDbRapidRTRenderSettings
 90
        3
 70
     1
 90
        1
 90
       10
 70
     1
 70
     2
 40
3.0
 40
3.0
290
     1
  0
RAPIDRTRENDERSETTINGS
  5
14C4F
330
14C4C
100
AcDbRenderSettings
 90
        2
  1
High
290
     1
290
     0
290
     1
290
     1
  1

  1
Applies 10 rendering levels
 90
        2
290
     1
100
AcDbRapidRTRenderSettings
 90
        3
 70
     0
 90
       10
 90
        1
 70
     2
 70
     2
 40
3.0
 40
3.0
290
     1
  0
RAPIDRTRENDERSETTINGS
  5
14C4D
330
14C4C
100
AcDbRenderSettings
 90
        2
  1
Low
290
     1
290
     0
290
     1
290
     1
  1

  1
Applies 1 rendering level
 90
        0
290
     1
100
AcDbRapidRTRenderSettings
 90
        3
 70
     0
 90
        1
 90
        1
 70
     0
 70
     2
 40
3.0
 40
3.0
290
     1
  0
RAPIDRTRENDERSETTINGS
  5
14C51
330
14C4C
100
AcDbRenderSettings
 90
        2
  1
Lunch Quality
290
     1
290
     0
290
     1
290
     1
  1

  1
Renders for 60 minutes
 90
        4
290
     1
100
AcDbRapidRTRenderSettings
 90
        3
 70
     1
 90
        1
 90
       60
 70
     2
 70
     2
 40
3.0
 40
3.0
290
     1
  0
SCALE
  5
10D
330
10C
100
AcDbScale
 70
     0
300
1:1
140
1.0
141
1.0
290
     1
  0
SCALE
  5
1BE
330
10C
100
AcDbScale
 70
     0
300
1:2
140
1.0
141
2.0
290
     0
  0
SCALE
  5
1BF
330
10C
100
AcDbScale
 70
     0
300
1:4
140
1.0
141
4.0
290
     0
  0
SCALE
  5
1C0
330
10C
100
AcDbScale
 70
     0
300
1:5
140
1.0
141
5.0
290
     0
  0
ACDBSECTIONVIEWSTYLE
  5
93F
330
219
100
AcDbModelDocViewStyle
 70
     0
100
AcDbSectionViewStyle
  0
ACDBSECTIONVIEWSTYLE
  5
21A
330
219
100
AcDbModelDocViewStyle
 70
     0
100
AcDbSectionViewStyle
  0
TABLESTYLE
  5
7F
330
7E
100
AcDbTableStyle
280
     0
  3
Standard
 70
     0
 71
     0
280
     0
281
     0
140
0.0
170
     0
 90
        0
 91
        0
140
0.0
170
     0
 90
        0
 91
        0
140
0.0
170
     0
 90
        0
 91
        0
  0
VISUALSTYLE
  5
F5
330
EF
100
AcDbVisualStyle
  0
VISUALSTYLE
  5
93E
330
EF
100
AcDbVisualStyle
  0
VISUALSTYLE
  5
F4
330
EF
100
AcDbVisualStyle
  0
VISUALSTYLE
  5
FB
330
EF
100
AcDbVisualStyle
  0
XRECORD
  5
104DEA
330
104DE8
100
AcDbXrecord
280
     1
330
E0061
330
E0075
330
E00E1
330
E00ED
330
E0100
330
E0108
330
E010D
330
E010E
330
E0113
330
E0114
330
E012B
330
E012C
330
E012D
330
E012E
330
E012F
330
E0130
330
E014B
330
E014C
330
E014D
330
E014E
330
E014F
330
E0150
330
E016A
330
BFA05
330
BFA10
330
BFA16
330
BFA1B
330
BFA35
330
BFA36
330
BFA38
330
BFA39
330
BFA3B
330
BFA3C
330
BFA4B
330
BFA5B
330
BFA5C
330
BFA5E
330
BFA5F
330
BFA6E
330
BFA6F
330
BFA7F
330
C100E
330
C100F
330
C1010
330
C1011
330
C1012
330
C1013
330
C1014
330
C1015
330
C1016
330
C1017
330
C1018
330
C1019
330
C101A
330
C101C
330
C101D
330
C101E
330
C101F
330
C1020
330
C1021
330
C1022
330
C1023
330
C1024
330
C1025
330
C1026
330
C1027
330
C1126
330
C1127
330
C1128
330
C1129
330
C112A
330
C112B
330
C112C
330
C112D
330
C112E
330
C112F
330
C1130
330
C1131
330
C1132
330
C1133
330
C1134
330
C1135
330
C1136
330
C1137
330
C1138
330
C1139
330
C113A
330
C113B
330
C113C
330
C113D
330
C113E
330
C1D11
330
C1D1A
330
C1D1C
330
C1D1D
330
C1D1E
330
C1D1F
330
C1D20
330
C1D23
330
C1D28
330
C1D29
330
C1D2A
330
C1D2F
330
C1C1C
330
C1C1D
330
C1C49
330
C1C4C
330
C1C53
330
C1C79
330
C1C81
330
C1C85
330
C1C86
330
C1C87
330
C1C88
330
C1C94
330
C1CA9
330
C1CBE
330
C1CD3
330
C1CD4
330
C1CD5
330
C1CD6
330
C1CD9
330
C1CE3
330
C1CEE
330
C1CF9
330
C1D04
330
C22AB
330
C2E7A
330
C2E88
330
C2E89
330
C2E8A
330
C2E8B
330
C2E8C
330
C2E8D
330
C2E8E
330
C2E8F
330
C2E90
330
C2E91
330
C2E92
330
C2DEA
330
C2DF5
330
C2E00
330
C2E0B
330
C2E18
330
C2E21
330
C2E36
330
C2D5A
330
C2D5D
330
C43A9
330
C43AA
330
C43AB
330
C43AC
330
C43AD
330
C43AE
330
C43AF
330
C43B0
330
C43B1
330
C43B2
330
C43B3
330
C43B4
330
C43B5
330
C4746
330
C4747
330
C4748
330
C4749
330
C474A
330
C474B
330
C474C
330
C474D
330
C474E
330
C474F
330
C4750
330
C4751
330
C4752
330
C4753
330
C4754
330
C4755
330
C4756
330
C4757
330
C4758
330
C4759
330
C475A
330
C475B
330
C475C
330
C475D
330
C512C
330
C51B2
330
C51C4
330
C51D3
330
C5B67
330
C5B68
330
C59E0
330
C59FD
330
C5A06
330
C6B3C
330
C6B3D
330
C6BCF
330
C78E6
330
C78F9
330
C779C
330
C779D
330
C77A7
330
C8668
330
C866D
330
C8670
330
C8680
330
C8683
330
C8688
330
C8689
330
C868D
330
C86B1
330
C86B2
330
C8728
330
C872B
330
C872C
330
C87E7
330
C87E8
330
C87E9
330
C8618
330
C8619
330
C8620
330
C8621
330
C8628
330
C8629
330
C8667
330
C8886
330
C88B0
330
C88B1
330
C88B2
330
C88B3
330
C88B7
330
C88B8
330
C88B9
330
C88BA
330
C88CC
330
C88CD
330
C88CE
330
C88CF
330
C88D0
330
C88D1
330
C8922
330
C8923
330
C8924
330
C8925
330
C8929
330
C892A
330
C892B
330
C892C
330
C8A56
330
C8A57
330
C8A8C
330
C8A8D
330
C8A8E
330
C8A95
330
C8A96
330
C8A97
330
C8ACF
330
C8AD0
330
C8AD1
330
C8AD2
330
C8AD6
330
C8AD7
330
C8AD8
330
C8AD9
330
C8AE6
330
C8AE7
330
C8AE8
330
C8AE9
330
C8AED
330
C8AEE
330
C8AEF
330
C8AF0
330
C8B3A
330
C8C43
330
C8C74
330
C8E2E
330
C8E2F
330
C8E30
330
C8E31
330
C8E32
330
C8E33
330
C8DCA
330
C8DCB
330
C8DCC
330
C8DCD
330
C8DCE
330
C8DCF
330
C8DD0
330
C8DD1
330
C8DD2
330
C8DD3
330
C8DEA
330
C8DEB
330
C8DEC
330
C8DED
330
C8DEE
330
C8DEF
330
C8E1C
330
C8E1D
330
C8E1E
330
C8E1F
330
C8E20
330
C8E21
330
C8E22
330
C8E23
330
C8E24
330
C8E25
330
C95C3
330
C95C4
330
C95C9
330
C95CC
330
C95DC
330
C95DF
330
C95E4
330
C95E5
330
C95E9
330
C95F9
330
C95FA
330
C9600
330
C9601
330
C9602
330
C9625
330
C9626
330
C9627
330
C9641
330
C9643
330
C9644
330
C9645
330
C9646
330
C9648
330
C9649
330
C964A
330
C964B
330
C964D
330
C964E
330
C964F
330
C9650
330
C9651
330
C9652
330
C9658
330
C9659
330
C965A
330
C965B
330
C965D
330
C965E
330
C965F
330
C9660
330
C967F
330
C9680
330
C9690
330
C9691
330
C9692
330
C9583
330
C9584
330
C958B
330
C958C
330
C9593
330
C9594
330
C9699
330
C969A
330
C969B
330
C96B3
330
C96B4
330
C96B5
330
C96B6
330
C96BA
330
C96BB
330
C96BC
330
C96BD
330
C96C3
330
C96C4
330
C96C5
330
C96C6
330
C96CA
330
C96CB
330
C96CC
330
C96CD
330
C96E7
330
C9B34
330
C9B3B
330
C9B4A
330
C9B57
330
C9B5C
330
C9B65
330
CA0E0
330
CA0E1
330
CA0E5
330
CA109
330
CA10A
330
CA119
330
CA30D
330
CA318
330
CA31E
330
CA323
330
CA070
330
CA071
330
CA078
330
CA079
330
CA080
330
CA081
330
CA0BF
330
CA0C0
330
CA0C5
330
CA0C8
330
CA0D8
330
CA0DB
330
CAE2C
330
CAE2D
330
CAE48
330
CAE4B
330
CAE4D
330
CAE59
330
CAE5C
330
CAE63
330
CAE66
330
CAE6D
330
CAE89
330
CAE91
330
CAE95
330
CAE96
330
CAE97
330
CAE98
330
CA33D
330
CA33E
330
CA340
330
CA341
330
CA343
330
CA344
330
CA353
330
CA363
330
CA364
330
CA366
330
CA367
330
CA376
330
CA377
330
CA387
330
CB37F
330
CB39C
330
CB3A5
330
CAE1A
330
CAEA4
330
CAEB9
330
CAECE
330
CAEE3
330
CAEE4
330
CAEE5
330
CAEE6
330
CAEE9
330
CAEF3
330
CAEFE
330
CAF09
330
CAF14
330
CAF21
330
CAF2A
330
CAF2C
330
CAF2D
330
CAF2E
330
CAF2F
330
CAF30
330
CAF33
330
CAF38
330
CAF39
330
CAF3A
330
CAF3F
330
CBA6D
330
CBA72
330
CBA73
330
CBA75
330
CBA76
330
CBBBD
330
CBBC8
330
CBBD3
330
CBBDF
330
CBBEB
330
CB65E
330
CB665
330
CB612
330
CB640
330
CB643
330
CB645
330
CB3C9
330
CB3D4
330
CB40F
330
CB41F
330
CB420
330
CB422
330
CB423
330
CB432
330
CB433
330
CC12A
330
CC12B
330
CC12C
330
CC12D
330
CC12E
330
CC12F
330
CC130
330
CC131
330
CC133
330
CC134
330
CC135
330
CC136
330
CC138
330
CC139
330
CC13A
330
CC13B
330
CC13C
330
CC13D
330
CC13E
330
CC13F
330
CC140
330
CC141
330
CC142
330
CBBF5
330
CBC19
330
CBD10
330
CBD13
330
CBD14
330
CBD16
330
CBD17
330
CBD26
330
CBD29
330
CBD2C
330
CBD30
330
CBD35
330
CBD39
330
CBD3F
330
CBF49
330
CBF4A
330
CBF4B
330
CBF4C
330
CBF4D
330
CBF4E
330
CBF4F
330
CBF50
330
CBF5C
330
CBF5D
330
CBF5E
330
CBF5F
330
CBF60
330
CC0C1
330
CC0C2
330
CC0F0
330
CC0F1
330
CC0F2
330
CC0F3
330
CC0F4
330
CC0F5
330
CC0F6
330
CC0F7
330
CC0F8
330
CC0F9
330
CC0FA
330
CC0FB
330
CC0FC
330
CC0FD
330
CC0FE
330
CC45E
330
CC45F
330
CC460
330
CC300
330
CC301
330
CC302
330
CC303
330
CC304
330
CCCD3
330
CCCD4
330
CCCD5
330
CCCD6
330
CCCD7
330
CCCD8
330
CCCD9
330
CCCDA
330
CCCDB
330
CCCDC
330
CE520
330
CE521
330
CE526
330
CE527
330
CE528
330
CE529
330
CE53E
330
CE53F
330
CE540
330
CE541
330
CE55E
330
CE566
330
CE56D
330
CE597
330
CE704
330
CE705
330
CE68D
330
CE6CE
330
CE6CF
330
CE6F6
330
CE6F7
330
CE6FD
330
CE6FE
330
CE598
330
CE5A4
330
CE5A6
330
CE5A7
330
CE5A8
330
CE5A9
330
CE5B0
330
CE5BE
330
CE5BF
330
CE5C0
330
CE5C1
330
CE5C2
330
CE5C3
330
CE5C4
330
CE5C8
330
CE5D5
330
CE5DE
330
CE5E0
330
CE5F4
330
CE5FB
330
CE647
330
CE648
330
CE649
330
CE64A
330
CE64B
330
CE64C
330
CE64D
330
CE64E
330
CE64F
330
CE650
330
CE651
330
CE652
330
CE653
330
CE654
330
CE655
330
CE656
330
CE657
330
CE666
330
CE670
330
CE678
330
CE685
330
CE686
330
CE8F0
330
CE8F5
330
CE8F6
330
CE8F7
330
CE8F8
330
CE90D
330
CE90E
330
CE90F
330
CE910
330
CE92D
330
CE935
330
CE93C
330
CE966
330
CE967
330
CEA70
330
CEA71
330
CEA72
330
CEA73
330
CEA74
330
CEA75
330
CEA76
330
CEA79
330
CEA86
330
CEA8F
330
CEA91
330
CEAA3
330
CEAAA
330
CE973
330
CE975
330
CE976
330
CE977
330
CE978
330
CE97F
330
CE982
330
CE983
330
CE98A
330
CE9CB
330
CE9CC
330
CE9D3
330
CEA64
330
CEAF6
330
CEAF7
330
CEAF8
330
CEAF9
330
CEAFA
330
CEAFB
330
CEAFC
330
CEAFD
330
CEAFE
330
CEAFF
330
CEB00
330
CEB01
330
CEB02
330
CEB03
330
CEB04
330
CEB05
330
CEB06
330
CEB15
330
CEB1F
330
CEB27
330
CEB4C
330
CEB52
330
CEB53
330
CEB59
330
CEB5A
330
D464E
330
D464F
330
D4658
330
D4659
330
D465A
330
D465B
330
D465C
330
D4672
330
D4673
330
D4674
330
D4675
330
D4676
330
D4677
330
D4678
330
D4679
330
D467A
330
D467B
330
D467C
330
D467D
330
D467E
330
D467F
330
D4680
330
D4681
330
D4682
330
D4683
330
D4684
330
D4685
330
D4686
330
D4687
330
D4688
330
D4689
330
D468A
330
D468B
330
D468C
330
D468D
330
D468E
330
D468F
330
D4690
330
D4691
330
D4692
330
D4693
330
D4694
330
D4695
330
D4696
330
D4697
330
D4698
330
D4699
330
D469A
330
D469B
330
D469C
330
D469D
330
D469E
330
D469F
330
D46A0
330
D46A1
330
D46A2
330
D46A3
330
D46A4
330
D46A5
330
D46A6
330
D46A7
330
D4798
330
D4799
330
D479A
330
D479B
330
D479C
330
D479D
330
D479E
330
D479F
330
D47A0
330
D47A1
330
D47A2
330
D47A3
330
D47A4
330
D47A5
330
D47A6
330
D47A7
330
D47A8
330
D47A9
330
D47AA
330
D47AB
330
D47AC
330
D47AD
330
D47AE
330
D47AF
330
D47B0
330
D47B1
330
D47B2
330
D47B3
330
D47B4
330
D47B5
330
D47B6
330
D47B7
330
D47B8
330
D47B9
330
D47BA
330
D47BB
330
D47BC
330
D47BD
330
D47BE
330
D47BF
330
D47C0
330
D47C1
330
D47C2
330
D47C3
330
D47C4
330
D47C5
330
D47C6
330
D47C7
330
D47C8
330
D47C9
330
D47CA
330
D47CB
330
D47CC
330
D47CD
330
D47CE
330
D47CF
330
D47D0
330
D47D1
330
D47D2
330
D47D3
330
D47D4
330
D47D5
330
D47D6
330
D47D7
330
D47D8
330
D47D9
330
D47DA
330
D47DB
330
D47DC
330
D47DD
330
D47DE
330
D47DF
330
D47E0
330
D47E1
330
D47E2
330
D47E3
330
D47E4
330
D47E5
330
D47E6
330
D47E7
330
D47E8
330
D47E9
330
D47EA
330
D47EB
330
D47EC
330
D47ED
330
D47EE
330
D47EF
330
D47F0
330
D47F1
330
D47F2
330
D47F3
330
D47F4
330
D47F5
330
D47F6
330
D47F7
330
D47F8
330
D47F9
330
D47FA
330
D47FB
330
D462C
330
D462D
330
D4720
330
D4721
330
D4722
330
D4723
330
D4724
330
D4725
330
D4726
330
D4727
330
D4728
330
D4729
330
D472C
330
D472D
330
D472E
330
D472F
330
D4730
330
D4731
330
D4732
330
D4733
330
D4734
330
D4735
330
D4736
330
D4737
330
D4738
330
D4739
330
D473A
330
D473B
330
D473C
330
D473D
330
D473E
330
D473F
330
D4740
330
D4741
330
D4742
330
D4743
330
D4744
330
D4745
330
D4746
330
D4747
330
D4748
330
D4749
330
D474A
330
D474B
330
D474C
330
D474D
330
D474E
330
D474F
330
D4750
330
D4751
330
D4752
330
D4753
330
D4754
330
D4755
330
D4756
330
D4757
330
D4758
330
D4759
330
D475A
330
D475B
330
D475C
330
D475D
330
D475E
330
D475F
330
D4760
330
D4761
330
D4762
330
D4763
330
D4764
330
D4765
330
D4766
330
D4767
330
D4768
330
D4769
330
D476A
330
D476B
330
D476C
330
D476D
330
D476E
330
D476F
330
D4770
330
D4771
330
D4772
330
D4773
330
D4774
330
D4775
330
D4776
330
D4777
330
D4778
330
D4779
330
D477A
330
D477B
330
D477C
330
D477D
330
D477E
330
D477F
330
D4780
330
D4781
330
D4782
330
D4783
330
D4784
330
D4785
330
D4786
330
D4787
330
D4788
330
D4789
330
D478A
330
D478B
330
D478C
330
D478D
330
D478E
330
D478F
330
D4790
330
D4791
330
D4792
330
D4793
330
D4794
330
D4795
330
D4796
330
D4797
330
D46A8
330
D46A9
330
D46AA
330
D46AB
330
D46AC
330
D46AD
330
D46AE
330
D46AF
330
D46B0
330
D46B1
330
D46B2
330
D46B3
330
D46B4
330
D46B5
330
D46B6
330
D46B7
330
D46B8
330
D46B9
330
D46BA
330
D46BB
330
D46BC
330
D46BD
330
D46BE
330
D46BF
330
D46C0
330
D46C1
330
D46C2
330
D46C3
330
D46C4
330
D46C5
330
D46C6
330
D46C7
330
D46C8
330
D46C9
330
D46CA
330
D46CB
330
D46CC
330
D46CD
330
D46CE
330
D46CF
330
D46D0
330
D46D1
330
D46D2
330
D46D3
330
D46D4
330
D46D5
330
D46D6
330
D46D7
330
D46D8
330
D46D9
330
D46DA
330
D46DB
330
D46DC
330
D46DD
330
D46DE
330
D46DF
330
D46E0
330
D46E1
330
D46E2
330
D46E3
330
D46E4
330
D46E5
330
D46E6
330
D46E7
330
D46E8
330
D46E9
330
D46EA
330
D46EB
330
D46EC
330
D46ED
330
D46EE
330
D46EF
330
D46F0
330
D46F1
330
D46F2
330
D46F3
330
D46F4
330
D46F5
330
D46F6
330
D46F7
330
D46F8
330
D46F9
330
D46FA
330
D46FB
330
D46FC
330
D46FD
330
D46FE
330
D46FF
330
D4700
330
D4701
330
D4702
330
D4703
330
D4704
330
D4705
330
D4706
330
D4707
330
D4708
330
D4709
330
D470A
330
D470B
330
D470C
330
D470D
330
D470E
330
D470F
330
D4710
330
D4711
330
D4712
330
D4713
330
D4714
330
D4715
330
D4716
330
D4717
330
D4718
330
D4719
330
D471A
330
D471B
330
D471C
330
D471D
330
D471E
330
D471F
330
D482F
330
D4830
330
D4831
330
D4832
330
D4833
330
D4834
330
D4835
330
D4836
330
D4837
330
D4838
330
D4839
330
D483A
330
D483B
330
D483C
330
D483D
330
D483E
330
D483F
330
D4840
330
D4841
330
D4842
330
D4843
330
D4844
330
D4845
330
D4846
330
D4847
330
D4848
330
D4849
330
D484A
330
D484B
330
D484C
330
D484D
330
D484E
330
D484F
330
D4850
330
D4851
330
D4852
330
D4853
330
D4857
330
D485C
330
D485D
330
D485E
330
D485F
330
D4860
330
D4861
330
D4862
330
D4863
330
D4864
330
D4865
330
D4866
330
D4867
330
D4868
330
D4869
330
D486A
330
D486B
330
D486C
330
D486D
330
D486E
330
D486F
330
D4870
330
D4871
330
D4872
330
D4873
330
D4874
330
D4875
330
D4876
330
D4877
330
D4878
330
DA79A
330
DA79B
330
DA79C
330
DA7A1
330
DA7A4
330
DA7A8
330
DA7B0
330
DA7B5
330
DA7B8
330
DA7BB
330
DA7BC
330
DA7BF
330
DA7C3
330
DA7D8
330
DA7DD
330
D9871
330
D9872
330
D9873
330
D9874
330
D9875
330
D9879
330
DA7F2
330
DA7F3
330
DA82C
330
DA830
330
DA841
330
DA856
330
DA859
330
DA9C4
330
DA9C5
330
DA925
330
DA926
330
DA927
330
DA929
330
DAB85
330
DAB86
330
DAB87
330
DAB8C
330
DAB8F
330
DAB93
330
DA86F
330
DA872
330
DA87D
330
DA87E
330
DA880
330
DA8CC
330
DA8CD
330
DA8CE
330
DA9CC
330
DAD10
330
DAD11
330
DAD12
330
DAD14
330
DAB9B
330
DABA0
330
DABA3
330
DABA6
330
DABA7
330
DABAA
330
DABAE
330
DABC3
330
DABC8
330
DABDD
330
DABDE
330
DAC17
330
DAC1B
330
DAC2C
330
DAC41
330
DAC44
330
DAC5A
330
DAC5D
330
DAC68
330
DAC69
330
DAC6B
330
DACB7
330
DACB8
330
DACB9
330
DADAF
330
DADB0
330
DADB7
330
DC1CE
330
DC1CF
330
DC1D0
330
DC1D1
330
DC1D2
330
DC1D3
330
DC268
330
DC15D
330
DC160
330
DC165
330
DC166
330
DC16A
330
DC1C2
330
DC104
330
DC105
330
DC10C
330
DC10D
330
DC114
330
DC115
330
DC144
330
DC145
330
DC14A
330
DC14D
330
DC8E2
330
DC927
330
DC928
330
DC929
330
DC92A
330
DC92E
330
DC92F
330
DC930
330
DC931
330
DC97D
330
DC97E
330
DC58F
330
DC590
330
DC591
330
DC592
330
DC593
330
DC594
330
DC595
330
DC596
330
DC597
330
DC598
330
DC602
330
DC603
330
DC613
330
DC614
330
DC615
330
DC616
330
DC61A
330
DC61B
330
DC61C
330
DC61D
330
DC628
330
DC629
330
DC62A
330
DC631
330
DC632
330
DC633
330
DC668
330
DC669
330
DC66A
330
DC67E
330
DC67F
330
DC680
330
DC681
330
DC71B
330
DC71C
330
DC799
330
DC79B
330
DC8DE
330
DD6D3
330
DD6E6
330
DD6EE
330
DD6F3
330
DD6F4
330
DD6F9
330
DD6FA
330
DD736
330
DD737
330
DD738
330
DD739
330
DD73A
330
DD73B
330
DCAAB
330
DCABF
330
DD6C7
330
DD8A5
330
DD8A6
330
DD8A7
330
DD8A8
330
DD8A9
330
DD8AA
330
DD8AB
330
DD8AC
330
DD8AD
330
DD8CD
330
DD8D9
330
DD8DA
330
DD8DB
330
DD8DC
330
DD8DD
330
DD8DE
330
DD77F
330
DD780
330
DD781
330
DD782
330
DD783
330
DD784
330
DD7F1
330
DD7F7
330
DD7F8
330
DD7F9
330
DD7FA
330
DD7FB
330
DD7FC
330
DD7FD
330
DD7FE
330
DD7FF
330
DD800
330
DD81A
330
DD81B
330
DDB43
330
DDB44
330
DDB4E
330
DDB4F
330
DDB50
330
DDB51
330
DDB52
330
DDB53
330
DDB54
330
DDB55
330
DDB56
330
DDB57
330
DDB59
330
DDB5A
330
DDB6A
330
DDB6B
330
DDB6C
330
DDB6D
330
DDB6E
330
DDB6F
330
DDB70
330
DDB71
330
DDB72
330
DDB73
330
DDB74
330
DDB75
330
DDBA9
330
DDBAA
330
DDBD8
330
DDBD9
330
DDBDA
330
DDBDB
330
DDBE2
330
DDBE3
330
DDBE4
330
DDBE5
330
DDBE8
330
DDBE9
330
DDBEC
330
DDBED
330
DDBF0
330
DDBF1
330
DDBF4
330
DDC79
330
DDC7A
330
DDC7B
330
DDC7C
330
DDC7E
330
DE4D1
330
DE51D
330
DE51E
330
DE51F
330
DE3EA
330
DE3EB
330
DE3EC
330
DE3F1
330
DE3F4
330
DE3F8
330
DE400
330
DE405
330
DE408
330
DE40B
330
DE40C
330
DE40F
330
DE413
330
DE429
330
DE42E
330
DE443
330
DE444
330
DE47D
330
DE481
330
DE492
330
DE4A7
330
DE4AA
330
DE4C0
330
DE4C3
330
DE4CE
330
DE4CF
330
DE615
330
DE616
330
DE61D
330
DE6B2
330
DE6B3
330
DE6B6
330
DE6D5
330
DE6D6
330
DE6D7
330
DE6D8
330
DE6D9
330
DE576
330
DE577
330
DE578
330
DE57A
330
DE681
330
DE682
330
DE683
330
DE684
330
DE685
330
DE686
330
DE6A4
330
DE6A5
330
DE6A6
330
DE6A7
330
DE6AA
330
DE6AB
330
DE6AE
330
DE6AF
330
DE94C
330
DE94D
330
DE94E
330
DE94F
330
DE950
330
DE951
330
DE952
330
DE953
330
DE954
330
DE955
330
DEE8A
330
DF2AE
330
DF2B7
330
E03F7
330
E03F8
330
E03FF
330
E0400
330
E0407
330
E0408
330
E0434
330
E0435
330
E043A
330
E043D
330
EC82D
330
E044D
330
E0450
330
E0455
330
E0456
330
E045A
330
E049C
330
E049E
330
E049F
330
E04A0
330
E04A1
330
E04A2
330
E04A3
330
E04C4
330
E04EE
330
E04EF
330
E04F0
330
E04F1
330
E04F2
330
E04F3
330
E04F4
330
E04F5
330
E04F6
330
E04F7
330
E0508
330
E0509
330
E0512
330
E0513
330
E0514
330
E0515
330
E0519
330
E051A
330
E051B
330
E051C
330
E0527
330
E0528
330
E0529
330
E0530
330
E0531
330
E0532
330
E053A
330
E053B
330
E053C
330
E0542
330
E0543
330
E0544
330
E0545
330
E0547
330
E0548
330
E0552
330
E0554
330
E057A
330
E057D
330
E0583
330
E0584
330
E0585
330
E0586
330
E058A
330
E058B
330
E058C
330
E058D
330
E0591
330
E0592
330
E0170
330
E0171
330
E0172
330
E0173
330
E0174
330
E0175
330
E0176
330
E0177
330
E0178
330
E0179
330
E0182
330
E0183
330
E01A3
330
E01A4
330
E01A5
330
E01A6
330
E01A7
330
E01A8
330
E01A9
330
E01AA
330
E01AB
330
E01B7
330
E01BB
330
E01BC
330
E01BD
330
E01BE
330
E01BF
330
E01C0
330
F42F5
330
F42F6
330
F42F7
330
F42F8
330
F42F9
330
EC720
330
EDA7D
330
EDA7F
330
EDA80
330
EDA82
330
EDA83
330
EDA8D
330
EDA98
330
EDAA3
330
EDAAF
330
EDABB
330
EDAC5
330
EDAC9
330
EDACA
330
EDACB
330
EDACC
330
EDACD
330
EDACE
330
EDAD9
330
EDADC
330
EDADF
330
EDAE0
330
EDAE1
330
EDAE2
330
EDAE9
330
EC769
330
1028C5
330
F6099
330
F609C
330
F609D
330
F6133
330
F6137
330
104960
330
104961
330
104968
330
104969
330
104970
330
104971
330
10499D
330
10499E
330
1049A3
330
1049A6
330
1049B6
330
1049B9
330
1049BE
330
1049BF
330
1049C3
330
104A00
330
104A02
330
104A03
330
104A04
330
104A05
330
104A06
330
104A07
330
104A25
330
104A47
330
104A48
330
104A49
330
104A4A
330
104A4B
330
104A4C
330
104A4D
330
104A4E
330
104A4F
330
104A50
330
104A61
330
104A62
330
104A6B
330
104A6C
330
104A6D
330
104A6E
330
F455E
330
F45DD
330
F45E5
330
F45ED
330
F4637
330
F4668
330
F466A
330
F467D
330
F4692
330
F4695
330
F46A7
330
F46B0
330
F46B3
330
F46BE
330
F46BF
330
F46C1
330
F470D
330
F470E
330
F470F
330
F4766
330
F4767
330
F4768
330
F476A
330
F4805
330
F4806
330
F480D
330
F4844
330
F484C
330
F4859
330
F4865
330
F4871
330
F4878
330
F4C1E
330
F4C20
330
F4C21
330
F4C22
330
F4C3E
330
F4C3F
330
F4C40
330
F4C88
330
F4C89
330
F50E0
330
F510D
330
F513E
330
F51D2
330
F51FF
330
F520B
330
F521A
330
F525E
330
F5286
330
F5298
330
F5299
330
F52A3
330
F52A4
330
F52A5
330
F52A6
330
F52AE
330
F52B1
330
F52BA
330
F52BD
330
F52C3
330
F52C4
330
F52C5
330
F52C6
330
F52C7
330
F52C8
330
F52C9
330
F52CC
330
F5305
330
F530B
330
F530D
330
F531C
330
F531D
330
F531F
330
F5320
330
F5324
330
F5329
330
F532D
330
F532E
330
F532F
330
F5330
330
F5344
330
F53E5
330
F53E6
330
F53E9
330
F53F6
330
F545E
330
F545F
330
F54BB
330
F54BF
330
F565B
330
F55D2
330
F56B0
330
F56B2
330
F5753
330
F5794
330
F57B0
330
F5872
330
F5AD0
330
F5B7F
330
F5CC2
330
EDB1A
330
EDB21
330
EDB52
330
EDB59
330
EDB60
330
EDB67
330
EDCD7
330
EDCE2
330
EDCED
330
EDCF9
330
EDD05
330
EDD0F
330
EDD13
330
EDD14
330
EDD15
330
EDD16
330
EDD17
330
EDD18
330
EDD23
330
EDD26
330
EDD29
330
EDD2A
330
EDD2B
330
EDD2C
330
EDD33
330
EDEC0
330
EDECB
330
EDED6
330
EDEE2
330
EDEEB
330
EDEF6
330
EDF01
330
EDF0D
330
EDF0F
330
EDF10
330
EDF12
330
EDF13
330
EDF1C
330
EDF27
330
EDB6F
330
EDB77
330
EDB91
330
EDBCF
330
EDBD0
330
EDBD1
330
EDBD2
330
EDBD4
330
EDBD5
330
EDBD7
330
EDBD8
330
EDBDC
330
EDBDD
330
EE03A
330
EE042
330
EE08C
330
EE08D
330
EE08E
330
EE08F
330
EDBE8
330
EDBE9
330
EDBEB
330
EDBF8
330
EDBF9
330
EDBFB
330
EDC21
330
EDC22
330
EDC24
330
EDC25
330
EDC2D
330
EDC2E
330
EDC30
330
EDC31
330
EDC39
330
EDC3A
330
EDC3C
330
EDC3D
330
EDC40
330
EDC41
330
EDC44
330
EDC48
330
EDC49
330
EDC50
330
EDC51
330
EDC53
330
EDC56
330
EDD6F
330
EDD72
330
EDD77
330
EDD92
330
EDD93
330
EDDAF
330
EDDB6
330
EDDBB
330
EDDBC
330
EDDBE
330
EDDBF
330
EDC64
330
EDC77
330
EDC82
330
EDC8D
330
EDC99
330
EDCA4
330
EDCAF
330
EDCBA
330
EDCC6
330
EDCC8
330
EDCC9
330
EDCCB
330
EDCCC
330
EDE38
330
EDE3F
330
EDE47
330
EDE4F
330
EDE5E
330
EDE66
330
EDE67
330
EDE68
330
EDE80
330
EDE8A
330
EDE8C
330
EDEA3
330
EDEAF
330
EDDC1
330
EDDC2
330
EDDC6
330
EDDC7
330
EDDD0
330
EDDD9
330
EDDDA
330
EDDDC
330
EDE09
330
EDE0A
330
EDE0C
330
EDE0D
330
EDE16
330
EDE17
330
EDE19
330
EDE1A
330
EDE22
330
EDE23
330
EDE25
330
EDE26
330
EDE29
330
EDE2A
330
EDE2D
330
EE180
330
EE1DF
330
EE1E0
330
EDF32
330
EDF3E
330
EDF4A
330
EDF54
330
EDF57
330
EDF58
330
EDF59
330
EDF5A
330
EDF5B
330
EDF5C
330
EDF67
330
EDF6A
330
EDF6D
330
EDF6E
330
EDF6F
330
EDF70
330
EDF77
330
EDF89
330
EE222
330
EE223
330
EE224
330
EE225
330
EE226
330
EE227
330
EE228
330
EE229
330
EE22A
330
EE22B
330
EE22C
330
EE22D
330
EE22E
330
EE22F
330
EE230
330
EE243
330
EE244
330
EE245
330
EE246
330
EE247
330
EE248
330
EE24C
330
EE259
330
EE262
330
EE263
330
EE26E
330
EE362
330
EE363
330
EE364
330
EE365
330
EE37D
330
EE37E
330
EE37F
330
EE380
330
EE399
330
EE39A
330
EE39B
330
EE3AB
330
EE3B7
330
EE3B8
330
EE3BD
330
EE3BE
330
EE3C5
330
EE3CB
330
EE3D4
330
EE3DF
330
EE3EC
330
EE3F3
330
EE3F5
330
EE41A
330
EE421
330
EE43D
330
EE440
330
EE441
330
EE0A6
330
EE0A7
330
EE0AC
330
EE0B4
330
EE0C6
330
EE0C7
330
EE0C8
330
EE0C9
330
EE0CC
330
EE0CD
330
EE0CE
330
EE0CF
330
EE0FB
330
EE0FC
330
EE0FD
330
EE107
330
EE10A
330
EE10B
330
EE10E
330
EE10F
330
EE112
330
EE113
330
EE11E
330
EE12A
330
EE12D
330
EE13C
330
EE13D
330
EE13E
330
EE13F
330
EE140
330
EE141
330
EE142
330
EE169
330
EE170
330
EE178
330
EE274
330
EE275
330
EE276
330
EE277
330
EE27B
330
EE283
330
EE2B6
330
EE2B8
330
EE2C5
330
EE2C7
330
EE2C8
330
E0715
330
E0717
330
ED191
330
ED192
330
ED19D
330
ED1A9
330
ED1AC
330
ED1BB
330
ED1BC
330
ED1BD
330
ED1BE
330
ED1BF
330
ED1C0
330
ED1C1
330
ED1E8
330
ED1EF
330
ED1F7
330
ED1FF
330
103D91
330
104209
330
10420A
330
10420F
330
104212
330
104222
330
104225
330
10422A
330
10422B
330
10422F
330
10426E
330
104270
330
104271
330
104272
330
104273
330
104274
330
104275
330
104293
330
1042B5
330
1042B6
330
1042B7
330
1042B8
330
1042B9
330
1042BA
330
1042BB
330
1042BC
330
1042BD
330
1042BE
330
1042CF
330
1042D0
330
1042D9
330
1042DA
330
1042DB
330
1042DC
330
1042E0
330
1042E1
330
1042E2
330
1042E3
330
1042EE
330
1042EF
330
1042F0
330
1042F7
330
1042F8
330
1042F9
330
104301
330
104302
330
104303
330
104309
330
10430A
330
10430B
330
10430C
330
10430E
330
10430F
330
104319
330
10431B
330
104341
330
104344
330
10434A
330
10434B
330
10434C
330
10434D
330
104351
330
104352
330
104353
330
104354
330
104358
330
104359
330
1043C4
330
ECB2B
330
ECB2C
330
ECB2D
330
ECB2E
330
ECB45
330
ECB46
330
ECB4B
330
ECB53
330
ECB65
330
ECB66
330
ECB67
330
ECB68
330
ECB6B
330
ECB6C
330
ECB6D
330
ECB6E
330
ECC7D
330
ECC84
330
ECC8E
330
ECC8F
330
ECC95
330
ECC96
330
ECC98
330
ECC99
330
ECC9B
330
ECC9C
330
ECCA0
330
ECCA1
330
ECCA9
330
ECCB0
330
ECCB8
330
ECCC3
330
ECCC4
330
ECCC6
330
ECCC7
330
ECCD4
330
ECCD5
330
ECCD7
330
EC972
330
EC973
330
EC99D
330
EC9A5
330
EC9EF
330
EC9F0
330
EC9F1
330
EC9F2
330
ECA09
330
ECA0A
330
ECA0F
330
ECF3C
330
ECF3D
330
ECF3F
330
ECF40
330
ECF48
330
ECF49
330
ECF4B
330
ECF4C
330
ECF54
330
ECF55
330
ECF57
330
ECF58
330
ECF5B
330
ECF5C
330
ECF5F
330
ECF60
330
ECF6D
330
ECF74
330
ECF7B
330
ECF88
330
ECF97
330
ECFA2
330
ECFA5
330
ECFAA
330
ECFAC
330
ECE4B
330
ECE4E
330
ECE51
330
ECE52
330
ECE53
330
ECE54
330
ECE5B
330
ECE70
330
ECEB4
330
ECEB5
330
ECED5
330
ECEDC
330
ECEE1
330
ECEE2
330
ECEE4
330
ECEE5
330
ECEE7
330
ECEE8
330
ECEEC
330
ECEED
330
ECEF6
330
ECF02
330
ECF03
330
ECF05
330
ECF06
330
ECA17
330
ECA29
330
ECA2A
330
ECA2B
330
ECA2C
330
ECA2F
330
ECA30
330
ECA31
330
ECA32
330
ECA5E
330
ECA5F
330
ECA60
330
ECA6A
330
ECA6D
330
ECA6E
330
ECA71
330
ECA72
330
ECA75
330
ECA76
330
ECA81
330
ECA8D
330
ECA90
330
ECA9F
330
ECAA0
330
ECAA1
330
ECAA2
330
ECAA3
330
ECAA4
330
ECAA5
330
ECAD9
330
ECAE1
330
ED0B9
330
ED0C1
330
ED10B
330
ED10C
330
ED10D
330
ED10E
330
ECB9A
330
ECB9B
330
ECB9C
330
ECBA6
330
ECBA9
330
ECBAA
330
ECBAD
330
ECBAE
330
ECBB1
330
ECBB2
330
ECBBD
330
ECBC9
330
ECBCC
330
ECBDB
330
ECBDC
330
ECBDD
330
ECBDE
330
ECBDF
330
ECBE0
330
ECBE1
330
ECC1E
330
ECC26
330
ED125
330
ED126
330
ED12B
330
ED133
330
ED145
330
ED146
330
ED147
330
ED148
330
ED14B
330
ED14C
330
ED14D
330
ED14E
330
ED17A
330
ED17B
330
ED17C
330
ED186
330
ED189
330
ED18A
330
ED18D
330
ED18E
330
EDA03
330
EDA06
330
EDA0B
330
EDA0D
330
EDA12
330
EDA15
330
EDA1E
330
EDA2F
330
EDA3A
330
EDA45
330
EDA51
330
EDA5B
330
EDA66
330
EDA71
330
ED25E
330
ED25F
330
ECD03
330
ECD04
330
ECD06
330
ECD07
330
ECD0F
330
ECD10
330
ECD12
330
ECD13
330
ECD1B
330
ECD1C
330
ECD1E
330
ECD1F
330
ECD22
330
ECD23
330
ECD26
330
ECD27
330
ECD35
330
ECD3C
330
ECD43
330
ECD52
330
ECFB1
330
ECFB4
330
ECFBD
330
ECFCE
330
ECFD9
330
ECFE4
330
ECFF0
330
ECFFA
330
ED005
330
ED010
330
ED01C
330
ED01E
330
ED01F
330
ED021
330
ED022
330
ECDD7
330
ECDE2
330
ECDEE
330
ECDF0
330
ECDF1
330
ECDF3
330
ECDF4
330
ECDFF
330
ECE0A
330
ECE15
330
ECE21
330
ECE2D
330
ECE37
330
ECE3B
330
ECE3C
330
ECE3D
330
ECE3E
330
ECE3F
330
ECE40
330
ECD5B
330
ECD5E
330
ECD68
330
ECD7C
330
ECD8D
330
ECD9F
330
ECDAA
330
ECDB5
330
ECDC1
330
ECDCC
330
ED02C
330
ED037
330
ED042
330
ED04E
330
ED05A
330
ED064
330
ED068
330
ED069
330
ED06A
330
ED06B
330
ED06C
330
ED06D
330
ED078
330
ED07B
330
ED07E
330
ED07F
330
ED080
330
ED081
330
ED088
330
EE55E
330
EE561
330
EE566
330
EE581
330
EE582
330
EE59E
330
EE5A5
330
EE5AA
330
EE5AB
330
EE5AD
330
EE5AE
330
EE5B0
330
EE5B1
330
EE5B5
330
EE5B6
330
EE539
330
EE5BF
330
EE5C8
330
EE5C9
330
EE5CB
330
EE5F8
330
EE5F9
330
EE5FB
330
EE5FC
330
EE605
330
EE606
330
EE608
330
EE609
330
EE611
330
EE612
330
EE614
330
EE615
330
EE618
330
EE619
330
EE61C
330
EE627
330
EE62E
330
EE636
330
EE63E
330
EE64D
330
EE655
330
EE656
330
EE657
330
EE66F
330
EE679
330
EE67B
330
EE69D
330
EE6AE
330
EE6B9
330
EE6C4
330
EE6D0
330
EE6D9
330
EE6E4
330
EE6EF
330
EE6FB
330
EE6FD
330
EE6FE
330
EE700
330
EE701
330
EE70A
330
EE715
330
EE720
330
EE72C
330
EE738
330
EE742
330
EE745
330
EE746
330
EE747
330
EE748
330
EE749
330
EE74A
330
EE755
330
EE758
330
EE75B
330
EE75C
330
EE75D
330
EE75E
330
EE765
330
EE777
330
EE7E3
330
EE814
330
EE81B
330
EE822
330
EE829
330
EE831
330
EE839
330
EE853
330
EE891
330
EE892
330
EE893
330
EE894
330
EE896
330
EE897
330
EE899
330
EE89A
330
EE89E
330
EE89F
330
EE8AA
330
EE8AB
330
EE8AD
330
EE8BA
330
EE8BB
330
EE8BD
330
EE8E3
330
EE8E4
330
EE8E6
330
EE8E7
330
EE8EF
330
EE8F0
330
EE8F2
330
EE8F3
330
EE8FB
330
EE8FC
330
EE8FE
330
EE8FF
330
EE902
330
EE903
330
EE906
330
EE90A
330
EE90B
330
EE912
330
EE913
330
EE915
330
EE918
330
EE926
330
EE939
330
EE944
330
EE94F
330
EE95B
330
EE966
330
EE971
330
EED79
330
EE97C
330
EE988
330
EE98A
330
EE98B
330
EE98D
330
EE98E
330
EE999
330
EE9A4
330
EE9AF
330
EE9BB
330
EE9C7
330
EE9D1
330
EE9D5
330
EE9D6
330
EE9D7
330
EE9D8
330
EE9D9
330
EE9DA
330
EE9E5
330
EE9E8
330
EE9EB
330
EE9EC
330
EE9ED
330
EE9EE
330
EE9F5
330
EEA14
330
EEEC0
330
EF0EA
330
EF0EB
330
EF10C
330
EF10D
330
EF115
330
EF116
330
EF117
330
EF118
330
EF119
330
EF12F
330
EF130
330
EF131
330
EF132
330
EF133
330
EF134
330
EF135
330
EF136
330
EF137
330
EF138
330
EF139
330
EF13A
330
EF13B
330
EF13C
330
EF13D
330
EF13E
330
EF13F
330
EF140
330
EF141
330
EF142
330
EF143
330
EF144
330
EF145
330
EF146
330
EF147
330
EF148
330
EF149
330
EF14A
330
EF14B
330
EF14C
330
EF14D
330
EF14E
330
EF14F
330
EF150
330
EF151
330
EF152
330
EF153
330
EF154
330
EF155
330
EF156
330
EF157
330
EF158
330
EF159
330
EF15A
330
EF15B
330
EF15C
330
EF15D
330
EF15E
330
EF15F
330
EF160
330
EF161
330
EF162
330
EF163
330
EF164
330
EF165
330
EF166
330
EF167
330
EF168
330
EF169
330
EF16A
330
EF16B
330
EF16C
330
EF16D
330
EF16E
330
EF16F
330
EF170
330
EF171
330
EF172
330
EF173
330
EF174
330
EF175
330
EF176
330
EF177
330
EF178
330
EF179
330
EF17A
330
EF17B
330
EF17C
330
EF17D
330
EF17E
330
EF17F
330
EF180
330
EF181
330
EF182
330
EF183
330
EF184
330
EF185
330
EF186
330
EF187
330
EF188
330
EF189
330
EF18A
330
EF18B
330
EF18C
330
EF18D
330
EF18E
330
EF18F
330
EF190
330
EF191
330
EF192
330
EF193
330
EF194
330
EF195
330
EF196
330
EF197
330
EF198
330
EF199
330
EF19A
330
EF19B
330
EF19C
330
EF19D
330
EF19E
330
EF19F
330
EF1A0
330
EF1A1
330
EF1A2
330
EF1A3
330
EF1A4
330
EF1A5
330
EF1A6
330
EF1A7
330
EF1A8
330
EF1A9
330
EF1AA
330
EF1AB
330
EF1AC
330
EF1AD
330
EF1AE
330
EF1AF
330
EF1B0
330
EF1B1
330
EF1B2
330
EF1B3
330
EF1B4
330
EF1B5
330
EF1B6
330
EF1B7
330
EF1B8
330
EF1B9
330
EF1BA
330
EF1BB
330
EF1BC
330
EF1BD
330
EF1BE
330
EF1BF
330
EF1C0
330
EF1C1
330
EF1C2
330
EF1C3
330
EF1C4
330
EF1C5
330
EF1C6
330
EF1C7
330
EF1C8
330
EF1C9
330
EF1CA
330
EF1CB
330
EF1CC
330
EF1CD
330
EF1CE
330
EF1CF
330
EF1D0
330
EF1D1
330
EF1D2
330
EF1D3
330
EF1D4
330
EF1D5
330
EF1D6
330
EF1D7
330
EF1D8
330
EF1D9
330
EF1DA
330
EF1DB
330
EF1DC
330
EF1DD
330
EF1DE
330
EF1DF
330
EF1E0
330
EF1E1
330
EF1E2
330
EF1E3
330
EF1E4
330
EF1E5
330
EF1E6
330
EF1E8
330
EF1E9
330
EF1EA
330
EF1EB
330
EF1EC
330
EF1ED
330
EF1EE
330
EF1EF
330
EF1F0
330
EF1F1
330
EF1F2
330
EF1F3
330
EF1F4
330
EF1F5
330
EF1F6
330
EF1F7
330
EF1F8
330
EF1F9
330
EF1FA
330
EF1FB
330
EF1FC
330
EF1FD
330
EF1FE
330
EF1FF
330
EF200
330
EF201
330
EF202
330
EF203
330
EF204
330
EF205
330
EF206
330
EF207
330
EF208
330
EF209
330
EF20A
330
EF20B
330
EF20C
330
EF20D
330
EF20E
330
EF20F
330
EF210
330
EF211
330
EF212
330
EF213
330
EF214
330
EF215
330
EF216
330
EF217
330
EF218
330
EF219
330
EF21A
330
EF21B
330
EF21C
330
EF21D
330
EF21E
330
EF21F
330
EF220
330
EF221
330
EF222
330
EF223
330
EF224
330
EF225
330
EF226
330
EF227
330
EF228
330
EF229
330
EF22A
330
EF22B
330
EF22C
330
EF22D
330
EF22E
330
EF22F
330
EF230
330
EF231
330
EF232
330
EF233
330
EF234
330
EF235
330
EF236
330
EF237
330
EF238
330
EF239
330
EF23A
330
EF23B
330
EF23C
330
EF23D
330
EF23E
330
EF23F
330
EF240
330
EF241
330
EF242
330
EF243
330
EF244
330
EF245
330
EF246
330
EF247
330
EF248
330
EF249
330
EF24A
330
EF24B
330
EF24C
330
EF24D
330
EF24E
330
EF24F
330
EF250
330
EF251
330
EF252
330
EF253
330
EF254
330
EF255
330
EF256
330
EF257
330
EF258
330
EF259
330
EF25A
330
EF25B
330
EF25C
330
EF25D
330
EF25E
330
EF25F
330
EF260
330
EF261
330
EF262
330
EF263
330
EF264
330
EF265
330
EF266
330
EF267
330
EF268
330
EF269
330
EF26A
330
EF26B
330
EF26C
330
EF26D
330
EF26E
330
EF26F
330
EF270
330
EF271
330
EF272
330
EF273
330
EF274
330
EF275
330
EF276
330
EF277
330
EF278
330
EF279
330
EF27A
330
EF27B
330
EF27C
330
EF27D
330
EF27E
330
EF27F
330
EF280
330
EF281
330
EF282
330
EF283
330
EF284
330
EF285
330
EF286
330
EF287
330
EF288
330
EF289
330
EF28A
330
EF28B
330
EF28C
330
EF28D
330
EF28E
330
EF28F
330
EF290
330
EF291
330
EF292
330
EF293
330
EF294
330
EF295
330
EF296
330
EF297
330
EF298
330
EF299
330
EF29A
330
EF29B
330
EF29C
330
EF29D
330
EF29E
330
EF29F
330
EF2A0
330
EF2A1
330
EF2A2
330
EF2A3
330
EF2A4
330
EF2A5
330
EF2A6
330
EF2A7
330
EF2A8
330
EF2A9
330
EF2AA
330
EF2AB
330
EF2AC
330
EF2AD
330
EF2AE
330
EF2AF
330
EF2B0
330
EF2B1
330
EF2B2
330
EF2B3
330
EF2B4
330
EF2B5
330
EF2B6
330
EF2B7
330
EF2EB
330
EF2EC
330
EF2ED
330
EF2EE
330
EF2EF
330
EF2F0
330
EF2F1
330
EF2F2
330
EF2F3
330
EF2F4
330
EF2F5
330
EF2F6
330
EF2F7
330
EF2F8
330
EF2F9
330
EF2FA
330
EF2FB
330
EF2FC
330
EF2FD
330
EF2FE
330
EF2FF
330
EF300
330
EF301
330
EF302
330
EF303
330
EF304
330
EF305
330
EF306
330
EF307
330
EF308
330
EF309
330
EF30A
330
EF30B
330
EF30C
330
EF30D
330
EF30E
330
EF30F
330
EF312
330
EF316
330
EF317
330
EF318
330
EF319
330
EF31A
330
EF31B
330
EF31C
330
EF31D
330
EF31E
330
EF31F
330
EF320
330
EF321
330
EF322
330
EF323
330
EF324
330
EF325
330
EF326
330
EF327
330
EF328
330
EF329
330
EF32A
330
EF32B
330
EF32C
330
EF32D
330
EF32E
330
EF32F
330
EF330
330
EF331
330
EF332
330
ED2FA
330
ED302
330
ED335
330
ED337
330
ED344
330
ED346
330
ED347
330
ED367
330
ED368
330
ED369
330
ED36A
330
ED382
330
ED383
330
ED38C
330
ED38F
330
ED397
330
ED3C4
330
ED3C6
330
ED3D3
330
ED3D5
330
ED3D6
330
ED3DB
330
ED3DC
330
ED3DD
330
ED3DE
330
ED3E1
330
ED3E2
330
ED3E3
330
ED3E4
330
ED2A1
330
ED2A2
330
ED2A3
330
ED2A4
330
ED2A5
330
ED2A6
330
ED2A7
330
ED2A8
330
ED2A9
330
ED2AA
330
ED2AB
330
ED2AC
330
ED2AD
330
ED2AE
330
ED2AF
330
ED2C2
330
ED2C3
330
ED2C4
330
ED2C5
330
ED2C6
330
ED2C7
330
ED2CB
330
ED2D8
330
ED2E1
330
ED2E2
330
ED2ED
330
ED2F3
330
ED2F4
330
ED2F5
330
ED2F6
330
104A72
330
104A73
330
104A74
330
104A75
330
104A80
330
104A81
330
104A82
330
104A89
330
104A8A
330
104A8B
330
104A93
330
104A94
330
104A95
330
104A9B
330
104A9C
330
104A9D
330
104A9E
330
104AA0
330
104AA1
330
104AAB
330
104AAD
330
104AD3
330
104AD6
330
104ADC
330
104ADD
330
104ADE
330
104ADF
330
104AE3
330
104AE4
330
104AE5
330
104AE6
330
ED46B
330
ED472
330
ED474
330
ED499
330
ED4A0
330
ED4BC
330
ED4BF
330
ED4C0
330
ED6DE
330
ED6E5
330
ED6EF
330
ED6F0
330
ED6F6
330
ED6F7
330
ED6F9
330
ED6FA
330
ED6FC
330
ED6FD
330
ED701
330
ED702
330
ED70A
330
ED711
330
ED719
330
ED724
330
ED725
330
ED727
330
ED728
330
EE2E8
330
EE2E9
330
EE2EA
330
EE2EB
330
EE303
330
EE304
330
EE30D
330
EE310
330
EE318
330
EE345
330
EE347
330
EE354
330
EE356
330
EE357
330
EE35C
330
EE35D
330
EE35E
330
EE35F
330
ED3FC
330
ED3FD
330
ED3FE
330
ED3FF
330
ED418
330
ED419
330
ED41A
330
ED42A
330
ED436
330
ED437
330
ED43C
330
ED43D
330
ED444
330
ED44A
330
ED453
330
ED45E
330
104AEA
330
104AEB
330
ED735
330
ED736
330
ED738
330
ED764
330
ED765
330
ED767
330
ED768
330
ED770
330
ED771
330
ED773
330
ED774
330
ED77C
330
ED77D
330
ED77F
330
ED780
330
ED783
330
ED784
330
ED787
330
ED788
330
ED796
330
ED79D
330
ED7A4
330
ED67F
330
ED687
330
ED7B3
330
ED7BC
330
ED7BF
330
ED7C9
330
ED7DD
330
ED7EE
330
ED800
330
ED80B
330
ED816
330
ED898
330
ED89C
330
ED89D
330
ED89E
330
ED89F
330
ED8A0
330
ED8A1
330
ED8AC
330
ED8AF
330
ED8B2
330
ED8B3
330
ED8B4
330
ED8B5
330
ED8BC
330
ED8D1
330
ED822
330
ED82D
330
ED838
330
ED843
330
ED84F
330
ED851
330
ED852
330
ED854
330
ED855
330
ED860
330
ED86B
330
ED876
330
ED882
330
ED88E
330
ED915
330
ED916
330
ED936
330
ED93D
330
ED942
330
ED943
330
ED945
330
ED946
330
ED948
330
ED949
330
ED94D
330
ED94E
330
ED957
330
ED963
330
ED964
330
ED966
330
ED967
330
ED99D
330
ED99E
330
ED9A0
330
ED9A1
330
ED9A9
330
ED9AA
330
ED9AC
330
ED9AD
330
ED9B5
330
ED9B6
330
ED9B8
330
ED9B9
330
ED9BC
330
ED9BD
330
ED9C0
330
ED9C1
330
ED9CE
330
ED9D5
330
ED9DC
330
ED9E9
330
ED9F8
330
10274C
330
103B76
330
1041CC
330
1041CD
330
1041D4
330
1041D5
330
1041DC
330
1041DD
330
3C1
330
3C2
330
3CB
330
3CC
330
3D5
330
3D6
330
3DF
330
3E0
330
3E9
330
3EA
330
3F3
330
3F4
330
3FF
330
400
330
40B
330
40C
330
415
330
416
330
41F
330
420
330
429
330
42A
330
435
330
436
330
43F
330
440
330
449
330
44A
330
453
330
454
330
460
330
45F
330
469
330
46A
330
473
330
474
330
47D
330
47E
330
487
330
488
330
492
330
493
330
49E
330
49F
330
4A9
330
4AA
330
4B5
330
4B6
330
7BA
330
7C0
330
1007
330
1008
330
1013
330
1014
330
101E
330
101F
330
102A
330
102B
330
1035
330
1036
330
103F
330
1040
330
104A
330
104B
330
1056
330
1057
330
1060
330
1061
330
106B
330
106C
330
1077
330
1078
330
1081
330
1082
330
108D
330
108E
330
1107
330
3B0C
330
3B0D
330
3B16
330
3B17
330
3B20
330
3B21
330
3B2A
330
3B2B
330
3B34
330
3B35
330
3B3E
330
3B3F
330
3B4A
330
3B4B
330
3B56
330
3B57
330
3B60
330
3B61
330
3B6A
330
3B6B
330
3B74
330
3B75
330
3B80
330
3B81
330
3B8A
330
3B8B
330
3B94
330
3B95
330
3B9E
330
3B9F
330
3BAA
330
3BAB
330
3BB4
330
3BB5
330
3BBE
330
3BBF
330
3BC8
330
3BC9
330
3BD2
330
3BD3
330
3BDD
330
3BDE
330
3BE9
330
3BEA
330
3BF4
330
3BF5
330
3C00
330
3C01
330
3D0C
330
827A
330
827B
330
8284
330
8285
330
828E
330
828F
330
829A
330
829B
330
82A4
330
82A5
330
82AE
330
82AF
330
82B9
330
82BA
330
82C5
330
82C6
330
82D0
330
82D1
330
82DC
330
82DD
330
82E6
330
82E7
330
82F0
330
82F1
330
82FA
330
82FB
330
8304
330
8305
330
830E
330
830F
330
8318
330
8319
330
8324
330
8325
330
8330
330
8331
330
833A
330
833B
330
8344
330
8345
330
834E
330
834F
330
835A
330
835B
330
84B2
330
84B4
330
84ED
330
11B44
330
11B45
330
11B50
330
11B51
330
11B5C
330
11B5D
330
11B68
330
11B69
330
11B74
330
11B75
330
11B80
330
11B81
330
11B8C
330
11B8D
330
11B98
330
11B99
330
11BA4
330
11BA5
330
11BB0
330
11BB1
330
21E40
330
21E41
330
21E47
330
21E48
330
21E4E
330
21E4F
330
21E55
330
21E56
330
21E5C
330
21E5D
330
21E63
330
21E64
330
21E6A
330
21E6B
330
21E71
330
21E72
330
21E78
330
21E79
330
21E7F
330
21E80
330
21E86
330
21E87
330
21E8D
330
21E8E
330
21E94
330
21E95
330
21E9B
330
21E9C
330
21EA2
330
21EA3
330
21EA9
330
21EAA
330
21EB0
330
21EB1
330
21EB7
330
21EB8
330
21EBE
330
21EBF
330
21EC5
330
21EC6
330
21ECC
330
21ECD
330
21ED3
330
21ED4
330
21EDA
330
21EDB
330
21EE1
330
21EE2
330
22EEF
330
22EF0
330
22EF6
330
22EF7
330
22EFD
330
22EFE
330
22F04
330
22F05
330
22F0B
330
22F0C
330
22F12
330
22F13
330
22F19
330
22F1A
330
22F20
330
22F21
330
22F27
330
22F28
330
22F2E
330
22F2F
330
22F35
330
22F36
330
22F3C
330
22F3D
330
22F43
330
22F44
330
22F4A
330
22F4B
330
22F51
330
22F52
330
22F58
330
22F59
330
22F5F
330
22F60
330
22F66
330
22F67
330
22F6D
330
22F6E
330
22F74
330
22F75
330
22F7B
330
22F7C
330
22F82
330
22F83
330
22F89
330
22F8A
330
22F90
330
22F91
330
22F97
330
22F98
330
22F9E
330
22F9F
330
22FA5
330
22FA6
330
22FAC
330
22FAD
330
22FB3
330
22FB4
330
22FBA
330
22FBB
330
22FC1
330
22FC2
330
22FC8
330
22FC9
330
22FCF
330
22FD0
330
22FD6
330
22FD7
330
22FDD
330
22FDE
330
22FE4
330
22FE5
330
23215
330
23216
330
2321C
330
2321D
330
23223
330
23224
330
2322A
330
2322B
330
23231
330
23232
330
23238
330
23239
330
2323F
330
23240
330
23246
330
23247
330
2324D
330
2324E
330
23254
330
23255
330
2325B
330
2325C
330
23262
330
23263
330
23269
330
2326A
330
23270
330
23271
330
23277
330
23278
330
2327E
330
2327F
330
23285
330
23286
330
2328C
330
2328D
330
229DD
330
229DE
330
229E7
330
229E8
330
229F1
330
229F2
330
229FB
330
229FC
330
22A05
330
22A06
330
22A10
330
22A0F
330
22A19
330
22A1A
330
22A23
330
22A24
330
22A2D
330
22A2E
330
22A37
330
22A38
330
22A41
330
22A42
330
22A4B
330
22A4C
330
22A55
330
22A56
330
22A5F
330
22A60
330
22A69
330
22A6A
330
22A73
330
22A74
330
22A7D
330
22A7E
330
22A87
330
22A88
330
22A91
330
22A92
330
22A9B
330
22A9C
330
22AA5
330
22AA6
330
22AAF
330
22AB0
330
22AB9
330
22ABA
330
22AC3
330
22AC4
330
22ACD
330
22ACE
330
22AD7
330
22AD8
330
22AE1
330
22AE2
330
22AEB
330
22AEC
330
22AF5
330
22AF6
330
22B00
330
22AFF
330
22B09
330
22B0A
330
22B13
330
22B14
330
22B1D
330
22B1E
330
22B27
330
22B28
330
22B31
330
22B32
330
22B3B
330
22B3C
330
22B45
330
22B46
330
22B4F
330
22B50
330
22B59
330
22B5A
330
22B63
330
22B64
330
22B6D
330
22B6E
330
22B77
330
22B78
330
22B81
330
22B82
330
22B8B
330
22B8C
330
22B95
330
22B96
330
22B9F
330
22BA0
330
22BA9
330
22BAA
330
22BB3
330
22BB4
330
22BBD
330
22BBE
330
22C6C
330
22C6D
330
22C71
330
22C77
330
22C7A
330
22C7B
330
22C80
330
22C81
330
22C86
330
22C87
330
22C8E
330
22C93
330
22CA3
330
22CB9
330
22BC7
330
22BCF
330
22BD7
330
22C1F
330
22C5D
330
22C5E
330
22C66
330
22CF4
330
22D03
330
22D05
330
22D0A
330
22D0B
330
22D0C
330
22D0E
330
22D0F
330
22D10
330
22D13
330
22D16
330
22D23
330
22D28
330
22D2F
330
22D30
330
22D3B
330
22D3C
330
22D47
330
22D48
330
22D53
330
22D54
330
23063
330
2306E
330
23072
330
23088
330
23095
330
2309D
330
230A9
330
230B3
330
230BC
330
230CC
330
230D1
330
230D9
330
230DE
330
230DF
330
230E4
330
23152
330
23190
330
23191
330
23199
330
2319F
330
231A0
330
231A4
330
231AA
330
231AD
330
231AE
330
231B3
330
231B4
330
231B9
330
231BA
330
231C1
330
231C6
330
231D6
330
232E1
330
232E3
330
232E8
330
232E9
330
232EA
330
232EC
330
232ED
330
232EE
330
232F1
330
232F4
330
23301
330
23306
330
2330D
330
2330E
330
23319
330
2331A
330
23325
330
23326
330
23331
330
23332
330
232D2
330
233B2
330
233B9
330
233BC
330
233C1
330
233C8
330
248B6
330
46D14
330
46D9F
330
483EE
330
483EF
330
485CE
330
485CF
330
487C3
330
616E9
330
616EA
330
616F4
330
616F5
330
616FF
330
61700
330
61709
330
6170A
330
61713
330
61714
330
6171D
330
6171E
330
61727
330
61728
330
61731
330
61732
330
6173B
330
6173C
330
61747
330
61748
330
61753
330
61754
330
6175D
330
6175E
330
61767
330
61768
330
61771
330
61772
330
6177D
330
6177E
330
61787
330
61788
330
61791
330
61792
330
6179B
330
6179C
330
617A7
330
617A8
330
617B1
330
617B2
330
617BB
330
617BC
330
617C5
330
617C6
330
617D0
330
617D1
330
617DC
330
617DD
330
617E7
330
617E8
330
617F3
330
617F4
330
62BFB
330
62BFC
330
62C0F
330
62C10
330
63633
330
63634
330
63635
330
63636
330
641F3
330
641F4
330
7D7B5
330
7D7AD
330
748B5
330
7C9E2
330
7C9E3
330
7C9EC
330
7C9ED
330
7CA0C
330
7CA0D
330
7CA0E
330
7CA0F
330
7CA10
330
7CA11
330
7CFB7
330
7F53F
330
7FF6B
330
7FF6C
330
89115
330
89116
330
8913D
330
8913E
330
89151
330
89152
330
89167
330
89168
330
8917B
330
8917C
330
891A2
330
891A3
330
A7479
330
A747A
330
A7480
330
A7481
330
A7487
330
A7488
330
A748E
330
A748F
330
A7495
330
A7496
330
A749C
330
A749D
330
A74A3
330
A74A4
330
A74AA
330
A74AB
330
A74B1
330
A74B2
330
A74B8
330
A74B9
330
A74BF
330
A74C0
330
A74C6
330
A74C7
330
A74CD
330
A74CE
330
A74D4
330
A74D5
330
A74DB
330
A74DC
330
A74E2
330
A74E3
330
A74E9
330
A74EA
330
A74F0
330
A74F1
330
A74F7
330
A74F8
330
A74FE
330
A74FF
330
A7505
330
A7506
330
A750C
330
A750D
330
A7513
330
A7514
330
A751A
330
A751B
330
A7521
330
A7522
330
A7552
330
A7553
330
A7563
330
A7564
330
A752B
330
A752C
330
A7535
330
A7536
330
A753F
330
A7540
330
A7549
330
A754A
330
A755C
330
A755D
330
A75AE
330
A75AF
330
A75B6
330
A75B7
330
A75BE
330
A75BF
330
A75C0
330
A75C1
330
A75C2
330
A75C6
330
A75C8
330
A75CD
330
A75CF
330
A75D0
330
A75D1
330
A75D2
330
A75F4
330
A75FD
330
A7606
330
A760E
330
A760F
330
A7612
330
A761C
330
A7639
330
A763A
330
A763F
330
A7642
330
A7653
330
A7656
330
A765B
330
A765C
330
A7660
330
A7668
330
A7669
330
A766C
330
ABC8F
330
ABC90
330
ABC9B
330
ABC9C
330
ABCA7
330
ABCA8
330
ABCB3
330
ABCB4
330
ABCBF
330
ABCC0
330
ABCCB
330
ABCCC
330
ABCD7
330
ABCD8
330
ABCE3
330
ABCE4
330
ABCEF
330
ABCF0
330
ABCFB
330
ABCFC
330
ABD07
330
ABD08
330
ABD13
330
ABD14
330
ABD1F
330
ABD20
330
ABD2B
330
ABD2C
330
ABD37
330
ABD38
330
ABD43
330
ABD44
330
ABD4F
330
ABD50
330
ABD5B
330
ABD5C
330
ABD67
330
ABD68
330
ABD73
330
ABD74
330
ABD7F
330
ABD80
330
ABD8B
330
ABD8C
330
ABD97
330
ABD98
330
ABDA3
330
ABDA4
330
B8021
330
BA26F
330
BBFEC
330
BBFF1
330
BC820
330
BC821
330
BC822
330
BC823
330
BD451
330
BD452
330
BD458
330
BD459
330
BD45F
330
BD460
330
BD466
330
BD467
330
BEDCD
330
FF31E
330
FF31F
330
FF325
330
FF326
330
FF32C
330
FF32D
330
FF333
330
FF334
330
FF33A
330
FF33B
330
FF341
330
FF342
330
FF348
330
FF349
330
FF34F
330
FF350
330
FF356
330
FF357
330
FF35D
330
FF35E
330
FF364
330
FF365
330
FF36B
330
FF36C
330
100B38
330
100B39
330
FF379
330
FF37A
330
FF380
330
FF381
330
FF387
330
FF388
330
FF38E
330
FF38F
330
FF395
330
FF396
330
FF39C
330
FF39D
330
FF3A3
330
FF3A4
330
FF3AA
330
FF3AB
330
FF3B1
330
FF3B2
330
FF3B8
330
FF3B9
330
FF3C1
330
FF3C2
330
FF3CA
330
FF3CB
330
FF3D3
330
FF3D4
330
FF3DC
330
FF3DD
330
FF3E3
330
FF3E4
330
FF3EA
330
FF3EB
330
FF3F1
330
FF3F2
330
FF3F8
330
FF3F9
330
FF3FF
330
FF400
330
FF406
330
FF407
330
FF40D
330
FF40E
330
FF416
330
FF417
330
FF41D
330
FF41E
330
FF424
330
FF425
330
FF42B
330
FF42C
330
FF432
330
FF433
330
FF439
330
FF43A
330
FF442
330
FF443
330
FF449
330
FF44A
330
FF450
330
FF451
330
FF459
330
FF45A
330
FF460
330
FF461
330
FF467
330
FF468
330
FF470
330
FF471
330
FF477
330
FF478
330
FF47E
330
FF47F
330
FF485
330
FF486
330
FF48C
330
FF48D
330
FF493
330
FF494
330
FF49A
330
FF49B
330
FF4A1
330
FF4A2
330
FF4AA
330
FF4AB
330
FF4B1
330
FF4B2
330
FF4B8
330
FF4B9
330
FF4BF
330
FF4C0
330
100B3F
330
100B40
330
FF4CD
330
FF4CE
330
FF4D4
330
FF4D5
330
FF4DB
330
FF4DC
330
FF4E2
330
FF4E3
330
FF4E9
330
FF4EA
330
FF4F2
330
FF4F3
330
FF4F9
330
FF4FA
330
FF500
330
FF501
330
FF507
330
FF508
330
FF50E
330
FF50F
330
FF515
330
FF516
330
FF51C
330
FF51D
330
FF523
330
FF524
330
FF52A
330
FF52B
330
FF531
330
FF532
330
FF538
330
FF539
330
FF53F
330
FF540
330
FF546
330
FF547
330
FF54D
330
FF54E
330
FF554
330
FF555
330
FF55B
330
FF55C
330
FF562
330
FF563
330
FF56B
330
FF56C
330
FF5C8
330
FF5C9
330
FF5A5
330
FF5A6
330
FF5AC
330
FF5AD
330
FF5B3
330
FF5B4
330
FF5BA
330
FF5BB
330
FF5C1
330
FF5C2
330
100B46
330
100B47
330
FF5CF
330
FF5D0
330
FF5D6
330
FF5D7
330
FF5DD
330
FF5DE
330
FF5E4
330
FF5E5
330
FF5EB
330
FF5EC
330
FF5F2
330
FF5F3
330
FF5F9
330
FF5FA
330
FF600
330
FF601
330
FF595
330
FF596
330
FF59E
330
FF59F
330
FF579
330
FF57A
330
FF580
330
FF581
330
FF587
330
FF588
330
FF58E
330
FF58F
330
FF607
330
FF608
330
FF60E
330
FF60F
330
FF615
330
FF616
330
FF61C
330
FF61D
330
FF631
330
FF632
330
FF623
330
FF624
330
FF62A
330
FF62B
330
FF638
330
FF639
330
FF63F
330
FF640
330
FF646
330
FF647
330
FF64D
330
FF64E
330
FF654
330
FF655
330
FF65B
330
FF65C
330
FF662
330
FF663
330
FF669
330
FF66A
330
FF670
330
FF671
330
FF677
330
FF678
330
FF67E
330
FF67F
330
FF687
330
FF688
330
FF68E
330
FF68F
330
FF695
330
FF696
330
FF69C
330
FF69D
330
FF6A3
330
FF6A4
330
FF6AA
330
FF6AB
330
FF6B1
330
FF6B2
330
FF6B8
330
FF6B9
330
FF6BF
330
FF6C0
330
FF6C6
330
FF6C7
330
FF6CD
330
FF6CE
330
FF6D4
330
FF6D5
330
FF6DB
330
FF6DC
330
FF6E2
330
FF6E3
330
FF6E9
330
FF6EA
330
FF6F0
330
FF6F1
330
FF6F7
330
FF6F8
330
FF6FE
330
FF6FF
330
FF705
330
FF706
330
FF70C
330
FF70D
330
FF713
330
FF714
330
FF71A
330
FF71B
330
FF721
330
FF722
330
FF72A
330
FF72B
330
FF733
330
FF734
330
FF73A
330
FF73B
330
FF743
330
FF744
330
FF74A
330
FF74B
330
FF751
330
FF752
330
FF758
330
FF759
330
FF75F
330
FF760
330
FF766
330
FF767
330
FF76D
330
FF76E
330
FF776
330
FF777
330
FF77F
330
FF780
330
FF786
330
FF787
330
FF78F
330
FF790
330
FF796
330
FF797
330
FF79F
330
FF7A0
330
FF7A6
330
FF7A7
330
FF7AD
330
FF7AE
330
FF7B4
330
FF7B5
330
FF7BB
330
FF7BC
330
FF7C2
330
FF7C3
330
FF7C9
330
FF7CA
330
FF7D0
330
FF7D1
330
FF7D7
330
FF7D8
330
FF7DE
330
FF7DF
330
FF7E5
330
FF7E6
330
FF7EE
330
FF7EF
330
FF7F5
330
FF7F6
330
FF7FC
330
FF7FD
330
FF803
330
FF804
330
FF80A
330
FF80B
330
FF811
330
FF812
330
FF818
330
FF819
330
FF81F
330
FF820
330
FF828
330
FF829
330
FF82F
330
FF830
330
FF836
330
FF837
330
FF83D
330
FF83E
330
FF844
330
FF845
330
FF84B
330
FF84C
330
FF852
330
FF853
330
FF859
330
FF85A
330
FF860
330
FF861
330
FF869
330
FF86A
330
FF870
330
FF871
330
FF877
330
FF878
330
FF87E
330
FF87F
330
FF885
330
FF886
330
FF88C
330
FF88D
330
FF893
330
FF894
330
FF89A
330
FF89B
330
FF8A1
330
FF8A2
330
FF8A8
330
FF8A9
330
FF8AF
330
FF8B0
330
FF8B6
330
FF8B7
330
FF8BD
330
FF8BE
330
FF8E0
330
FF8E1
330
FF8CB
330
FF8CC
330
FF8D2
330
FF8D3
330
FF8D9
330
FF8DA
330
FF8E7
330
FF8E8
330
FF8C4
330
FF8C5
330
FF8F0
330
FF8F1
330
FF8F7
330
FF8F8
330
FF8FE
330
FF8FF
330
FF907
330
FF908
330
FF910
330
FF911
330
FF917
330
FF918
330
FF91E
330
FF91F
330
FF925
330
FF926
330
FF92C
330
FF92D
330
FF933
330
FF934
330
FF93A
330
FF93B
330
FF941
330
FF942
330
FF948
330
FF949
330
FF94F
330
FF950
330
FF956
330
FF957
330
FF95D
330
FF95E
330
FF964
330
FF965
330
FF96B
330
FF96C
330
100B4D
330
100B4E
330
FF979
330
FF97A
330
FF980
330
FF981
330
FF987
330
FF988
330
FF98E
330
FF98F
330
FF995
330
FF996
330
FF99C
330
FF99D
330
FF9A3
330
FF9A4
330
FF9AA
330
FF9AB
330
FF9B1
330
FF9B2
330
FF9B8
330
FF9B9
330
FF9BF
330
FF9C0
330
FF9C6
330
FF9C7
330
FF9CD
330
FF9CE
330
FF9D4
330
FF9D5
330
FF9DB
330
FF9DC
330
FF9E2
330
FF9E3
330
FF9E9
330
FF9EA
330
FF9F0
330
FF9F1
330
FF9F7
330
FF9F8
330
FF9FE
330
FF9FF
330
FFA07
330
FFA08
330
FFA0E
330
FFA0F
330
FFA15
330
FFA16
330
FFA1C
330
FFA1D
330
FFA23
330
FFA24
330
FFA2A
330
FFA2B
330
FFA31
330
FFA32
330
FFA38
330
FFA39
330
FFA41
330
FFA42
330
FFA4A
330
FFA4B
330
FFA51
330
FFA52
330
FFA58
330
FFA59
330
FFA5F
330
FFA60
330
FFA66
330
FFA67
330
FFA6D
330
FFA6E
330
FFA76
330
FFA77
330
FFA7D
330
FFA7E
330
FFA86
330
FFA87
330
FFA8D
330
FFA8E
330
FFA94
330
FFA95
330
FFA9B
330
FFA9C
330
FFAA4
330
FFAA5
330
FFAAB
330
FFAAC
330
FFAB2
330
FFAB3
330
FFAB9
330
FFABA
330
C7835
330
C783B
330
FFAC0
330
FFAC1
330
FFAC7
330
FFAC8
330
FFACE
330
FFACF
330
FFAD5
330
FFAD6
330
FFADC
330
FFADD
330
FFAE3
330
FFAE4
330
FFAEA
330
FFAEB
330
FFAF3
330
FFAF4
330
FFAFA
330
FFAFB
330
FFB01
330
FFB02
330
FFB08
330
FFB09
330
FFB0F
330
FFB10
330
FFB16
330
FFB17
330
FFB1F
330
FFB20
330
FFB28
330
FFB29
330
FFB2F
330
FFB30
330
FFB36
330
FFB37
330
FFB3F
330
FFB40
330
FFB46
330
FFB47
330
FFB4D
330
FFB4E
330
FFB54
330
FFB55
330
FFB5D
330
FFB5E
330
FFB64
330
FFB65
330
FFB6B
330
FFB6C
330
FFB72
330
FFB73
330
FFB79
330
FFB7A
330
FFB82
330
FFB83
330
FFB8B
330
FFB8C
330
FFB94
330
FFB95
330
FFB9B
330
FFB9C
330
FFBA2
330
FFBA3
330
FFBAB
330
FFBAC
330
FFBB4
330
FFBB5
330
FFBBB
330
FFBBC
330
FFBC2
330
FFBC3
330
FFBC9
330
FFBCA
330
FFBEE
330
FFBEF
330
FFBF5
330
FFBF6
330
FFBFC
330
FFBFD
330
FFC05
330
FFC06
330
FFC0C
330
FFC0D
330
FFBD0
330
FFBD1
330
FFBD7
330
FFBD8
330
FFBDE
330
FFBDF
330
FFBE5
330
FFBE6
330
FFC13
330
FFC14
330
FFC1A
330
FFC1B
330
FFC21
330
FFC22
330
FFC28
330
FFC29
330
FFC31
330
FFC32
330
FFC38
330
FFC39
330
FFC41
330
FFC42
330
FFC48
330
FFC49
330
FFC4F
330
FFC50
330
FFC56
330
FFC57
330
FFC5D
330
FFC5E
330
C78DE
330
C78E3
330
FFC64
330
FFC65
330
FFC6B
330
FFC6C
330
FFC72
330
FFC73
330
FFC7B
330
FFC7C
330
FFC82
330
FFC83
330
FFC8B
330
FFC8C
330
FFC94
330
FFC95
330
C890B
330
C890C
330
C890D
330
C890E
330
C8912
330
C8913
330
C8914
330
C8915
330
C8919
330
C891A
330
C891B
330
C891C
330
C8D8A
330
C8D8B
330
C8D8C
330
C8D8D
330
C8D8E
330
C8D8F
330
C8D90
330
C8D91
330
C8D92
330
C8D93
330
FECF2
330
FECF3
330
FECF9
330
FECFA
330
FED00
330
FED01
330
FED07
330
FED08
330
FED0E
330
FED0F
330
FED15
330
FED16
330
FED1C
330
FED1D
330
FED23
330
FED24
330
FED2A
330
FED2B
330
FED31
330
FED32
330
FED38
330
FED39
330
FED3F
330
FED40
330
FED46
330
FED47
330
FED4D
330
FED4E
330
FED54
330
FED55
330
FED5B
330
FED5C
330
FED62
330
FED63
330
FF309
330
FF30A
330
FED70
330
FED71
330
FED77
330
FED78
330
FED7E
330
FED7F
330
FED85
330
FED86
330
FED8C
330
FED8D
330
FED93
330
FED94
330
FED9A
330
FED9B
330
FEDA1
330
FEDA2
330
FEDA8
330
FEDA9
330
FEDAF
330
FEDB0
330
FEDB6
330
FEDB7
330
FEDBD
330
FEDBE
330
FEDC4
330
FEDC5
330
FEDCB
330
FEDCC
330
FEDD2
330
FEDD3
330
FEDD9
330
FEDDA
330
FEDE0
330
FEDE1
330
FEDE7
330
FEDE8
330
FEDEE
330
FEDEF
330
FEDF5
330
FEDF6
330
FEDFC
330
FEDFD
330
FEE03
330
FEE04
330
FEE0A
330
FEE0B
330
FEE11
330
FEE12
330
FEE1A
330
FEE1B
330
FEE21
330
FEE22
330
FEE2A
330
FEE2B
330
FEE31
330
FEE32
330
FEE38
330
FEE39
330
FEE3F
330
FEE40
330
FEE46
330
FEE47
330
FEE4D
330
FEE4E
330
FEE54
330
FEE55
330
FEE5B
330
FEE5C
330
FEE62
330
FEE63
330
FEE69
330
FEE6A
330
FEE70
330
FEE71
330
FEE77
330
FEE78
330
FEE7E
330
FEE7F
330
DEC70
330
DEC71
330
DEC77
330
DEC78
330
DEC7E
330
DEC7F
330
DEC85
330
DEC86
330
DEC8C
330
DEC8D
330
DEC93
330
DEC94
330
DEC9A
330
DEC9B
330
DECA1
330
DECA2
330
DECAA
330
DECAB
330
FEE93
330
FEE94
330
FEEE7
330
FEEE8
330
FEEEE
330
FEEEF
330
FEEF5
330
FEEF6
330
FEEFC
330
FEEFD
330
FEF03
330
FEF04
330
FEF0A
330
FEF0B
330
FEE85
330
FEE86
330
FEE8C
330
FEE8D
330
FEE9A
330
FEE9B
330
FEF13
330
FEF14
330
FF310
330
FF311
330
FEF23
330
FEF24
330
FEF2A
330
FEF2B
330
FEF31
330
FEF32
330
FEF38
330
FEF39
330
FEF3F
330
FEF40
330
FEF46
330
FEF47
330
FEF4D
330
FEF4E
330
FEF54
330
FEF55
330
FEF5B
330
FEF5C
330
FEF62
330
FEF63
330
FEF69
330
FEF6A
330
FEF70
330
FEF71
330
FEF77
330
FEF78
330
FEEC4
330
FEEC5
330
FEECB
330
FEECC
330
FEED2
330
FEED3
330
FEED9
330
FEEDA
330
FEEE0
330
FEEE1
330
FEEA1
330
FEEA2
330
FEEA8
330
FEEA9
330
FEEAF
330
FEEB0
330
FEEB6
330
FEEB7
330
FEEBD
330
FEEBE
330
DBD4F
330
DBD50
330
DBD66
330
DBD67
330
DBD6F
330
DBD70
330
DBD78
330
DBD79
330
DBD81
330
DBD82
330
DBD88
330
DBD89
330
DBD2C
330
DBD2D
330
DBD33
330
DBD34
330
DBD3A
330
DBD3B
330
DBD41
330
DBD42
330
DBD48
330
DBD49
330
DBD56
330
DBD57
330
DBD5D
330
DBD5E
330
DBD8F
330
DBD90
330
DBD96
330
DBD97
330
DBD9D
330
DBD9E
330
DBDA4
330
DBDA5
330
DBDAB
330
DBDAC
330
DBDB2
330
DBDB3
330
DC0BC
330
DC0BD
330
DBDC0
330
DBDC1
330
DBDC7
330
DBDC8
330
DBDCE
330
DBDCF
330
DBDD5
330
DBDD6
330
DBDDE
330
DBDDF
330
DBDE5
330
DBDE6
330
DBDEC
330
DBDED
330
DBDF3
330
DBDF4
330
DBDFA
330
DBDFB
330
DBE01
330
DBE02
330
DBE08
330
DBE09
330
DBE0F
330
DBE10
330
DBE18
330
DBE19
330
DBE1F
330
DBE20
330
DBE26
330
DBE27
330
DBE2D
330
DBE2E
330
DBE34
330
DBE35
330
DBE3B
330
DBE3C
330
DBE42
330
DBE43
330
DBE49
330
DBE4A
330
DBE50
330
DBE51
330
DBE59
330
DBE5A
330
DBE60
330
DBE61
330
DBE67
330
DBE68
330
DBE6E
330
DBE6F
330
DBE75
330
DBE76
330
DBE7C
330
DBE7D
330
DBE83
330
DBE84
330
DBE8A
330
DBE8B
330
DBE91
330
DBE92
330
DBE98
330
DBE99
330
DBE9F
330
DBEA0
330
DBEA6
330
DBEA7
330
DBEAF
330
DBEB0
330
DBEB6
330
DBEB7
330
DBEBD
330
DBEBE
330
DC0B5
330
DC0B6
330
DBECB
330
DBECC
330
DBED2
330
DBED3
330
CCB3E
330
CDACF
330
CDAD3
330
CDAE4
330
CDB70
330
CDB71
330
CDBC8
330
CDBC9
330
CDBCA
330
CDBCC
330
CDAF9
330
CDAFC
330
CDB12
330
CDB15
330
CDB20
330
CDB21
330
CDB23
330
CDB6F
330
CDC67
330
CDC68
330
CDC6F
330
CDCC6
330
CDCC7
330
CDCD0
330
CDCD1
330
CDCDA
330
CDCDB
330
CDCE4
330
CDCE5
330
CDCEE
330
CDCEF
330
CDCF8
330
CDCF9
330
CDD02
330
CDD03
330
CDD0C
330
CDD0D
330
CDD16
330
CDD17
330
CDD20
330
CDD21
330
CDD2A
330
CDD2B
330
CDD34
330
CDD35
330
CDD3E
330
CDD3F
330
CDD48
330
CDD49
330
CDD52
330
CDD53
330
DBF50
330
DBF51
330
DBF57
330
DBF58
330
DBF5E
330
DBF5F
330
DBF65
330
DBF66
330
DBF6C
330
DBF6D
330
DBF73
330
DBF74
330
DBF7A
330
DBF7B
330
DBF81
330
DBF82
330
DBF88
330
DBF89
330
DBF8F
330
DBF90
330
DBF96
330
DBF97
330
DBF9D
330
DBF9E
330
DBFA4
330
DBFA5
330
DBFAB
330
DBFAC
330
DBFB2
330
DBFB3
330
DBFB9
330
DBFBA
330
DBFC0
330
DBFC1
330
DBFC7
330
DBFC8
330
DBFCE
330
DBFCF
330
DBFD5
330
DBFD6
330
DBFDC
330
DBFDD
330
DBFE3
330
DBFE4
330
DBFEA
330
DBFEB
330
DBFF1
330
DBFF2
330
DBFF8
330
DBFF9
330
DBFFF
330
DC000
330
DC006
330
DC007
330
DC00D
330
DC00E
330
DC014
330
DC015
330
DC01B
330
DC01C
330
FEFAC
330
FEFAD
330
FEFB3
330
FEFB4
330
FEF7E
330
FEF7F
330
FEF85
330
FEF86
330
FEF8C
330
FEF8D
330
FEF95
330
FEF96
330
FF317
330
FF318
330
FEFA5
330
FEFA6
330
FEFBA
330
FEFBB
330
FEFC1
330
FEFC2
330
FEFC8
330
FEFC9
330
FEFCF
330
FEFD0
330
FEFD6
330
FEFD7
330
FEFEB
330
FEFEC
330
FEFDD
330
FEFDE
330
FEFE4
330
FEFE5
330
FEFF2
330
FEFF3
330
FEFF9
330
FEFFA
330
FF000
330
FF001
330
FF007
330
FF008
330
FF00E
330
FF00F
330
FF015
330
FF016
330
FF01C
330
FF01D
330
FF023
330
FF024
330
FF02A
330
FF02B
330
DD62D
330
DD62E
330
DD634
330
DD635
330
DD65E
330
DD66A
330
DD67D
330
DD685
330
DD68A
330
DD68B
330
DD690
330
DD691
330
FF031
330
FF032
330
FF038
330
FF039
330
FF03F
330
FF040
330
FF046
330
FF047
330
FF04D
330
FF04E
330
FF054
330
FF055
330
FF05B
330
FF05C
330
FF062
330
FF063
330
FF07E
330
FF07F
330
FF069
330
FF06A
330
FF070
330
FF071
330
FF077
330
FF078
330
FF085
330
FF086
330
FF0A1
330
FF0A2
330
FF08C
330
FF08D
330
FF093
330
FF094
330
FF09A
330
FF09B
330
FF0A8
330
FF0A9
330
FF0AF
330
FF0B0
330
FF0B6
330
FF0B7
330
FF0D2
330
FF0D3
330
FF0BD
330
FF0BE
330
FF0C4
330
FF0C5
330
FF0CB
330
FF0CC
330
FF0D9
330
FF0DA
330
FF0E0
330
FF0E1
330
FF0E8
330
FF0E7
330
FF0EE
330
FF0EF
330
FF0F5
330
FF0F6
330
FF0FE
330
FF0FF
330
FF105
330
FF106
330
FF10C
330
FF10D
330
DDC69
330
DDC6A
330
DDC70
330
DDC71
330
DE77A
330
DE77B
330
DE781
330
DE782
330
DE788
330
DE789
330
DE78F
330
DE790
330
DE796
330
DE797
330
DE79D
330
DE79E
330
DE7A4
330
DE7A5
330
DE7AB
330
DE7AC
330
DE7B2
330
DE7B3
330
DE7B9
330
DE7BA
330
DE7C0
330
DE7C1
330
DE7C7
330
DE7C8
330
DE7CE
330
DE7CF
330
DE7D5
330
DE7D6
330
DE7DC
330
DE7DD
330
DE7E6
330
DE7E7
330
DE7F0
330
DE7F1
330
FF113
330
FF114
330
FF11A
330
FF11B
330
FF121
330
FF122
330
FF128
330
FF129
330
FF12F
330
FF130
330
FF136
330
FF137
330
FF13D
330
FF13E
330
FF144
330
FF145
330
FF14B
330
FF14C
330
FF154
330
FF155
330
FF15B
330
FF15C
330
FF164
330
FF165
330
FF16D
330
FF16E
330
FF174
330
FF175
330
FF17B
330
FF17C
330
FF189
330
FF18A
330
FF182
330
FF183
330
FF190
330
FF191
330
FF199
330
FF19A
330
FF1A0
330
FF1A1
330
FF1A7
330
FF1A8
330
FF1B0
330
FF1B1
330
FF1B7
330
FF1B8
330
100B62
330
100B63
330
100B69
330
100B6A
330
100B70
330
100B71
330
100B77
330
100B78
330
100B7E
330
100B7F
330
100B85
330
100B86
330
100B8C
330
100B8D
330
100B93
330
100B94
330
100B9A
330
100B9B
330
100BA1
330
100BA2
330
100BA8
330
100BA9
330
100BAF
330
100BB0
330
100BB6
330
100BB7
330
100BBD
330
100BBE
330
100BC4
330
100BC5
330
100BCB
330
100BCC
330
100BD2
330
100BD3
330
100BD9
330
100BDA
330
100BE0
330
100BE1
330
100BE7
330
100BE8
330
100BEE
330
100BEF
330
FBB37
330
FBB38
330
100BF5
330
100BF6
330
100BFC
330
100BFD
330
100C03
330
100C04
330
100C0A
330
100C0B
330
100C11
330
100C12
330
FB15A
330
FB15B
330
100C18
330
100C19
330
FBB3E
330
FBB3F
330
100C1F
330
100C20
330
100C26
330
100C27
330
100C2D
330
100C2E
330
100C34
330
100C35
330
100C3B
330
100C3C
330
100C42
330
100C43
330
100C49
330
100C4A
330
100C50
330
100C51
330
100C57
330
100C58
330
100C5E
330
100C5F
330
100C65
330
100C66
330
100C6C
330
100C6D
330
100C73
330
100C74
330
100C7A
330
100C7B
330
100C81
330
100C82
330
100C88
330
100C89
330
100C90
330
100C8F
330
100C96
330
100C97
330
100C9D
330
100C9E
330
DFF9E
330
DFF9F
330
DFFB9
330
DFFBA
330
DFF13
330
DFF14
330
DFF1D
330
DFF1E
330
DFF29
330
DFF2A
330
DFF33
330
DFF34
330
DFF3D
330
DFF3E
330
DFF47
330
DFF48
330
DFF51
330
DFF52
330
DFF5B
330
DFF5C
330
DFF65
330
DFF66
330
DFF6F
330
DFF70
330
DFF79
330
DFF7A
330
DFF83
330
DFF84
330
DFF8D
330
DFF8E
330
DFF97
330
DFF98
330
DFFA8
330
DFFA9
330
DFFB2
330
DFFB3
330
DFFC3
330
DFFC4
330
DFFCD
330
DFFCE
330
DFFD7
330
DFFD8
330
DFFE1
330
DFFE2
330
DFFEB
330
DFFEC
330
DFFF5
330
DFFF6
330
DFFFF
330
E0000
330
E0009
330
E000A
330
E0013
330
E0014
330
E001D
330
E001E
330
E0027
330
E0028
330
FF1BE
330
FF1BF
330
FF1C5
330
FF1C6
330
FF1E8
330
FF1E9
330
FF1EF
330
FF1F0
330
E02F4
330
E02F5
330
FF1F6
330
FF1F7
330
FF1CC
330
FF1CD
330
FF1D3
330
FF1D4
330
FF1DA
330
FF1DB
330
FF1E1
330
FF1E2
330
FF20B
330
FF20C
330
FF212
330
FF213
330
FF219
330
FF21A
330
FF220
330
FF221
330
FF227
330
FF228
330
FF22E
330
FF22F
330
E02A3
330
E02A4
330
FF235
330
FF236
330
FF23C
330
FF23D
330
FF243
330
FF244
330
E02D9
330
E02DA
330
E02E3
330
E02E4
330
E02ED
330
E02EE
330
E0305
330
E0306
330
FF1FD
330
FF1FE
330
E0319
330
E031A
330
FF204
330
FF205
330
E032D
330
E032E
330
FF292
330
FF293
330
FF2A7
330
FF2A8
330
FF261
330
FF262
330
E05E6
330
E05E7
330
E05F2
330
E05F3
330
FF268
330
FF269
330
FF26F
330
FF270
330
FF24A
330
FF24B
330
FF251
330
FF252
330
FF258
330
FF259
330
FF2DF
330
FF2E0
330
FF2E6
330
FF2E7
330
FF276
330
FF277
330
FF27D
330
FF27E
330
FF284
330
FF285
330
FF28B
330
FF28C
330
FF299
330
FF29A
330
FF2A0
330
FF2A1
330
FF2AE
330
FF2AF
330
FF2B5
330
FF2B6
330
FF2BC
330
FF2BD
330
FF2C3
330
FF2C4
330
FF2CA
330
FF2CB
330
FF2D1
330
FF2D2
330
FF2D8
330
FF2D9
330
FF2ED
330
FF2EE
330
FF2F4
330
FF2F5
330
FF2FB
330
FF2FC
330
FF302
330
FF303
330
E07F9
330
E07FA
330
E0803
330
E0804
330
E080D
330
E080E
330
E0817
330
E0818
330
E0821
330
E0822
330
E082B
330
E082C
330
E0835
330
E0836
330
E083F
330
E0840
330
E0849
330
E084A
330
E0853
330
E0854
330
E085D
330
E085E
330
E0867
330
E0868
330
E0871
330
E0872
330
E087B
330
E087C
330
E0885
330
E0886
330
E088F
330
E0890
330
E0899
330
E089A
330
E08A3
330
E08A4
330
E08AD
330
E08AE
330
E08B7
330
E08B8
330
E08C1
330
E08C2
330
E08CB
330
E08CC
330
E08D5
330
E08D6
330
E08DF
330
E08E0
330
E08E9
330
E08EA
330
E08F3
330
E08F4
330
E08FD
330
E08FE
330
E0907
330
E0908
330
E0911
330
E0912
330
E091B
330
E091C
330
E0925
330
E0926
330
E092F
330
E0930
330
E0939
330
E093A
330
E0943
330
E0944
330
E094D
330
E094E
330
E0957
330
E0958
330
E0961
330
E0962
330
E096B
330
E096C
330
E0975
330
E0976
330
E097F
330
E0980
330
E0989
330
E098A
330
E0993
330
E0994
330
E099D
330
E099E
330
E09A7
330
E09A8
330
E09B1
330
E09B2
330
E09BD
330
E09BE
330
E09C7
330
E09C8
330
E09D1
330
E09D2
330
E09DB
330
E09DC
330
E09E5
330
E09E6
330
E09EF
330
E09F0
330
E09F9
330
E09FA
330
E0A05
330
E0A06
330
E0A0F
330
E0A10
330
E0A19
330
E0A1A
330
E0A23
330
E0A24
330
E0A2D
330
E0A2E
330
E0A37
330
E0A38
330
E0A43
330
E0A44
330
E0A4D
330
E0A4E
330
E0A57
330
E0A58
330
E0A61
330
E0A62
330
E0A6B
330
E0A6C
330
E0A75
330
E0A76
330
E0A7F
330
E0A80
330
E0A89
330
E0A8A
330
E0A93
330
E0A94
330
E0A9D
330
E0A9E
330
E0AA7
330
E0AA8
330
E0AB1
330
E0AB2
330
E0ABB
330
E0ABC
330
E0AC5
330
E0AC6
330
E0AD0
330
E0ACF
330
E0AD9
330
E0ADA
330
E0AE3
330
E0AE4
330
E0AED
330
E0AEE
330
E0AF7
330
E0AF8
330
E0B01
330
E0B02
330
E0B0B
330
E0B0C
330
E0B15
330
E0B16
330
E0B21
330
E0B22
330
E0B2D
330
E0B2E
330
E0B39
330
E0B3A
330
E0B45
330
E0B46
330
E0B51
330
E0B52
330
E0B5D
330
E0B5E
330
E0B69
330
E0B6A
330
E0B73
330
E0B74
330
E0B7D
330
E0B7E
330
E0B87
330
E0B88
330
E0B93
330
E0B94
330
E0B9F
330
E0BA0
330
E0BA9
330
E0BAA
330
E0BB3
330
E0BB4
330
E0BBD
330
E0BBE
330
E0BC7
330
E0BC8
330
E0BD3
330
E0BD4
330
E0BDD
330
E0BDE
330
E0BE9
330
E0BEA
330
E0BF5
330
E0BF6
330
E0C01
330
E0C02
330
E0C0B
330
E0C0C
330
E0C17
330
E0C18
330
E0C23
330
E0C24
330
E0C2F
330
E0C30
330
E0C3B
330
E0C3C
330
E0C45
330
E0C46
330
E0C51
330
E0C52
330
E0C5D
330
E0C5E
330
E0C69
330
E0C6A
330
E0C75
330
E0C76
330
E0C81
330
E0C82
330
E0C8B
330
E0C8C
330
E0C97
330
E0C98
330
E0CA1
330
E0CA2
330
E0CAD
330
E0CAE
330
E0CB9
330
E0CBA
330
E0CC5
330
E0CC6
330
E0CCF
330
E0CD0
330
E0CDB
330
E0CDC
330
E0CE7
330
E0CE8
330
E0CF1
330
E0CF2
330
E0CFB
330
E0CFC
330
E0D05
330
E0D06
330
E0D0F
330
E0D10
330
E0D19
330
E0D1A
330
E0D25
330
E0D26
330
E0D31
330
E0D32
330
E0D3D
330
E0D3E
330
E0D47
330
E0D48
330
E0D51
330
E0D52
330
E0D5B
330
E0D5C
330
E0D65
330
E0D66
330
E0D6F
330
E0D70
330
E0D79
330
E0D7A
330
E0D83
330
E0D84
330
E0D8D
330
E0D8E
330
E0D97
330
E0D98
330
E0DA1
330
E0DA2
330
E0DAB
330
E0DAC
330
E0DB5
330
E0DB6
330
E0DBF
330
E0DC0
330
E0DC9
330
E0DCA
330
E0DD3
330
E0DD4
330
E0DDD
330
E0DDE
330
E0DE7
330
E0DE8
330
E0DF1
330
E0DF2
330
E0DFB
330
E0DFC
330
E0E05
330
E0E06
330
E0E0F
330
E0E10
330
E0E19
330
E0E1A
330
E0E23
330
E0E24
330
E0E2D
330
E0E2E
330
E0E37
330
E0E38
330
E0E43
330
E0E44
330
E0E4F
330
E0E50
330
E0E59
330
E0E5A
330
E0E63
330
E0E64
330
E0E6D
330
E0E6E
330
E0E77
330
E0E78
330
E0E81
330
E0E82
330
E0E8B
330
E0E8C
330
E0E95
330
E0E96
330
E0E9F
330
E0EA0
330
E0EA9
330
E0EAA
330
E0EB3
330
E0EB4
330
E0EBD
330
E0EBE
330
E0EC7
330
E0EC8
330
E0ED1
330
E0ED2
330
E0EDB
330
E0EDC
330
E0EE5
330
E0EE6
330
E0EEF
330
E0EF0
330
E0EF9
330
E0EFA
330
E0F03
330
E0F04
330
E0F0D
330
E0F0E
330
E0F19
330
E0F1A
330
E0F25
330
E0F26
330
E0F31
330
E0F32
330
E0F3B
330
E0F3C
330
E0F47
330
E0F48
330
E0F51
330
E0F52
330
E0F5D
330
E0F5E
330
E0F69
330
E0F6A
330
E0F75
330
E0F76
330
E0F81
330
E0F82
330
E0F8B
330
E0F8C
330
E0F97
330
E0F98
330
E0FA3
330
E0FA4
330
E0FAD
330
E0FAE
330
E0FB9
330
E0FBA
330
E0FC3
330
E0FC4
330
E0FCF
330
E0FD0
330
E0FDB
330
E0FDC
330
E0FE7
330
E0FE8
330
E0FF1
330
E0FF2
330
E0FFD
330
E0FFE
330
E1009
330
E100A
330
E1013
330
E1014
330
E101D
330
E101E
330
E1027
330
E1028
330
E1031
330
E1032
330
E103B
330
E103C
330
E1045
330
E1046
330
E104F
330
E1050
330
E1059
330
E105A
330
E1063
330
E1064
330
E106D
330
E106E
330
E1077
330
E1078
330
E1083
330
E1084
330
E108F
330
E1090
330
E1099
330
E109A
330
E10A3
330
E10A4
330
E10AD
330
E10AE
330
E10B7
330
E10B8
330
E10C3
330
E10C4
330
E10CD
330
E10CE
330
E10D9
330
E10DA
330
E10E5
330
E10E6
330
E10EF
330
E10F0
330
E10F9
330
E10FA
330
E1103
330
E1104
330
E110D
330
E110E
330
E1117
330
E1118
330
E1121
330
E1122
330
E112B
330
E112C
330
E1135
330
E1136
330
E113F
330
E1140
330
E1149
330
E114A
330
E1153
330
E1154
330
E115D
330
E115E
330
E1167
330
E1168
330
E1171
330
E1172
330
E117B
330
E117C
330
E1185
330
E1186
330
E118F
330
E1190
330
E1199
330
E119A
330
E11A3
330
E11A4
330
E11AD
330
E11AE
330
E11B7
330
E11B8
330
E11C1
330
E11C2
330
E11CB
330
E11CC
330
E11D5
330
E11D6
330
E11DF
330
E11E0
330
E11E9
330
E11EA
330
E11F3
330
E11F4
330
E11FD
330
E11FE
330
E1207
330
E1208
330
E1211
330
E1212
330
E121B
330
E121C
330
E1225
330
E1226
330
E122F
330
E1230
330
E1239
330
E123A
330
E1243
330
E1244
330
E124D
330
E124E
330
E1257
330
E1258
330
E1261
330
E1262
330
E126B
330
E126C
330
E1275
330
E1276
330
E127F
330
E1280
330
E128B
330
E128C
330
E1295
330
E1296
330
E129F
330
E12A0
330
E12A9
330
E12AA
330
E12B3
330
E12B4
330
E12BD
330
E12BE
330
E12C7
330
E12C8
330
E12D1
330
E12D2
330
E12DD
330
E12DE
330
E12E7
330
E12E8
330
E12F1
330
E12F2
330
E12FB
330
E12FC
330
E1307
330
E1308
330
E1311
330
E1312
330
E131D
330
E131E
330
E1327
330
E1328
330
E1331
330
E1332
330
E133B
330
E133C
330
E1347
330
E1348
330
E1351
330
E1352
330
E135B
330
E135C
330
E1365
330
E1366
330
E136F
330
E1370
330
E1379
330
E137A
330
E1383
330
E1384
330
E138D
330
E138E
330
E1397
330
E1398
330
E13A1
330
E13A2
330
E13AB
330
E13AC
330
E13B5
330
E13B6
330
E13BF
330
E13C0
330
E13C9
330
E13CA
330
E13D3
330
E13D4
330
E13DD
330
E13DE
330
E13E7
330
E13E8
330
E13F1
330
E13F2
330
E13FB
330
E13FC
330
E1405
330
E1406
330
E140F
330
E1410
330
E1419
330
E141A
330
E1423
330
E1424
330
E142D
330
E142E
330
E1437
330
E1438
330
E1441
330
E1442
330
E144B
330
E144C
330
E1455
330
E1456
330
E145F
330
E1460
330
E1469
330
E146A
330
E1473
330
E1474
330
E147D
330
E147E
330
E1631
330
E1632
330
E1637
330
E1638
330
E1639
330
E163A
330
E163F
330
E1640
330
E1641
330
E1642
330
E1647
330
E1648
330
E1688
330
E16B1
330
E16B2
330
E16BE
330
E16BF
330
E16CB
330
E16CC
330
E16D8
330
E16D9
330
E16E4
330
E16E5
330
E1B3F
330
E1B40
330
E1B49
330
E1B4A
330
E1B55
330
E1B56
330
E1B5F
330
E1B60
330
E1B69
330
E1B6A
330
E1B73
330
E1B74
330
E1B7D
330
E1B7E
330
E1B87
330
E1B88
330
E1B91
330
E1B92
330
E1B9B
330
E1B9C
330
E1BA5
330
E1BA6
330
E1BAF
330
E1BB0
330
E1BB9
330
E1BBA
330
E1BC3
330
E1BC4
330
E1BCD
330
E1BCE
330
E1BD9
330
E1BDA
330
E1BE3
330
E1BE4
330
E1BED
330
E1BEE
330
E1BF7
330
E1BF8
330
E1C01
330
E1C02
330
E1C0B
330
E1C0C
330
E1C15
330
E1C16
330
E1C1F
330
E1C20
330
E1C29
330
E1C2A
330
E1C33
330
E1C34
330
E1C3D
330
E1C3E
330
E1C47
330
E1C48
330
E1C51
330
E1C52
330
E1C5D
330
E1C5E
330
E1C69
330
E1C6A
330
E1C75
330
E1C76
330
E1C7F
330
E1C80
330
E1C89
330
E1C8A
330
E1C93
330
E1C94
330
E1C9D
330
E1C9E
330
E1CA7
330
E1CA8
330
E1CB3
330
E1CB4
330
E1CBD
330
E1CBE
330
E1CC7
330
E1CC8
330
E1CD1
330
E1CD2
330
E1CDD
330
E1CDE
330
E1CE7
330
E1CE8
330
E1CF1
330
E1CF2
330
E1CFB
330
E1CFC
330
E1D05
330
E1D06
330
E1D0F
330
E1D10
330
E1D1B
330
E1D1C
330
E1D27
330
E1D28
330
E1D31
330
E1D32
330
E1D3B
330
E1D3C
330
E1D47
330
E1D48
330
E1D51
330
E1D52
330
E1D5B
330
E1D5C
330
E1D65
330
E1D66
330
E1D6F
330
E1D70
330
E1D79
330
E1D7A
330
E1D83
330
E1D84
330
E1D8F
330
E1D90
330
E1D99
330
E1D9A
330
E1DA3
330
E1DA4
330
E1DAD
330
E1DAE
330
E1DB7
330
E1DB8
330
E1DC1
330
E1DC2
330
E1DCB
330
E1DCC
330
E1DD5
330
E1DD6
330
E1DE1
330
E1DE2
330
E1DEB
330
E1DEC
330
E1DF7
330
E1DF8
330
E1E01
330
E1E02
330
E1E0B
330
E1E0C
330
E1E15
330
E1E16
330
E1E1F
330
E1E20
330
E1E2B
330
E1E2C
330
E1E35
330
E1E36
330
E1E3F
330
E1E40
330
E1E49
330
E1E4A
330
E1E53
330
E1E54
330
E1E5D
330
E1E5E
330
E1E67
330
E1E68
330
E1E71
330
E1E72
330
E1E7B
330
E1E7C
330
E1E85
330
E1E86
330
E1E8F
330
E1E90
330
E1E9B
330
E1E9C
330
E1EA5
330
E1EA6
330
E1EAF
330
E1EB0
330
E1EB9
330
E1EBA
330
E1EC3
330
E1EC4
330
E1ECD
330
E1ECE
330
E1ED7
330
E1ED8
330
E1EE3
330
E1EE4
330
E1EED
330
E1EEE
330
E1EF7
330
E1EF8
330
E1F01
330
E1F02
330
E1F0D
330
E1F0E
330
E1F19
330
E1F1A
330
E1F23
330
E1F24
330
E1F2D
330
E1F2E
330
E1F37
330
E1F38
330
E1F41
330
E1F42
330
E1F4B
330
E1F4C
330
E1F55
330
E1F56
330
E1F61
330
E1F62
330
E1F6B
330
E1F6C
330
E1F75
330
E1F76
330
E1F7F
330
E1F80
330
E1F89
330
E1F8A
330
E1F93
330
E1F94
330
E1F9F
330
E1FA0
330
E1FA9
330
E1FAA
330
E1FB5
330
E1FB6
330
E1FBF
330
E1FC0
330
E1FCB
330
E1FCC
330
E1FD5
330
E1FD6
330
E1FDF
330
E1FE0
330
E1FE9
330
E1FEA
330
E1FF3
330
E1FF4
330
E1FFD
330
E1FFE
330
E2009
330
E200A
330
E2013
330
E2014
330
E201D
330
E201E
330
E2027
330
E2028
330
E2031
330
E2032
330
E203B
330
E203C
330
E2045
330
E2046
330
E204F
330
E2050
330
E2059
330
E205A
330
E2063
330
E2064
330
E206D
330
E206E
330
E2077
330
E2078
330
E2081
330
E2082
330
E208D
330
E208E
330
E2097
330
E2098
330
E20A1
330
E20A2
330
E20AB
330
E20AC
330
E20B5
330
E20B6
330
E20BF
330
E20C0
330
E20C9
330
E20CA
330
E20D3
330
E20D4
330
E20DD
330
E20DE
330
E20E7
330
E20E8
330
E20F1
330
E20F2
330
E20FD
330
E20FE
330
E2107
330
E2108
330
E2111
330
E2112
330
E211B
330
E211C
330
E2127
330
E2128
330
E2131
330
E2132
330
E213B
330
E213C
330
E2147
330
E2148
330
E2151
330
E2152
330
E215B
330
E215C
330
E2165
330
E2166
330
E216F
330
E2170
330
E2179
330
E217A
330
E2183
330
E2184
330
E218D
330
E218E
330
E2197
330
E2198
330
E21A1
330
E21A2
330
E21AB
330
E21AC
330
E21B7
330
E21B8
330
E21C1
330
E21C2
330
E21CB
330
E21CC
330
E21D7
330
E21D8
330
E21E1
330
E21E2
330
E21EB
330
E21EC
330
E21F7
330
E21F8
330
E2201
330
E2202
330
E220B
330
E220C
330
E2215
330
E2216
330
E221F
330
E2220
330
E2229
330
E222A
330
E2233
330
E2234
330
E223D
330
E223E
330
E2247
330
E2248
330
E2251
330
E2252
330
E225B
330
E225C
330
E2265
330
E2266
330
E226F
330
E2270
330
E2279
330
E227A
330
E2283
330
E2284
330
E228D
330
E228E
330
E2297
330
E2298
330
E22A1
330
E22A2
330
E22AB
330
E22AC
330
E22B5
330
E22B6
330
E22BF
330
E22C0
330
E22C9
330
E22CA
330
E22D3
330
E22D4
330
E22DD
330
E22DE
330
E22E7
330
E22E8
330
E22F1
330
E22F2
330
E22FB
330
E22FC
330
E2307
330
E2308
330
E2311
330
E2312
330
E231B
330
E231C
330
E2325
330
E2326
330
E232F
330
E2330
330
E2339
330
E233A
330
E2343
330
E2344
330
E234D
330
E234E
330
E2357
330
E2358
330
E2361
330
E2362
330
E236D
330
E236E
330
E2377
330
E2378
330
E2381
330
E2382
330
E238D
330
E238E
330
E2397
330
E2398
330
E23A1
330
E23A2
330
E23AB
330
E23AC
330
E23B7
330
E23B8
330
E23C1
330
E23C2
330
E23CD
330
E23CE
330
E23D9
330
E23DA
330
E23E3
330
E23E4
330
E23ED
330
E23EE
330
E23F7
330
E23F8
330
E2401
330
E2402
330
E240B
330
E240C
330
E2417
330
E2418
330
E2421
330
E2422
330
E242B
330
E242C
330
E2435
330
E2436
330
E243F
330
E2440
330
E244B
330
E244C
330
E2455
330
E2456
330
E245F
330
E2460
330
E2469
330
E246A
330
E2475
330
E2476
330
E247F
330
E2480
330
E2489
330
E248A
330
E2493
330
E2494
330
E249D
330
E249E
330
E24A7
330
E24A8
330
E24B1
330
E24B2
330
E24BB
330
E24BC
330
E24C5
330
E24C6
330
E24CF
330
E24D0
330
E24D9
330
E24DA
330
E24E3
330
E24E4
330
E24ED
330
E24EE
330
E24F7
330
E24F8
330
E2501
330
E2502
330
E250B
330
E250C
330
E2515
330
E2516
330
E251F
330
E2520
330
E2529
330
E252A
330
E2535
330
E2536
330
E253F
330
E2540
330
E2549
330
E254A
330
E2553
330
E2554
330
E255D
330
E255E
330
E2567
330
E2568
330
E2571
330
E2572
330
E257B
330
E257C
330
E2585
330
E2586
330
E258F
330
E2590
330
E2599
330
E259A
330
E25A3
330
E25A4
330
E25AD
330
E25AE
330
E25B9
330
E25BA
330
E25C3
330
E25C4
330
E25CD
330
E25CE
330
E25D7
330
E25D8
330
E25E1
330
E25E2
330
E25EB
330
E25EC
330
E25F5
330
E25F6
330
E25FF
330
E2600
330
E2609
330
E260A
330
E2613
330
E2614
330
E261D
330
E261E
330
E2627
330
E2628
330
E2631
330
E2632
330
E263B
330
E263C
330
E2645
330
E2646
330
E264F
330
E2650
330
E2659
330
E265A
330
E2663
330
E2664
330
E266D
330
E266E
330
E2677
330
E2678
330
E2681
330
E2682
330
E268B
330
E268C
330
E2695
330
E2696
330
E269F
330
E26A0
330
E26A9
330
E26AA
330
E26B3
330
E26B4
330
E26BD
330
E26BE
330
E26C7
330
E26C8
330
E26D1
330
E26D2
330
E26DD
330
E26DE
330
E26E7
330
E26E8
330
E26F3
330
E26F4
330
E26FF
330
E2700
330
E2709
330
E270A
330
E2713
330
E2714
330
E271D
330
E271E
330
E2727
330
E2728
330
E2731
330
E2732
330
E273B
330
E273C
330
E2745
330
E2746
330
E274F
330
E2750
330
E2759
330
E275A
330
E2763
330
E2764
330
E276D
330
E276E
330
E2777
330
E2778
330
E2781
330
E2782
330
E278B
330
E278C
330
E2795
330
E2796
330
E279F
330
E27A0
330
E27A9
330
E27AA
330
E27B3
330
E27B4
330
E27BD
330
E27BE
330
E27C7
330
E27C8
330
E27D1
330
E27D2
330
E27DB
330
E27DC
330
E27E5
330
E27E6
330
E27EF
330
E27F0
330
E27F9
330
E27FA
330
E2803
330
E2804
330
E280D
330
E280E
330
E2817
330
E2818
330
E2821
330
E2822
330
E282B
330
E282C
330
E2835
330
E2836
330
E283F
330
E2840
330
E2849
330
E284A
330
E2853
330
E2854
330
E285D
330
E285E
330
E2867
330
E2868
330
E2871
330
E2872
330
E287B
330
E287C
330
E2885
330
E2886
330
E288F
330
E2890
330
E2899
330
E289A
330
E28A3
330
E28A4
330
E28AD
330
E28AE
330
E28B7
330
E28B8
330
E28C1
330
E28C2
330
E28CB
330
E28CC
330
E28D5
330
E28D6
330
E28DF
330
E28E0
330
E28E9
330
E28EA
330
E28F3
330
E28F4
330
E28FD
330
E28FE
330
E2907
330
E2908
330
E2911
330
E2912
330
E291B
330
E291C
330
E2925
330
E2926
330
E292F
330
E2930
330
E2939
330
E293A
330
E2943
330
E2944
330
E294D
330
E294E
330
E2957
330
E2958
330
E2963
330
E2964
330
E296D
330
E296E
330
E2977
330
E2978
330
E2981
330
E2982
330
E298B
330
E298C
330
E2995
330
E2996
330
E299F
330
E29A0
330
E29A9
330
E29AA
330
E29B3
330
E29B4
330
E29BD
330
E29BE
330
E29C7
330
E29C8
330
E29D1
330
E29D2
330
E29DB
330
E29DC
330
E29E5
330
E29E6
330
E29EF
330
E29F0
330
E29F9
330
E29FA
330
E2A03
330
E2A04
330
E2A0F
330
E2A10
330
E2A1B
330
E2A1C
330
E2A27
330
E2A28
330
E2A33
330
E2A34
330
E2A3D
330
E2A3E
330
E2A47
330
E2A48
330
E2A51
330
E2A52
330
E2A5B
330
E2A5C
330
E2A65
330
E2A66
330
E2A6F
330
E2A70
330
E2A79
330
E2A7A
330
E2A83
330
E2A84
330
E2A8D
330
E2A8E
330
E2A97
330
E2A98
330
E2AA1
330
E2AA2
330
E2AAB
330
E2AAC
330
E2AB5
330
E2AB6
330
E2ABF
330
E2AC0
330
E2AC9
330
E2ACA
330
E2AD3
330
E2AD4
330
E2ADD
330
E2ADE
330
E2AE7
330
E2AE8
330
E2AF1
330
E2AF2
330
E2AFB
330
E2AFC
330
E2B05
330
E2B06
330
E2B0F
330
E2B10
330
E2B19
330
E2B1A
330
E2B23
330
E2B24
330
E2B2D
330
E2B2E
330
E2B37
330
E2B38
330
E2B41
330
E2B42
330
E2B4B
330
E2B4C
330
E2B55
330
E2B56
330
E2B5F
330
E2B60
330
E2B69
330
E2B6A
330
E2B73
330
E2B74
330
100CD5
330
100CD6
330
100D30
330
100D31
330
100D4C
330
100D4D
330
101434
330
101435
330
10143B
330
10143C
330
101442
330
101443
330
10144B
330
10144C
330
101470
330
101471
330
101477
330
101478
330
10147E
330
10147F
330
101488
330
101487
330
1012F0
330
1012F1
330
1012F7
330
1012F8
330
1012FE
330
1012FF
330
101305
330
101306
330
10130C
330
10130D
330
101313
330
101314
330
10131A
330
10131B
330
101321
330
101322
330
101328
330
101329
330
10132F
330
101330
330
101336
330
101337
330
10133D
330
10133E
330
101344
330
101345
330
FFCB0
330
FFCB1
330
100064
330
100065
330
100097
330
100098
330
10016E
330
10016F
330
100175
330
100176
330
1001B8
330
1001B9
330
100217
330
100218
330
10021E
330
10021F
330
10023E
330
10023F
330
100255
330
100256
330
10033A
330
10033B
330
100341
330
100342
330
100348
330
100349
330
10034F
330
100350
330
100356
330
100357
330
1003A2
330
1003A3
330
1003BE
330
1003BF
330
10047C
330
10047D
330
100483
330
100484
330
10048A
330
10048B
330
10055B
330
10055C
330
100570
330
100571
330
100593
330
100594
330
10059A
330
10059B
330
100623
330
100624
330
10062A
330
10062B
330
100631
330
100632
330
100638
330
100639
330
10063F
330
100640
330
100646
330
100647
330
1006AA
330
1006AB
330
1006D6
330
1006D7
330
1006DD
330
1006DE
330
1006E4
330
1006E5
330
1006EB
330
1006EC
330
10072A
330
10072B
330
10073A
330
10073B
330
100748
330
100749
330
10074F
330
100750
330
100790
330
100791
330
10079E
330
10079F
330
1007A5
330
1007A6
330
1007FD
330
1007FE
330
100806
330
100807
330
10080D
330
10080E
330
100826
330
100827
330
100836
330
100837
330
100A42
330
100A43
330
100A6C
330
100A6D
330
100AF2
330
100AF3
330
100860
330
100861
330
100867
330
100868
330
10086E
330
10086F
330
100955
330
100956
330
1009A9
330
1009AA
330
1009B9
330
1009BA
330
1009E3
330
1009E4
330
1009EA
330
1009EB
330
1009F8
330
1009F9
330
100A0D
330
100A0E
330
100A1D
330
100A1E
330
FEC97
330
FEC98
330
FECA5
330
FECA6
330
FECBA
330
FECBB
330
FECC8
330
FECC9
330
FECCF
330
FECD0
330
FECDD
330
FECDE
330
FEC82
330
FEC83
330
1010A0
330
1010A1
330
1010A7
330
1010A8
330
1010AE
330
1010AF
330
1010B5
330
1010B6
330
1010BC
330
1010BD
330
1010C3
330
1010C4
330
1010CA
330
1010CB
330
1010D1
330
1010D2
330
1010D8
330
1010D9
330
1010DF
330
1010E0
330
1010E6
330
1010E7
330
1010ED
330
1010EE
330
1010F4
330
1010F5
330
1010FB
330
1010FC
330
101102
330
101103
330
101109
330
10110A
330
101110
330
101111
330
101117
330
101118
330
10111E
330
10111F
330
101125
330
101126
330
10112C
330
10112D
330
101133
330
101134
330
10113A
330
10113B
330
101141
330
101142
330
101148
330
101149
330
10114F
330
101150
330
101156
330
101157
330
1011E8
330
1011E9
330
1011F1
330
1011F2
330
1011FA
330
1011FB
330
10122E
330
10122F
330
101195
330
101196
330
10119C
330
10119D
330
1011A3
330
1011A4
330
1011AA
330
1011AB
330
1011B1
330
1011B2
330
1012AD
330
1012AE
330
1012CD
330
1012CE
330
100EB0
330
100EB1
330
100EB7
330
100EB8
330
100EBE
330
100EBF
330
100EC5
330
100EC6
330
100ECC
330
100ECD
330
100F03
330
100F04
330
100F0C
330
100F0D
330
100F15
330
100F16
330
100F49
330
100F4A
330
100FC8
330
100FC9
330
100FE8
330
100FE9
330
101028
330
101029
330
10104C
330
10104D
330
100E39
330
100E3A
330
100E40
330
100E41
330
100E47
330
100E48
330
100E4E
330
100E4F
330
100E55
330
100E56
330
100E5C
330
100E5D
330
100E63
330
100E64
330
100E6A
330
100E6B
330
100E71
330
100E72
330
100E78
330
100E79
330
100E7F
330
100E80
330
100E86
330
100E87
330
100E8D
330
100E8E
330
100E94
330
100E95
330
100CA4
330
100CA5
330
100CAB
330
100CAC
330
100CB2
330
100CB3
330
100CB9
330
100CBA
330
100CC0
330
100CC1
330
100CC7
330
100CC8
330
100CCE
330
100CCF
330
100CDC
330
100CDD
330
100CE3
330
100CE4
330
100CEA
330
100CEB
330
100CF1
330
100CF2
330
100CF8
330
100CF9
330
100CFF
330
100D00
330
100D06
330
100D07
330
100D0D
330
100D0E
330
100D14
330
100D15
330
100D1B
330
100D1C
330
100D22
330
100D23
330
10152A
330
10152B
330
100D37
330
100D38
330
100D3E
330
100D3F
330
100D45
330
100D46
330
101531
330
101532
330
100D5A
330
100D5B
330
101538
330
101539
330
100D68
330
100D69
330
100D6F
330
100D70
330
100D76
330
100D77
330
100D7D
330
100D7E
330
100D84
330
100D85
330
100D8B
330
100D8C
330
100D92
330
100D93
330
100D99
330
100D9A
330
100DA0
330
100DA1
330
100DA7
330
100DA8
330
100DAE
330
100DAF
330
100DB5
330
100DB6
330
100DBC
330
100DBD
330
100DC5
330
100DC6
330
100DCC
330
100DCD
330
100DD3
330
100DD4
330
100DDA
330
100DDB
330
100DE1
330
100DE2
330
100DE8
330
100DE9
330
100DEF
330
100DF0
330
100DF8
330
100DF9
330
100DFF
330
100E00
330
100E06
330
100E07
330
100E0D
330
100E0E
330
100E14
330
100E15
330
100E1B
330
100E1C
330
100E24
330
100E25
330
100E2B
330
100E2C
330
100E32
330
100E33
330
1013BB
330
1013BC
330
1013C2
330
1013C3
330
1013C9
330
1013CA
330
1013D0
330
1013D1
330
1013D7
330
1013D8
330
1013DE
330
1013DF
330
1013E5
330
1013E6
330
1013EC
330
1013ED
330
1013F3
330
1013F4
330
1013FA
330
1013FB
330
101401
330
101402
330
101408
330
101409
330
101411
330
101412
330
101418
330
101419
330
10141F
330
101420
330
101426
330
101427
330
10142D
330
10142E
330
101452
330
101453
330
10145B
330
10145C
330
101462
330
101463
330
101469
330
10146A
330
10148E
330
10148F
330
101497
330
101498
330
10149E
330
10149F
330
1014A5
330
1014A6
330
1014AC
330
1014AD
330
1014B3
330
1014B4
330
1014BA
330
1014BB
330
1014C1
330
1014C2
330
1014C8
330
1014C9
330
1014CF
330
1014D0
330
1014D6
330
1014D7
330
10153F
330
101540
330
1014E4
330
1014E5
330
1014EB
330
1014EC
330
1014F2
330
1014F3
330
1014F9
330
1014FA
330
101500
330
101501
330
101507
330
101508
330
10150E
330
10150F
330
101515
330
101516
330
10151C
330
10151D
330
101523
330
101524
330
10134B
330
10134C
330
101352
330
101353
330
101359
330
10135A
330
101360
330
101361
330
101367
330
101368
330
10136E
330
10136F
330
101375
330
101376
330
10137C
330
10137D
330
101383
330
101384
330
10138A
330
10138B
330
101391
330
101392
330
101398
330
101399
330
10139F
330
1013A0
330
1013A6
330
1013A7
330
1013AD
330
1013AE
330
1013B4
330
1013B5
330
FFC9B
330
FFC9C
330
FFCA2
330
FFCA3
330
FFCA9
330
FFCAA
330
FFCB7
330
FFCB8
330
FFCBE
330
FFCBF
330
FFCC5
330
FFCC6
330
FFCCC
330
FFCCD
330
FFCD3
330
FFCD4
330
FFCDA
330
FFCDB
330
FFCE1
330
FFCE2
330
10003A
330
10003B
330
100041
330
100042
330
100048
330
100049
330
10004F
330
100050
330
100056
330
100057
330
10005D
330
10005E
330
10006D
330
10006E
330
100074
330
100075
330
10007B
330
10007C
330
100082
330
100083
330
100089
330
10008A
330
100090
330
100091
330
10009E
330
10009F
330
1000A5
330
1000A6
330
1000AC
330
1000AD
330
1000B3
330
1000B4
330
1000BA
330
1000BB
330
1000C1
330
1000C2
330
1000C8
330
1000C9
330
1000D1
330
1000D2
330
1000DA
330
1000DB
330
1000E1
330
1000E2
330
1000E8
330
1000E9
330
1000F1
330
1000F2
330
1000F8
330
1000F9
330
1000FF
330
100100
330
100106
330
100107
330
10010D
330
10010E
330
100114
330
100115
330
10011B
330
10011C
330
100122
330
100123
330
10012B
330
10012C
330
100132
330
100133
330
10013B
330
10013C
330
100142
330
100143
330
100149
330
10014A
330
100150
330
100151
330
100157
330
100158
330
100B54
330
100B55
330
10027F
330
100280
330
100286
330
100287
330
10028D
330
10028E
330
100294
330
100295
330
10029D
330
10029E
330
1002A4
330
1002A5
330
1002AB
330
1002AC
330
1002B2
330
1002B3
330
1002BB
330
1002BC
330
100160
330
100161
330
100167
330
100168
330
10017C
330
10017D
330
100183
330
100184
330
10018A
330
10018B
330
100191
330
100192
330
10019A
330
10019B
330
1001A1
330
1001A2
330
1001A8
330
1001A9
330
1001AF
330
1001B0
330
1001BF
330
1001C0
330
1001C6
330
1001C7
330
1001CF
330
1001D0
330
1001D6
330
1001D7
330
1001DD
330
1001DE
330
1001E4
330
1001E5
330
1001ED
330
1001EE
330
1001F4
330
1001F5
330
1001FB
330
1001FC
330
100202
330
100203
330
100209
330
10020A
330
100210
330
100211
330
100227
330
100228
330
100230
330
100231
330
100237
330
100238
330
100245
330
100246
330
10024E
330
10024F
330
10025C
330
10025D
330
100263
330
100264
330
10026A
330
10026B
330
100271
330
100272
330
1002C4
330
1002C5
330
1002CB
330
1002CC
330
1002D2
330
1002D3
330
1002D9
330
1002DA
330
1002E0
330
1002E1
330
1002E7
330
1002E8
330
1002EE
330
1002EF
330
1002F7
330
1002F8
330
1002FE
330
1002FF
330
100305
330
100306
330
10030C
330
10030D
330
1003FD
330
1003FE
330
100404
330
100405
330
10040B
330
10040C
330
100412
330
100413
330
100419
330
10041A
330
100420
330
100421
330
100427
330
100428
330
10042E
330
10042F
330
100437
330
100438
330
10043E
330
10043F
330
100445
330
100446
330
10044C
330
10044D
330
100313
330
100314
330
10031A
330
10031B
330
100323
330
100324
330
10032A
330
10032B
330
100333
330
100334
330
10035D
330
10035E
330
100366
330
100367
330
10036D
330
10036E
330
100374
330
100375
330
10037B
330
10037C
330
100382
330
100383
330
100389
330
10038A
330
100392
330
100393
330
100399
330
10039A
330
1003A9
330
1003AA
330
1003B0
330
1003B1
330
1003B7
330
1003B8
330
1003C5
330
1003C6
330
1003CC
330
1003CD
330
1003D3
330
1003D4
330
1003DA
330
1003DB
330
1003E1
330
1003E2
330
1003E8
330
1003E9
330
1003EF
330
1003F0
330
1003F6
330
1003F7
330
100455
330
100456
330
10045C
330
10045D
330
100463
330
100464
330
10046C
330
10046D
330
100473
330
100474
330
100491
330
100492
330
100498
330
100499
330
10049F
330
1004A0
330
1004A6
330
1004A7
330
1004AD
330
1004AE
330
1004B4
330
1004B5
330
1004BB
330
1004BC
330
1004C2
330
1004C3
330
1004C9
330
1004CA
330
1004D2
330
1004D3
330
1004D9
330
1004DA
330
1004E0
330
1004E1
330
1004E9
330
1004EA
330
1004F0
330
1004F1
330
1004F7
330
1004F8
330
100500
330
100501
330
100507
330
100508
330
10050E
330
10050F
330
100515
330
100516
330
10051C
330
10051D
330
100523
330
100524
330
10052A
330
10052B
330
100531
330
100532
330
100538
330
100539
330
10053F
330
100540
330
100546
330
100547
330
10054D
330
10054E
330
100554
330
100555
330
100562
330
100563
330
100569
330
10056A
330
100577
330
100578
330
10057E
330
10057F
330
100585
330
100586
330
10058C
330
10058D
330
1005A1
330
1005A2
330
1005A8
330
1005A9
330
1005AF
330
1005B0
330
1005B6
330
1005B7
330
1005BF
330
1005C0
330
1005C6
330
1005C7
330
1005CD
330
1005CE
330
1005D4
330
1005D5
330
1005DB
330
1005DC
330
1005E2
330
1005E3
330
1005E9
330
1005EA
330
1005F0
330
1005F1
330
1005F7
330
1005F8
330
1005FE
330
1005FF
330
100605
330
100606
330
10060C
330
10060D
330
100613
330
100614
330
10061A
330
10061B
330
10064D
330
10064E
330
100654
330
100655
330
10065B
330
10065C
330
100664
330
100665
330
10066B
330
10066C
330
100672
330
100673
330
100679
330
10067A
330
100680
330
100681
330
100687
330
100688
330
10068E
330
10068F
330
100695
330
100696
330
10069C
330
10069D
330
1006A3
330
1006A4
330
1006B1
330
1006B2
330
1006B8
330
1006B9
330
1006BF
330
1006C0
330
1006C8
330
1006C9
330
1006CF
330
1006D0
330
1006F2
330
1006F3
330
1006F9
330
1006FA
330
100700
330
100701
330
100707
330
100708
330
10070E
330
10070F
330
100715
330
100716
330
10071C
330
10071D
330
100723
330
100724
330
100731
330
100732
330
100741
330
100742
330
100756
330
100757
330
10075D
330
10075E
330
100764
330
100765
330
10076B
330
10076C
330
100772
330
100773
330
100779
330
10077A
330
100780
330
100781
330
100787
330
100788
330
100797
330
100798
330
1007AC
330
1007AD
330
1007B3
330
1007B4
330
1007BA
330
1007BB
330
1007C1
330
1007C2
330
1007C8
330
1007C9
330
1007CF
330
1007D0
330
1007D6
330
1007D7
330
1007DD
330
1007DE
330
1007E6
330
1007E7
330
1007ED
330
1007EE
330
1007F6
330
1007F7
330
100816
330
100817
330
10081D
330
10081E
330
10082D
330
10082E
330
10083D
330
10083E
330
100A34
330
100A35
330
100A3B
330
100A3C
330
100A49
330
100A4A
330
100A50
330
100A51
330
100A57
330
100A58
330
100A5E
330
100A5F
330
100A65
330
100A66
330
100A73
330
100A74
330
100A7A
330
100A7B
330
100A81
330
100A82
330
100A88
330
100A89
330
100A8F
330
100A90
330
100A96
330
100A97
330
100A9D
330
100A9E
330
100AA4
330
100AA5
330
100AAD
330
100AAE
330
100AB6
330
100AB7
330
100ABF
330
100AC0
330
100AC8
330
100AC9
330
100ACF
330
100AD0
330
100AD6
330
100AD7
330
100ADD
330
100ADE
330
100AE4
330
100AE5
330
100AEB
330
100AEC
330
100AF9
330
100AFA
330
100B00
330
100B01
330
100B07
330
100B08
330
100B0E
330
100B0F
330
100B15
330
100B16
330
100B1C
330
100B1D
330
100B23
330
100B24
330
100B2A
330
100B2B
330
100B31
330
100B32
330
100844
330
100845
330
10084B
330
10084C
330
100852
330
100853
330
100859
330
10085A
330
100875
330
100876
330
10087C
330
10087D
330
100883
330
100884
330
10088A
330
10088B
330
100891
330
100892
330
100898
330
100899
330
10089F
330
1008A0
330
1008A6
330
1008A7
330
1008AD
330
1008AE
330
1008B4
330
1008B5
330
1008BB
330
1008BC
330
1008C2
330
1008C3
330
1008C9
330
1008CA
330
1008D0
330
1008D1
330
1008D7
330
1008D8
330
1008DE
330
1008DF
330
1008E5
330
1008E6
330
1008EC
330
1008ED
330
1008F3
330
1008F4
330
1008FA
330
1008FB
330
100901
330
100902
330
100908
330
100909
330
10090F
330
100910
330
100916
330
100917
330
10091D
330
10091E
330
100924
330
100925
330
10092B
330
10092C
330
100932
330
100933
330
100939
330
10093A
330
100940
330
100941
330
100947
330
100948
330
10094E
330
10094F
330
10095C
330
10095D
330
100963
330
100964
330
10096A
330
10096B
330
100971
330
100972
330
100978
330
100979
330
10097F
330
100980
330
100986
330
100987
330
10098D
330
10098E
330
100994
330
100995
330
10099B
330
10099C
330
1009A2
330
1009A3
330
1009B0
330
1009B1
330
1009C0
330
1009C1
330
1009C7
330
1009C8
330
1009CE
330
1009CF
330
1009D5
330
1009D6
330
1009DC
330
1009DD
330
1009F1
330
1009F2
330
1009FF
330
100A00
330
100B5B
330
100B5C
330
100A14
330
100A15
330
100A26
330
100A27
330
100A2D
330
100A2E
330
FEC89
330
FEC8A
330
FEC90
330
FEC91
330
FEC9E
330
FEC9F
330
FECAC
330
FECAD
330
FECB3
330
FECB4
330
FECC1
330
FECC2
330
FECD6
330
FECD7
330
FECE4
330
FECE5
330
FECEB
330
FECEC
330
FEC74
330
FEC75
330
FEC7B
330
FEC7C
330
10115D
330
10115E
330
101164
330
101165
330
10116B
330
10116C
330
101172
330
101173
330
101179
330
10117A
330
101180
330
101181
330
101187
330
101188
330
10118E
330
10118F
330
101203
330
101204
330
10120A
330
10120B
330
101213
330
101214
330
10121C
330
10121D
330
101225
330
101226
330
101235
330
101236
330
10123E
330
10123F
330
101247
330
101248
330
101250
330
101251
330
101259
330
10125A
330
101260
330
101261
330
101269
330
10126A
330
101272
330
101273
330
101279
330
10127A
330
1011BA
330
1011BB
330
1011C3
330
1011C4
330
1011CA
330
1011CB
330
1011D1
330
1011D2
330
1011D8
330
1011D9
330
1011DF
330
1011E0
330
101282
330
101283
330
101289
330
10128A
330
101292
330
101293
330
10129B
330
10129C
330
1012A4
330
1012A5
330
1012B4
330
1012B5
330
1012BD
330
1012BE
330
1012C6
330
1012C7
330
1012D4
330
1012D5
330
1012DB
330
1012DC
330
1012E2
330
1012E3
330
1012E9
330
1012EA
330
100ED5
330
100ED6
330
100EDE
330
100EDF
330
100EE5
330
100EE6
330
100EEC
330
100EED
330
100EF3
330
100EF4
330
100EFA
330
100EFB
330
100F1E
330
100F1F
330
100F25
330
100F26
330
100F2E
330
100F2F
330
100F37
330
100F38
330
100F40
330
100F41
330
100F50
330
100F51
330
100F59
330
100F5A
330
100F62
330
100F63
330
100F6B
330
100F6C
330
100F74
330
100F75
330
100F7B
330
100F7C
330
100F84
330
100F85
330
100F8D
330
100F8E
330
100F94
330
100F95
330
100F9D
330
100F9E
330
100FA4
330
100FA5
330
100FAD
330
100FAE
330
100FB6
330
100FB7
330
100FBF
330
100FC0
330
100FCF
330
100FD0
330
100FD8
330
100FD9
330
100FE1
330
100FE2
330
100FEF
330
100FF0
330
100FF6
330
100FF7
330
100FFD
330
100FFE
330
101004
330
101005
330
10100D
330
10100E
330
101016
330
101017
330
10101F
330
101020
330
101031
330
101032
330
10103A
330
10103B
330
101043
330
101044
330
101053
330
101054
330
10105A
330
10105B
330
101061
330
101062
330
101068
330
101069
330
10106F
330
101070
330
101076
330
101077
330
10107D
330
10107E
330
101084
330
101085
330
10108B
330
10108C
330
101092
330
101093
330
101099
330
10109A
330
100E9B
330
100E9C
330
100EA2
330
100EA3
330
100EA9
330
100EAA
330
1017A8
330
1017A9
330
1017C3
330
1017C4
330
101745
330
101746
330
10174F
330
101750
330
101759
330
10175A
330
101765
330
101766
330
10176F
330
101770
330
101779
330
10177A
330
101783
330
101784
330
10178D
330
10178E
330
101797
330
101798
330
1017A1
330
1017A2
330
1017B2
330
1017B3
330
1017BC
330
1017BD
330
1017CD
330
1017CE
330
1017D7
330
1017D8
330
1017E1
330
1017E2
330
1017EB
330
1017EC
330
1017F5
330
1017F6
330
1017FF
330
101800
330
101809
330
10180A
330
101813
330
101814
330
10181D
330
10181E
330
101827
330
101828
330
101831
330
101832
330
10183B
330
10183C
330
101845
330
101846
330
101A6B
330
101A6C
330
101A72
330
101A73
330
101AA1
330
101AA2
330
101AA8
330
101AA9
330
101AAF
330
101AB0
330
101A7C
330
101A7D
330
101A86
330
101A87
330
101A90
330
101A91
330
101A9A
330
101A9B
330
101AB9
330
101ABA
330
101AC3
330
101AC4
330
101ACD
330
101ACE
330
101AD7
330
101AD8
330
101AE1
330
101AE2
330
101AEB
330
101AEC
330
101AF5
330
101AF6
330
101AFF
330
101B00
330
101B09
330
101B0A
330
101B13
330
101B14
330
101B1D
330
101B1E
330
101B32
330
101B33
330
101B96
330
101B97
330
101B5F
330
101B60
330
101BBE
330
101BBF
330
101BD2
330
101BD3
330
101BE6
330
101BE7
330
101BFA
330
101BFB
330
101C16
330
101C17
330
101C45
330
101C46
330
101C3D
330
101C3E
330
101C58
330
101C59
330
101C6C
330
101C6D
330
101C80
330
101C81
330
101C94
330
101C95
330
101CA8
330
101CA9
330
101CC1
330
101CC2
330
101CCB
330
101CCC
330
101CD5
330
101CD6
330
101CDF
330
101CE0
330
101CE9
330
101CEA
330
101CF3
330
101CF4
330
101CFD
330
101CFE
330
101D07
330
101D08
330
101D11
330
101D12
330
101D1B
330
101D1C
330
101D25
330
101D26
330
101D2F
330
101D30
330
101D39
330
101D3A
330
101D43
330
101D44
330
101D4D
330
101D4E
330
101D57
330
101D58
330
101D61
330
101D62
330
101D6B
330
101D6C
330
101D75
330
101D76
330
101D7F
330
101D80
330
101D89
330
101D8A
330
101D93
330
101D94
330
101D9D
330
101D9E
330
101DA7
330
101DA8
330
101DB1
330
101DB2
330
101DBB
330
101DBC
330
101DC5
330
101DC6
330
101DCF
330
101DD0
330
101DD9
330
101DDA
330
101DE3
330
101DE4
330
101DED
330
101DEE
330
101DF7
330
101DF8
330
101E01
330
101E02
330
101E0B
330
101E0C
330
101E15
330
101E16
330
101E1F
330
101E20
330
101E29
330
101E2A
330
101E33
330
101E34
330
102429
330
10242A
330
102430
330
102431
330
102437
330
102438
330
10243E
330
10243F
330
102445
330
102446
330
10244C
330
10244D
330
102453
330
102454
330
10245A
330
10245B
330
102461
330
102462
330
102468
330
102469
330
10246F
330
102470
330
102476
330
102477
330
10247D
330
10247E
330
102484
330
102485
330
10248B
330
10248C
330
102492
330
102493
330
102499
330
10249A
330
1024A0
330
1024A1
330
1024A7
330
1024A8
330
1024AE
330
1024AF
330
1024B5
330
1024B6
330
1024BC
330
1024BD
330
1024C3
330
1024C4
330
1024CA
330
1024CB
330
1024D1
330
1024D2
330
1024D8
330
1024D9
330
1024DF
330
1024E0
330
1024E6
330
1024E7
330
1024ED
330
1024EE
330
1024F4
330
1024F5
330
1024FB
330
1024FC
330
102502
330
102503
330
102509
330
10250A
330
102510
330
102511
330
102517
330
102518
330
10251E
330
10251F
330
102525
330
102526
330
10252C
330
10252D
330
1026D7
330
1026E3
330
1026ED
330
1026F1
330
1026F2
330
1026F3
330
1026F4
330
1026F5
330
1026F6
330
102701
330
102704
330
102707
330
102708
330
102709
330
10270A
330
102711
330
102725
330
102563
330
10256A
330
102571
330
102572
330
102575
330
102577
330
102578
330
102583
330
102584
330
102594
330
1025A9
330
1025B1
330
1025B2
330
1025B4
330
1025CB
330
1025CC
330
1025EE
330
1025F0
330
1025F2
330
1025F4
330
1025F6
330
1025FF
330
102607
330
10260E
330
102613
330
102614
330
102619
330
10263F
330
102653
330
10265E
330
102669
330
102675
330
102682
330
10268D
330
102698
330
1026A4
330
1026A6
330
1026A7
330
1026A9
330
1026AA
330
1026B5
330
1026C0
330
1026CB
330
102E8D
330
102E99
330
102EAC
330
102EB4
330
102EB9
330
102EBA
330
102EBF
330
102EC0
330
102ED4
330
102ED5
330
102ED6
330
102ED7
330
102ED8
330
102ED9
330
102EE8
330
102EE9
330
102EEA
330
102EEB
330
102EEC
330
102EED
330
102EF5
330
102EFB
330
102EFC
330
102EFD
330
102EFE
330
102EFF
330
102F00
330
102F01
330
102F02
330
102F03
330
102F04
330
102F0C
330
102F0D
330
102F1F
330
102F20
330
102F21
330
102F22
330
102F23
330
102F24
330
102F25
330
102F26
330
102F27
330
102F2D
330
102F31
330
102F32
330
102F33
330
102F34
330
102F35
330
102F36
330
1028C9
330
1028CA
330
1028D3
330
1028D4
330
1028DD
330
1028DE
330
1028E7
330
1028E8
330
1028F1
330
1028F2
330
1028FB
330
1028FC
330
102905
330
102906
330
10290F
330
102910
330
102919
330
10291A
330
102923
330
102924
330
10292D
330
10292E
330
102937
330
102938
330
102941
330
102942
330
10294B
330
10294C
330
102955
330
102956
330
10295F
330
102960
330
102969
330
10296A
330
102973
330
102974
330
10297D
330
10297E
330
102987
330
102988
330
102991
330
102992
330
10299B
330
10299C
330
1029A5
330
1029A6
330
1029AF
330
1029B0
330
1029B9
330
1029BA
330
1029C3
330
1029C4
330
1029CD
330
1029CE
330
1029D7
330
1029D8
330
1029E1
330
1029E2
330
1029EB
330
1029EC
330
1029F5
330
1029F6
330
1029FF
330
102A00
330
102A09
330
102A0A
330
102A13
330
102A14
330
102A1D
330
102A1E
330
102A27
330
102A28
330
102A31
330
102A32
330
102A3B
330
102A3C
330
102A7F
330
102A86
330
102A8D
330
102A8E
330
102B0C
330
102B0E
330
102B10
330
102B12
330
102B14
330
102B1D
330
102B25
330
102B2C
330
102B31
330
102B32
330
102B37
330
102B38
330
102B61
330
102B75
330
102A91
330
102A93
330
102A94
330
102A9F
330
102AA0
330
102AB0
330
102AC7
330
102ACF
330
102AD0
330
102AD2
330
102AE9
330
102AEA
330
102B80
330
102B8B
330
102B97
330
102BA4
330
102BAF
330
102BBA
330
102BC6
330
102BC8
330
102BC9
330
102BCB
330
102BCC
330
102BD7
330
102BE2
330
102BED
330
102BF9
330
102C05
330
102C0F
330
102C13
330
102C14
330
102C15
330
102C16
330
102C17
330
102C18
330
102C23
330
102C26
330
102C29
330
102C2A
330
102C2B
330
102C2C
330
102C33
330
102C47
330
102E0D
330
102E0E
330
102E17
330
102E18
330
102F9C
330
102F9D
330
102FA6
330
102FA7
330
102FB2
330
102FB3
330
102FBC
330
102FBD
330
102FC6
330
102FC7
330
102FD0
330
102FD1
330
102FDA
330
102FDB
330
102FE4
330
102FE5
330
102FEE
330
102FEF
330
102FF8
330
102FF9
330
103002
330
103003
330
10300C
330
10300D
330
103016
330
103017
330
103020
330
103021
330
10302A
330
10302B
330
103034
330
103035
330
10303E
330
10303F
330
103048
330
103049
330
103052
330
103053
330
10305C
330
10305D
330
103066
330
103067
330
103070
330
103071
330
10307A
330
10307B
330
103084
330
103085
330
10308E
330
10308F
330
103098
330
103099
330
1030A2
330
1030A3
330
1030AC
330
1030AD
330
1030B6
330
1030B7
330
1030C0
330
1030C1
330
1030CA
330
1030CB
330
1030D4
330
1030D5
330
1030DE
330
1030DF
330
1030E8
330
1030E9
330
1030F2
330
1030F3
330
1030FC
330
1030FD
330
103106
330
103107
330
103110
330
103111
330
10311A
330
10311B
330
103124
330
103125
330
10312E
330
10312F
330
103138
330
103139
330
103142
330
103143
330
10314C
330
10314D
330
103156
330
103157
330
1037E0
330
1037E1
330
1037E7
330
1037E8
330
1037EE
330
1037EF
330
1037F5
330
1037F6
330
1037FC
330
1037FD
330
103803
330
103804
330
10380A
330
10380B
330
103811
330
103812
330
103818
330
103819
330
10381F
330
103820
330
103826
330
103827
330
10382D
330
10382E
330
103834
330
103835
330
10383B
330
10383C
330
103842
330
103843
330
103849
330
10384A
330
103850
330
103851
330
103857
330
103858
330
10385E
330
10385F
330
103865
330
103866
330
10386C
330
10386D
330
103873
330
103874
330
10387A
330
10387B
330
103881
330
103882
330
103888
330
103889
330
10388F
330
103890
330
103896
330
103897
330
10389D
330
10389E
330
1038A4
330
1038A5
330
1038AB
330
1038AC
330
1038B2
330
1038B3
330
1038B9
330
1038BA
330
1038C0
330
1038C1
330
1038C7
330
1038C8
330
1038CE
330
1038CF
330
1038D5
330
1038D6
330
1038DC
330
1038DD
330
1038E3
330
1038E4
330
1038EA
330
1038EB
330
1038F1
330
1038F2
330
1038F8
330
1038F9
330
1038FF
330
103900
330
103906
330
103907
330
103DC8
330
103DCF
330
103DD6
330
103DDE
330
103DE6
330
103E00
330
103E3E
330
103E3F
330
103E40
330
103E41
330
103E43
330
103E44
330
103E46
330
103E47
330
103E4B
330
103E4C
330
103E57
330
103E58
330
103E5A
330
103E67
330
103E68
330
103E6A
330
103E90
330
103E91
330
103E93
330
103E94
330
103E9C
330
103E9D
330
103E9F
330
103EA0
330
103EA8
330
103EA9
330
103EAB
330
103EAC
330
103EAF
330
103EB0
330
103EB3
330
103EB7
330
103EB8
330
103EBF
330
103EC0
330
103EC2
330
103EC5
330
103ED3
330
103EE6
330
103EF1
330
103EFC
330
103F08
330
103F13
330
103F1E
330
103F29
330
103F35
330
103F37
330
103F38
330
103F3A
330
103F3B
330
103F46
330
103F51
330
103F5C
330
103F68
330
103F74
330
103F7E
330
103F82
330
103F83
330
103F84
330
103F85
330
103F86
330
103F87
330
103F92
330
103F95
330
103F98
330
103F99
330
103F9A
330
103F9B
330
103FA2
330
103DC1
330
103FC6
330
1048A8
330
1048AB
330
1048B1
330
1048B2
330
1048B3
330
1048B4
330
1048B8
330
1048B9
330
1048BA
330
1048BB
330
1048BF
330
1048C0
330
104734
330
104735
330
10473C
330
10473D
330
104744
330
104745
330
104771
330
104772
330
104777
330
10477A
330
10478A
330
10478D
330
104792
330
104793
330
104797
330
1047D5
330
1047D7
330
1047D8
330
1047D9
330
1047DA
330
1047DB
330
1047DC
330
1047FA
330
10481C
330
10481D
330
10481E
330
10481F
330
104820
330
104821
330
104822
330
104823
330
104824
330
104825
330
104836
330
104837
330
104840
330
104841
330
104842
330
104843
330
104847
330
104848
330
104849
330
10484A
330
104855
330
104856
330
104857
330
10485E
330
10485F
330
104860
330
104868
330
104869
330
10486A
330
104870
330
104871
330
104872
330
104873
330
104875
330
104876
330
104880
330
104882
330
104001
330
104002
330
10400B
330
10400C
330
104015
330
104016
330
10401F
330
104020
330
104029
330
10402A
330
104033
330
104034
330
10403D
330
10403E
330
104047
330
104048
330
104051
330
104052
330
10405B
330
10405C
330
104065
330
104066
330
10406F
330
104070
330
104079
330
10407A
330
104083
330
104084
330
10408D
330
10408E
330
104098
330
104097
330
1040A1
330
1040A2
330
1040AB
330
1040AC
330
1040B5
330
1040B6
330
1040BF
330
1040C0
330
1040C9
330
1040CA
330
1040D3
330
1040D4
330
1040DD
330
1040DE
330
1040E7
330
1040E8
330
1040F1
330
1040F2
330
1040FB
330
1040FC
330
104105
330
104106
330
104110
330
10410F
330
104119
330
10411A
330
104123
330
104124
330
10412D
330
10412E
330
104137
330
104138
330
104141
330
104142
330
10414B
330
10414C
330
104155
330
104156
330
10415F
330
104160
330
104169
330
10416A
330
104173
330
104174
330
10417D
330
10417E
330
104187
330
104188
330
104191
330
104192
330
10419B
330
10419C
330
1041A5
330
1041A6
330
104440
330
104441
330
10445B
330
10445C
330
1043DD
330
1043DE
330
1043E7
330
1043E8
330
1043F1
330
1043F2
330
1043FD
330
1043FE
330
104407
330
104408
330
104411
330
104412
330
10441B
330
10441C
330
104425
330
104426
330
10442F
330
104430
330
104439
330
10443A
330
10444A
330
10444B
330
104454
330
104455
330
104465
330
104466
330
10446F
330
104470
330
104479
330
10447A
330
104483
330
104484
330
10448D
330
10448E
330
104497
330
104498
330
1044A1
330
1044A2
330
1044AB
330
1044AC
330
1044B5
330
1044B6
330
1044BF
330
1044C0
330
1044C9
330
1044CA
330
1044D3
330
1044D4
330
1044DD
330
1044DE
330
104700
330
104701
330
10470A
330
10470B
330
104930
330
104931
330
10493A
330
10493B
330
104CBB
330
104CBC
330
104C5A
330
104C5B
330
104B6E
330
104B6F
330
104B78
330
104B79
330
104B82
330
104B83
330
104B8C
330
104B8D
330
104B96
330
104B97
330
104C75
330
104C76
330
104C7C
330
104C7D
330
104BB4
330
104BB5
330
104BBE
330
104BBF
330
104BC8
330
104BC9
330
104BD2
330
104BD3
330
104CAD
330
104CAE
330
104CC2
330
104CC3
330
104BF0
330
104BF1
330
104BFC
330
104BFD
330
104C06
330
104C07
330
104C10
330
104C11
330
104C83
330
104C84
330
104C24
330
104C25
330
104C2E
330
104C2F
330
104C8A
330
104C8B
330
104C91
330
104C92
330
104C98
330
104C99
330
104C64
330
104C65
330
104C6E
330
104C6F
330
104CD5
330
104CD6
330
104CE9
330
104CEA
330
104CFD
330
104CFE
330
104D11
330
104D12
330
104D25
330
104D26
330
104D39
330
104D3A
330
104D4D
330
104D4E
330
104D61
330
104D62
330
104D75
330
104D76
330
104D89
330
104D8A
330
104D9D
330
104D9E
330
104DB1
330
104DB2
  0
SORTENTSTABLE
  5
36AE
330
36AD
100
AcDbSortentsTable
330
36AC
  0
SORTENTSTABLE
  5
3704
330
3703
100
AcDbSortentsTable
330
3702
  0
SORTENTSTABLE
  5
3713
330
3712
100
AcDbSortentsTable
330
3711
  0
SORTENTSTABLE
  5
3722
330
3721
100
AcDbSortentsTable
330
3720
  0
SORTENTSTABLE
  5
3804
330
3803
100
AcDbSortentsTable
330
3802
  0
SORTENTSTABLE
  5
3A7E
330
3A7D
100
AcDbSortentsTable
330
3A7C
  0
SORTENTSTABLE
  5
3C7A
330
3C79
100
AcDbSortentsTable
330
3C78
  0
SORTENTSTABLE
  5
3C84
330
3C83
100
AcDbSortentsTable
330
3C82
  0
SORTENTSTABLE
  5
3C90
330
3C8F
100
AcDbSortentsTable
330
3C8E
  0
ACAD_EVALUATION_GRAPH
  5
133153
330
133152
100
AcDbEvalGraph
  0
ACAD_PROXY_OBJECT
  5
133158
100
AcDbProxyObject
 90
        0
 91
      500
 95
 18743329
 71
     0
 97
        0
 70
     0
 93
       54
310
78EC23A9083C020001550000000000000B2815480A3C80A3D23D500170ACE027C46280838000000000000688000000000004461A0520
1001
ACAUTHENVIRON
1010
101.4547
1020
16.4284
1030
0.0
  0
ACAD_PROXY_OBJECT
  5
133159
100
AcDbProxyObject
 90
        0
 91
      500
 95
 18743329
 71
     0
 97
        0
 70
     0
 93
       34
310
78EC23C9083C02000123E900000000000000B28153FFFFFFFC0000000000005940A4
  0
ACAD_PROXY_OBJECT
  5
13315A
100
AcDbProxyObject
 90
        0
 91
      500
 95
 18743329
 71
     0
 97
        0
 70
     0
 93
       12
310
94133333333333372FE8FA3A
  0
ACAD_PROXY_OBJECT
  5
13315B
100
AcDbProxyObject
 90
        0
 91
      500
 95
 18743329
 71
     0
 97
        0
 70
     0
 93
       12
310
94133333333333372FE9023A
  0
ACAD_PROXY_OBJECT
  5
13315C
100
AcDbProxyObject
 90
        0
 91
      500
 95
 18743329
 71
     0
 97
        0
 70
     0
 93
       70
310
78EC2489083C020001085A76D868A62B2807BB53DB0FE0E18A048148EA3A810016132B13212D2000206E9A80851120001A4E2C0AB4ABA0000070D947370FE020281202814C00
  0
ACAD_PROXY_OBJECT
  5
13315D
100
AcDbProxyObject
 90
        0
 91
      500
 95
 18743329
 71
     0
 97
        0
 70
     0
 93
       38
310
78EC2589083C020001550000000000000B2815480A5A80A5B25B500130F3C477C6648080D520
1001
ACAUTHENVIRON
1010
101.4547
1020
17.4329
1030
0.0
  0
ACAD_PROXY_OBJECT
  5
13315E
100
AcDbProxyObject
 90
        0
 91
      500
 95
 18743329
 71
     0
 97
        0
 70
     0
 93
       34
310
78EC25A9083C02000125C978000000000000B28153FFFFFFFC0000000000005940A4
  0
ACAD_PROXY_OBJECT
  5
13315F
100
AcDbProxyObject
 90
        0
 91
      500
 95
 18743329
 71
     0
 97
        0
 70
     0
 93
       12
310
94133333333333372FE97258
  0
ACAD_PROXY_OBJECT
  5
133160
100
AcDbProxyObject
 90
        0
 91
      500
 95
 18743329
 71
     0
 97
        0
 70
     0
 93
       12
310
94133333333333372FE97A58
  0
ACAD_PROXY_OBJECT
  5
133161
100
AcDbProxyObject
 90
        0
 91
      500
 95
 18743329
 71
     0
 97
        0
 70
     0
 93
       74
310
78EC2669083C0200010C98B98E64C78B28038412309D17918A0481C9625881005C6F8ABE6A2DA0001051A7CBF69620006473791D5EAB2000384CC505561060204812028120480A053002
  0
ACAD_PROXY_OBJECT
  5
133162
100
AcDbProxyObject
 90
        0
 91
      500
 95
 18743329
 71
     0
 97
        0
 70
     0
 93
       38
310
78EC2689083C020001550000000000000B2815480A6A80A6B26B5001C126096234748080D520
1001
ACAUTHENVIRON
1010
101.4547
1020
24.6495
1030
0.0
  0
ACAD_PROXY_OBJECT
  5
133163
100
AcDbProxyObject
 90
        0
 91
      500
 95
 18743329
 71
     0
 97
        0
 70
     0
 93
       34
310
78EC26A9083C02000126C9B8000000000000B28153FFFFFFFC0000000000005940A4
  0
ACAD_PROXY_OBJECT
  5
133164
100
AcDbProxyObject
 90
        0
 91
      500
 95
 18743329
 71
     0
 97
        0
 70
     0
 93
       12
310
94133333333333372FE9B268
  0
ACAD_PROXY_OBJECT
  5
133165
100
AcDbProxyObject
 90
        0
 91
      500
 95
 18743329
 71
     0
 97
        0
 70
     0
 93
       12
310
94133333333333372FE9BA68
  0
ACAD_PROXY_OBJECT
  5
133166
100
AcDbProxyObject
 90
        0
 91
      500
 95
 18743329
 71
     0
 97
        0
 70
     0
 93
       78
310
78EC2769083C02000115280ADD68AC6B2802E6E9D2BCCC69C2048249A2688100144532133D2DA0001034E8A86A18200048688EA55B2AA000304BA2D2B89160206812028120480A0481202814C008
  0
ACAD_PROXY_OBJECT
  5
133167
100
AcDbProxyObject
 90
        0
 91
      500
 95
 18743329
 71
     0
 97
        0
 70
     0
 93
       38
310
78EC2789083C020001550000000000000B2815480A7A80A7B27B5000C1FA0276BC6A8080D520
1001
ACAUTHENVIRON
1010
101.4547
1020
19.9134
1030
0.0
  0
ACAD_PROXY_OBJECT
  5
133168
100
AcDbProxyObject
 90
        0
 91
      500
 95
 18743329
 71
     0
 97
        0
 70
     0
 93
       34
310
78EC27A9083C02000127C9F8000000000000B28153FFFFFFFC0000000000005940A4
  0
ACAD_PROXY_OBJECT
  5
133169
100
AcDbProxyObject
 90
        0
 91
      500
 95
 18743329
 71
     0
 97
        0
 70
     0
 93
       12
310
94133333333333372FE9F278
  0
ACAD_PROXY_OBJECT
  5
13316A
100
AcDbProxyObject
 90
        0
 91
      500
 95
 18743329
 71
     0
 97
        0
 70
     0
 93
       12
310
94133333333333372FE9FA78
  0
ACAD_PROXY_OBJECT
  5
13316B
100
AcDbProxyObject
 90
        0
 91
      500
 95
 18743329
 71
     0
 97
        0
 70
     0
 93
       82
310
78EC2869083C020001128A9399CC8C2B2805786C663D3EC19A0482C9E2788100580FF8C1F02D20004818A2545E142000727DA06527AB200020550B47A91360208812028120480A04812028120480A0530021
  0
SORTENTSTABLE
  5
13316C
330
133152
100
AcDbSortentsTable
330
133151
331
13316F
  5
133172
331
133170
  5
133173
331
133172
  5
133174
331
133173
  5
13316F
331
133174
  5
133170
331
133175
  5
133178
331
133176
  5
133175
331
133177
  5
133176
331
133178
  5
133177
  0
ACAD_PROXY_OBJECT
  5
13316D
100
AcDbProxyObject
 90
        0
 91
      500
 95
416940162
 71
     0
 97
        0
 70
     1
  0
ACAD_EVALUATION_GRAPH
  5
13320F
330
13320E
100
AcDbEvalGraph
  0
ACAD_PROXY_OBJECT
  5
133214
100
AcDbProxyObject
 90
        0
 91
      500
 95
 18743329
 71
     0
 97
        0
 70
     0
 93
       23
310
78EC2869083C020001554707D6FD69A8888E0554A25550
  0
ACAD_PROXY_OBJECT
  5
133215
100
AcDbProxyObject
 90
        0
 91
      500
 95
 18743329
 71
     0
 97
        0
 70
     0
 93
       26
310
78EC2889083C02000128AA3553FFFFFFFE383EB7EB4D44447024
  0
ACAD_PROXY_OBJECT
  5
133216
100
AcDbProxyObject
 90
        0
 91
      500
 95
 18743329
 71
     0
 97
        0
 70
     0
 93
       12
310
9400000000000008800A2A86
  0
ACAD_PROXY_OBJECT
  5
133217
100
AcDbProxyObject
 90
        0
 91
      500
 95
 18743329
 71
     0
 97
        0
 70
     0
 93
       12
310
9400000000000008800A3286
  0
ACAD_PROXY_OBJECT
  5
133218
100
AcDbProxyObject
 90
        0
 91
      500
 95
 18743329
 71
     0
 97
        0
 70
     0
 93
       41
310
78EC29E9083C0200011A3BA1262DDB66C80217A7CAE92211660482C9D2749D27480000000000004880
  0
ACAD_PROXY_OBJECT
  5
133219
100
AcDbProxyObject
 90
        0
 91
      500
 95
 18743329
 71
     0
 97
        0
 70
     0
 93
       72
310
78EC2A09083C0200011BB99D0EACAD47280217A7CAE92211660481C9D27481101D90A5D85EAEA07805B38A8BBE9BA0401AC9DABB8015A03806A40B5FF51E6020481481A052073002
  0
ACAD_PROXY_OBJECT
  5
13321A
100
AcDbProxyObject
 90
        0
 91
      500
 95
 18743329
 71
     0
 97
        0
 70
     0
 93
       50
310
78EC2A29083C0200014407CA39CDB3291200E18575675E3C9281202A9202A92A4305AC8DBC9A722A00E18575675E3C928120
1001
ACAUTHENVIRON
1010
10.557
1020
48.8814
1030
0.0
  0
ACAD_PROXY_OBJECT
  5
13321B
100
AcDbProxyObject
 90
        0
 91
      500
 95
 18743329
 71
     0
 97
        0
 70
     0
 93
       33
310
78EC2A49083C0200012A6AA101F28E736CCA448038615D59D78F24A053FFFFFFFD
  0
ACAD_PROXY_OBJECT
  5
13321C
100
AcDbProxyObject
 90
        0
 91
      500
 95
 18743329
 71
     0
 97
        0
 70
     0
 93
        4
310
944A9AA2
  0
ACAD_PROXY_OBJECT
  5
13321D
100
AcDbProxyObject
 90
        0
 91
      500
 95
 18743329
 71
     0
 97
        0
 70
     0
 93
        4
310
944AA2A2
  0
ACAD_PROXY_OBJECT
  5
13321E
100
AcDbProxyObject
 90
        0
 91
      500
 95
 18743329
 71
     0
 97
        0
 70
     0
 93
       34
310
78EC2AC9083C02000113ECE7BCC5C3A4A8074333EC468B82420482A02ABAA2A8B002
  0
ACAD_PROXY_OBJECT
  5
13321F
100
AcDbProxyObject
 90
        0
 91
      500
 95
 18743329
 71
     0
 97
        0
 70
     0
 93
       86
310
78EC2AE9083C02000140030565B0D64D91F8500DB04AE64092810611B7FD0F2E67A8014036C12B99024A05480AB080AB12B150611B7FD0F2E67A8014036C12B99024A043811555826B808A02070305A88A9F64232814
1001
ACAUTHENVIRON
1010
37.2985
1020
46.7658
1030
0.0
  0
ACAD_PROXY_OBJECT
  5
133220
100
AcDbProxyObject
 90
        0
 91
      500
 95
 18743329
 71
     0
 97
        0
 70
     0
 93
       33
310
78EC2B09083C0200012B2AD0611B7FD0F2E67A8014036C12B99024A043FFFFFFFD
  0
ACAD_PROXY_OBJECT
  5
133221
100
AcDbProxyObject
 90
        0
 91
      500
 95
 18743329
 71
     0
 97
        0
 70
     0
 93
       12
310
94133333333333372FEACAAE
  0
ACAD_PROXY_OBJECT
  5
133222
100
AcDbProxyObject
 90
        0
 91
      500
 95
 18743329
 71
     0
 97
        0
 70
     0
 93
       12
310
94133333333333372FEAD2AE
  0
ACAD_PROXY_OBJECT
  5
133223
100
AcDbProxyObject
 90
        0
 91
      500
 95
 18743329
 71
     0
 97
        0
 70
     0
 93
       35
310
78EC2B69083C0200010250949AA694C84807E46547D023123A0482A02A8D4ABAAFA957
  0
ACAD_PROXY_OBJECT
  5
133224
100
AcDbProxyObject
 90
        0
 91
      500
 95
 18743329
 71
     0
 97
        0
 70
     0
 93
       30
310
78EC2B89083C0200015540000000000001A605480ABA80ABB2BB5480D520
1001
ACAUTHENVIRON
1010
1.1596
1020
-21.1596
1030
0.0
  0
ACAD_PROXY_OBJECT
  5
133225
100
AcDbProxyObject
 90
        0
 91
      500
 95
 18743329
 71
     0
 97
        0
 70
     0
 93
       34
310
78EC2BA9083C0200012BCAFC0000000000001A6053FFFFFFFE0000000000000D3024
  0
ACAD_PROXY_OBJECT
  5
133226
100
AcDbProxyObject
 90
        0
 91
      500
 95
 18743329
 71
     0
 97
        0
 70
     0
 93
       12
310
94133333333333372FEAF2B8
  0
ACAD_PROXY_OBJECT
  5
133227
100
AcDbProxyObject
 90
        0
 91
      500
 95
 18743329
 71
     0
 97
        0
 70
     0
 93
       12
310
94133333333333372FEAFAB8
  0
ACAD_PROXY_OBJECT
  5
133228
100
AcDbProxyObject
 90
        0
 91
      500
 95
 18743329
 71
     0
 97
        0
 70
     0
 93
       70
310
78EC2C09083C020001177E1DBED68860C800BDF6ECF3B641B604814AE2B8816015685304461EA00C76A36B7715A060003E2845140214E040595CBF2A3915E02028120481CC00
  0
SORTENTSTABLE
  5
133229
330
13320E
100
AcDbSortentsTable
330
13320D
  0
ACAD_PROXY_OBJECT
  5
13322A
100
AcDbProxyObject
 90
        0
 91
      500
 95
417464450
 71
     0
 97
        0
 70
     0
  0
SORTENTSTABLE
  5
113EF
330
1CE
100
AcDbSortentsTable
330
1F
331
13306F
  5
133074
331
133070
  5
133075
331
133071
  5
133076
331
133073
  5
133099
331
133074
  5
13309A
331
133075
  5
13309E
331
133076
  5
133100
331
133099
  5
133101
331
13309A
  5
133124
331
13309E
  5
133146
331
133101
  5
133148
331
133306
  5
133334
331
1333FE
  5
133402
331
1333FF
  5
133403
  0
DIMASSOC
  5
132CAD
330
132CAC
100
AcDbDimAssoc
330
132CAB
 90
        3
 70
     0
 71
     0
  1
AcDbOsnapPointRef
 72
     2
331
132C7A
 73
     2
 91
        0
301

 40
0.5
 10
0.0
 20
0.0
 30
0.0
 74
     0
 92
        0
302

 75
     0
  1
AcDbOsnapPointRef
 72
     2
331
132C7F
 73
     2
 91
        0
301

 40
0.5
 10
0.0
 20
0.0
 30
0.0
 74
     0
 92
        0
302

 75
     0
  0
DIMASSOC
  5
132CB0
330
132CAF
100
AcDbDimAssoc
330
132CAE
 90
        3
 70
     0
 71
     0
  1
AcDbOsnapPointRef
 72
     2
331
132C80
 73
     2
 91
        0
301

 40
0.5
 10
0.0
 20
0.0
 30
0.0
 74
     0
 92
        0
302

 75
     0
  1
AcDbOsnapPointRef
 72
     2
331
132C7C
 73
     2
 91
        0
301

 40
0.5
 10
0.0
 20
0.0
 30
0.0
 74
     0
 92
        0
302

 75
     0
  0
ACDBASSOCNETWORK
  5
11EB97
330
11EB96
100
AcDbAssocAction
100
AcDbAssocNetwork
  0
ACDBDETAILVIEWSTYLE
  5
940
330
21B
100
AcDbModelDocViewStyle
 70
     0
  3

290
     0
100
AcDbDetailViewStyle
  0
ACDBDETAILVIEWSTYLE
  5
21C
330
21B
100
AcDbModelDocViewStyle
 70
     0
  3

290
     0
100
AcDbDetailViewStyle
  0
SORTENTSTABLE
  5
380
330
37F
100
AcDbSortentsTable
330
37E
  0
SORTENTSTABLE
  5
E87
330
E86
100
AcDbSortentsTable
330
E85
  0
ACAD_PROXY_OBJECT
  5
133154
100
AcDbProxyObject
 90
        0
 91
      500
 95
 18743329
 71
     0
 97
        0
 70
     0
 93
       41
310
78EC2029083C020001400702656835418E00006066666666258152052148220281A0481A0681A0881A
  0
ACAD_PROXY_OBJECT
  5
133155
100
AcDbProxyObject
 90
        0
 91
      500
 95
 18743329
 71
     0
 97
        0
 70
     0
 93
       33
310
78EC2049083C02000120682001C0995A0D506380001819999999896043FFFFFFFD
  0
ACAD_PROXY_OBJECT
  5
133156
100
AcDbProxyObject
 90
        0
 91
      500
 95
 18743329
 71
     0
 97
        0
 70
     0
 93
        4
310
94481A02
  0
ACAD_PROXY_OBJECT
  5
133157
100
AcDbProxyObject
 90
        0
 91
      500
 95
 18743329
 71
     0
 97
        0
 70
     0
 93
        4
310
94482202
  0
ACAD_PROXY_OBJECT
  5
133210
100
AcDbProxyObject
 90
        0
 91
      500
 95
 18743329
 71
     0
 97
        0
 70
     0
 93
       54
310
78EC2749083C02000155000000000000068815480A7680A772775080E399EF1E2C338082800000000000028810000000000000288120
1001
ACAUTHENVIRON
1010
22.8572
1020
-14.1292
1030
0.0
  0
ACAD_PROXY_OBJECT
  5
133211
100
AcDbProxyObject
 90
        0
 91
      500
 95
 18743329
 71
     0
 97
        0
 70
     0
 93
       34
310
78EC2769083C0200012789E8000000000000688153FFFFFFFC0000000000003440A4
  0
ACAD_PROXY_OBJECT
  5
133212
100
AcDbProxyObject
 90
        0
 91
      500
 95
 18743329
 71
     0
 97
        0
 70
     0
 93
       12
310
94133333333333372FE9E274
  0
ACAD_PROXY_OBJECT
  5
133213
100
AcDbProxyObject
 90
        0
 91
      500
 95
 18743329
 71
     0
 97
        0
 70
     0
 93
       12
310
94133333333333372FE9EA74
  0
XRECORD
  5
14868
330
14867
100
AcDbXrecord
280
     1
 90
        1
340
10D
  0
XRECORD
  5
1486C
330
1486B
100
AcDbXrecord
280
     1
 90
        1
340
10D
  0
XRECORD
  5
1FA
330
1F9
100
AcDbXrecord
280
     1
 70
     1
 90
429727718
  1
D62C5603-E3A1-4AEA-B7FB-FE5D8D0755AF
310
504B03040A0000080000CC70623B3DEE336E79000000790000001B0000006175746F6465736B2D64657369676E2D7061636B6167652E786D6C3C3F786D6C2076657273696F6E3D22312E302220656E636F64696E673D227574662D3822203F3E3C666F726D6174733E3C666F726D61743E687474703A2F2F736368656D612E
310
6175746F6465736B2E636F6D2F64657369676E2D7061636B6167652F323030393C2F666F726D61743E3C2F666F726D6174733E504B0304140006080800CC70623BD486FD9CA0000000F4000000130000005B436F6E74656E745F54797065735D2E786D6C7D8EC10E82300C865F65E91D8A1E8C310C0EEA1BF002731658846E
310
D98AC1B77784ABF1D8FE5FBFBF75BBCE937A534CCEB38643598122B6FEE978D0B0485F9C41B54DDD7D022595594E1A469170414C76A4D9A4D207E29CF43ECE46F218070CC6BECC4078ACAA135ACF422C856C0E68EA1BF5669944DDD7BCDE7B1F8E415D77AECB980613C2E4AC91FC167A2B244592486606FC29C8FD7F045B9A
310
EF7053A7E60B504B0304140006080800CC70623B853B8169EB0000007C01000008000000636F72652E786D6C8D90416EC3201045AF62CDB6C206821CC7C244919D9CA01740401C94182C03558F5F9C3852BBEB6A467FFE9B197D7EFC9E1EC5975982F5AE035262288C535E5B377690E21535501C055FBC8FBF6C503839990E
310
5619041F179FE64D52DE45E362569DD7661365082642A11EB9E920A89B99642953CC8E702F67A9EE7234257977194EC9EAE275C4EABCCF5EAD5940D4AC6F0E35A568B8F43562CD7046CD199FD07E60174276A7BE677B5EADB0E0D14EEFFB6A31321A0D82627C4084204C3F096B71DD52F6819B16635EADF63F509AF53FA164
310
5DDCD1EDDD17164090FCC8732078B56691CB33A85CD7DCC40F504B0304140006080800CC70623B55019EA25F0000007C00000007000000636E782E786D6C4DCB3B0E80201045D1AD90E915ED2CF8AC45050C11660C8261F98AB1B07AC9C97D42D718D865D3E909258CFD00CCE24AC6E326A164D74DC0B4128928FF32603847
310
2BA13128B1252AC747C6BAB984FC68F0B87FE8960A5C09FE86CFB69FBA01504B0304140006080800CC70623BDBABAAF470010000D40300000C0000006662782F636F72652E786D6CC553D16E823014FD95A6AF4B694182CC941A83FA05FB810A9511A125A5257EFE2E82712ECEB8A7F100CD39F7F69E734AF9FADC366850B6
310
AF8DCE7018308C942E4C59EB2AC3DE1D498AD15A706B8CFB56869196ADCAF00863C12B6B7C374385D14E6907A836A59A41D9F7CA615434B0C8705F7CAA5606D23BA8E84F41278B93AC54100640439DE0BDB320004D43C63716C7C399D30917DCFBBA9CD9BA8469F5B156168B24CED3F7248AC8769F27244EB73B92EED8862C
310
B7F13E0C179B3C8F979C8ECD82BBBABDAA2BAC924E9558448CBD9330242CFA08E3154B5651FCC6D215639C8EE5774DBE2B5F6CF2B5768B68963BB5F5588420E442FC700B1139D4CB01F450C1E918227C2E09DF070D8140C84E1E9AAB8F1340832A9CB13130A5F1376A908D57309505ECF2A0DF179C4E9D30F5B239B87E3823
310
7A79C6F31DE1A8A5AEC08474B03C7837EAE4938639B44E5932B833D2C6B6B279CDC613877FA26EE21F4A2A4C63EC7F29A2F301D1F9F7A0E37D145F504B0304140006080800CC70623B9C113CC27E0000009D0000000B0000006662782F636E782E786D6C4DCCDF0A83201C86E15B91DFB94BFB330DD428C8FB886521330DA7
310
6397BF1A1DECE883878F57749FCDA1B7892F1BBC047A23808C7F84D9FA55424E0BE6803A256208E9EF06C84F9B91703228B1C690F78B66B34CD9A5439DF5CF0BFBF65E35BCA1B8D6A5C6F540381E886698B5741C695F9503EBA150A2F8958E3DC3EA0B504B0304140006080800CC70623B7DF2F77C2A010000120200003100
310
00006662782F41393633353835312D344632462D344230382D423046372D3739314545314133324237412F636F72652E786D6C8D51DB8EC22014FC15C2939B0D2DB4B45643319AE817EC0F6041255A68B86CFCFC856D4D76DF7CE190393373060EDB3DC707F856CE6B6B7A480A0C81328395DA5C7B18C3057510EC3873D686
310
3F34088C18550F330C39BB3A1BA7051AAC09CA84841A2BD5020AEF55806078A44B0FFD7053A328440C89E1EFC52486BBB8AA8214A99D789CF9E05200300FC927E4FB4D5B375D43103D5527440FB843077C5AA3F5861C8F645F5787F59E95B390B318B55CE45AA638FAA2957BD7248B390B7A7CC51F9C124149C82B8C378810
310
84AB2F42B7B8DD56F413775B8C5999E9FF4471926F8AA236A1AE96B8B3CC434E5839373893369E1FAF30EA395917409EB7F26AF8801C171837A4A6AC9C89E9F9C9B1A58BA30FD6A5EF5DDDCF894B9AD9B6A59C957943A9FCAE2FD5BC4DFE03504B0304140006080800CC70623BAD7543B64E01000033030000300000006662
310
782F41393633353835312D344632462D344230382D423046372D3739314545314133324237412F636E782E786D6CD593CD6EC32010845F0571AD6CE3D48AD20813A9873E410FBD12D82434182C7EAAE6EDBB2424CD25871E7B41D6EC30B3FA84F9E67BB2E40B4234DE8DB46F1925E094D7C6ED479AD3AE5951B2113C789FEE
310
6C943839C1488B4C05DF079FE72A69D8C96C13AAD6B8631503449F83828872B949AC57D26200B826A308D316B4064D6E46FCDA41C05550DC9E483A00797BFD207EFB092A45DE9514C1BBD22178396BD39D891265658C238DEA00936C654E5E433CB65A26D9F6EDB5EBC14EBF49A45CB856E66048291F6939A9A81BB5C89177
310
38143CA680F4AA299D66A042CEB3354A2684DC9D8D178FE0D9B8B41CAAD720F880EE7EF93C0C18769E099ECC04D5A102C8049A8A05632F4DDF376CF1DE0F6BB65C2F8627B65A33C6BB62177CEBBDAD973006829F89F22E814B54F4BC2BE347F8AA8F681390B50FA73F804400B5F542E796F19FF974E7F78DB802FE05E20750
310
4B0304140006080800CC70623BE75B7789680500003C100000340000006662782F41393633353835312D344632462D344230382D423046372D3739314545314133324237412F6F626A656374732E786D6CAD575B8F9B3818FD2B887D06C22499CB8AA1CA655245D5B455A356FB305264C061D8018C6C3393D95FBFC7600890
310
A4CD5EF210B0B1BFEBF98E3F7B1FF6596ABC522E1296DF9BAE3D320D9A872C4AF2F8DE2CE5CEBA358D0FBEC719939D65A691938CDE9B6ADAF4BD98B3B2D05311DD91329583D9D5FC0F438434A7A611A644887B5384CF34233629258BA878B12322891DEFF6B66BD70BFB62634E8AE781D082709A4B588AF91C528CDA28B73F
310
1C998EEF39EABBEFA97FBD6A7C7E9553F9D3D79FE442923C3C523610337627CB87ABE99D359D4CC6D6E4FACAB5E6ABF9D2726FC6A3C5F56271377BB88362213924694B38DD99FE47C48627A1E7D49F5A8BB5E1A74C0A599ED3B0F21F1E56366B89112D681E218F0915D0D6F17AD41FBA2A369DCF6335D62ABBD39779D5DDD1
310
11D4D8DE3CBB96B2E04FB8202E41051754A1AA8E8F76B4C6DFE810B580B1547F4B84911149794252234D024EF8BBE963A95AE27B3D310A9D5C215C7960FAEE415ED75694C6AFB17BCACA5D99A60A9AA65F217B0BFC53292ACB92BF283FAD0D3621576592CB5BED907C2FA8E9DF794E35E97BEA31BED21FEB401ABB94C44839
310
DCACBF0E1C5DA8DA5B2F4DFFD32AD86F543D9E565E7056502E157C00AD2671CD534549AB752FCA9CDA00677A313F04E51B22FF19E57B300579E3C97EB29F682D92935CEC18CF901B7B54FD8C51F362B56FC72FE0B3C1EAE335EDCCBF5AEC39ADB17DC238973F804BA5E6F6BFE7AF1FB32E523BE9F3BD571418E3631DCA4D48
310
5250CF639223210A9446CA30052EDF057BD35F8329C1ECD84552BF0DC8D18BE7BCE23BFE6BD960AB4A7DE79923A103BEBD80F911CBAA2C60DB19B01CF164A5583B772EE6D3FFA56666CBCDA74DC97724A48F9A58967497E489C4D979006FD7A05E227A1EBDD0F737C623387A9C844D3709995625106D157315F8B8392CD4E0
310
A0B9A720C4BE9829CEF37EA1E13111214D53925356365ADA634861B52519DD27A00AEB808EAF0628E6F435519D446F45CF2C9CF5214F0A15B2F6D06B79DA3EE3CBF7F56780D2F4E7EF73A0F5E5B02A38D07DC852C6B7C1FBB6664213E0C39E3EBA7FF4E1AD23EA2829407C85E586727488B751B2DB9502BC7B228A3FD68B6E
310
A65A22397E690AA8D158D7E404EC8CDA235CC3B7D1898680131CEC2CDF2638C65196279577750F15884AEE19F94199155B92B13297978469D4F8D358DF0AEF7631E28DC8F0D9F437D5D39A83B2231A1D52D543813A824EF8D44BCFF2FA6A31BD1E8DAD87F1CCB526B3879935BF59CDADD5C37479BB1CDD4CA7B3556B516589
310
EF352754B706114D9C885EC9131DE6EFEB43D99AFE2391C2F958179413D7CFEF6B1B6DB1E7600F00DE6E5C67454A339A4BA2E0FBA85ED26F045D454F463DBFCE484C2F90F2E5E3666003662ED8F755951A7D1BECD5B30B550B2785C8E7320B7292A4838DDA71BBC863ED7613CAF659337A3354231D4FF4A182A54904C2898C
310
98B28C4AD0CE056CCF332A80986E571EE9DBC305BB5FEB7E509220A58D25CF042D712A806AC0AD0C657FDEF80D2D9CEAA2EE4D1C76F60BFE74219A06527D6F82DF6412526107381E55E353090704D085B52408A8913C4ED159D79BDA71BB4BC506F4831350EB6F975CD22D69BF7AC49B91A2C0A9DDA3D5CA36AD20FC478E37
310
E61844E2352865EBCB61A275A65283CAAA9DD27703B4102F5AF51EF5F573B75CBB5AD38BC845F7A49F82A0966A49C2E3EA5EA0ECD326CD965F1DB402C6FA8B51A4658C5C5E2EC9E214602E55810345408596591009A82E7E7FFACA19EEA299B14A0081A705CB3296EBC14CDF658DCD336EA6D1136881AAEB87B81AB9EE53D5
310
F5EB8BC8362082DA24122F98680A4E7930C01A0079749CEA14382A0783E5EBA5A10F8C098456A03D6A4AEB6BB881E2513747552A5DB22C7EDAF83BD5528081A365F7FF06504B0304140006080000CC70623B000000000000000000000000350000006662782F41393633353835312D344632462D344230382D423046372D37
310
39314545314133324237412F76657274696365732E62696E504B0304140006080800CC70623BF270F1330600000004000000360000006662782F41393633353835312D344632462D344230382D423046372D3739314545314133324237412F747269616E676C65732E62696E636660600000504B0304140006080000CC7062
310
3B000000000000000000000000370000006662782F41393633353835312D344632462D344230382D423046372D3739314545314133324237412F617474726962757465732E62696E504B0304140006080800CC70623B08DA0BD19000000041010000360000006662782F41393633353835312D344632462D344230382D4230
310
46372D3739314545314133324237412F6469726563746F72792E786D6C858F410AC3201045AF22B36F53E9A60B35CBEEBAE80D244E44489C6234F4F835464A48035D0DF398FF9F8AF63D0E6CC63039F212F8F9020C7D47C6792B21C5FE7403D62A1188E2E60C98D7234A5830286103A55745067B9D86B8A3CF9C7F90C11DE6
310
07FB144396D7B6A82D282E9A152AD114D5EF2CB866EEE831B8EEA07A7BB5A8D7D61A2BAAEB7FD5F70921FF497D00504B0304140006080800CC70623BEDD1DC58FD000000A00100003B0000006662782F41393633353835312D344632462D344230382D423046372D3739314545314133324237412F7265736F75726365732F
310
636F72652E786D6C8D504B6E833010BD0A9A6D65B00922041947112427E8052C33A156828DFCA97AFC9A40A576D7CDCCE87D344F8F9FBFE667F689CE6B6B3A6039850C8DB2A336530731DC4903D95970676DF82583CCC8193B5861107C72362E3BA4AC096842428D1D7107A5F7182053CF7474E0D507CE32973124857FE48B
310
540F3961CEF244279DE03EB81420DB9EAC1384436FA353E879B1B182C7A8C75DA3C7F453DF353A1075D537A7BA6464B8F535A99AE14A9A2BBD90E350DD183B5CFABE3AF262350B1EF4FC9351399401471025A527C218A1E53BAB5A5AB765F5469B96525EACF23FA6B88CFF34456DC2A1DCE36E360F82A5202F42F062ED2BAD
310
579969AFDD8A6F504B010214000A0000080000CC70623B3DEE336E79000000790000001B00000000000000000000000000000000006175746F6465736B2D64657369676E2D7061636B6167652E786D6C504B01021400140006080800CC70623BD486FD9CA0000000F40000001300000000000000000000000000B20000005B
310
436F6E74656E745F54797065735D2E786D6C504B01021400140006080800CC70623B853B8169EB0000007C010000080000000000000000000000000083010000636F72652E786D6C504B01021400140006080800CC70623B55019EA25F0000007C000000070000000000000000000000000094020000636E782E786D6C504B
310
01021400140006080800CC70623BDBABAAF470010000D40300000C00000000000000000000000000180300006662782F636F72652E786D6C504B01021400140006080800CC70623B9C113CC27E0000009D0000000B00000000000000000000000000B20400006662782F636E782E786D6C504B01021400140006080800CC70
310
623B7DF2F77C2A010000120200003100000000000000000000000000590500006662782F41393633353835312D344632462D344230382D423046372D3739314545314133324237412F636F72652E786D6C504B01021400140006080800CC70623BAD7543B64E010000330300003000000000000000000000000000D2060000
310
6662782F41393633353835312D344632462D344230382D423046372D3739314545314133324237412F636E782E786D6C504B01021400140006080800CC70623BE75B7789680500003C10000034000000000000000000000000006E0800006662782F41393633353835312D344632462D344230382D423046372D3739314545
310
314133324237412F6F626A656374732E786D6C504B01021400140006080000CC70623B0000000000000000000000003500000000000000000000000000280E00006662782F41393633353835312D344632462D344230382D423046372D3739314545314133324237412F76657274696365732E62696E504B01021400140006
310
080800CC70623BF270F133060000000400000036000000000000000000000000007B0E00006662782F41393633353835312D344632462D344230382D423046372D3739314545314133324237412F747269616E676C65732E62696E504B01021400140006080000CC70623B0000000000000000000000003700000000000000
310
000000000000D50E00006662782F41393633353835312D344632462D344230382D423046372D3739314545314133324237412F617474726962757465732E62696E504B01021400140006080800CC70623B08DA0BD1900000004101000036000000000000000000000000002A0F00006662782F41393633353835312D344632
310
462D344230382D423046372D3739314545314133324237412F6469726563746F72792E786D6C504B01021400140006080800CC70623BEDD1DC58FD000000A00100003B000000000000000000000000000E1000006662782F41393633353835312D344632462D344230382D423046372D3739314545314133324237412F7265
310
736F75726365732F636F72652E786D6C504B0506000000000E000E0080040000641100000000
  0
XRECORD
  5
1F8
330
1F7
100
AcDbXrecord
280
     1
 70
     1
 90
429727718
  1
30362254-06B7-45E0-A893-8CFA70E3D6BC
310
504B03040A0000080000CC70623B3DEE336E79000000790000001B0000006175746F6465736B2D64657369676E2D7061636B6167652E786D6C3C3F786D6C2076657273696F6E3D22312E302220656E636F64696E673D227574662D3822203F3E3C666F726D6174733E3C666F726D61743E687474703A2F2F736368656D612E
310
6175746F6465736B2E636F6D2F64657369676E2D7061636B6167652F323030393C2F666F726D61743E3C2F666F726D6174733E504B0304140006080800CC70623BD486FD9CA0000000F4000000130000005B436F6E74656E745F54797065735D2E786D6C7D8EC10E82300C865F65E91D8A1E8C310C0EEA1BF002731658846E
310
D98AC1B77784ABF1D8FE5FBFBF75BBCE937A534CCEB38643598122B6FEE978D0B0485F9C41B54DDD7D022595594E1A469170414C76A4D9A4D207E29CF43ECE46F218070CC6BECC4078ACAA135ACF422C856C0E68EA1BF5669944DDD7BCDE7B1F8E415D77AECB980613C2E4AC91FC167A2B244592486606FC29C8FD7F045B9A
310
EF7053A7E60B504B0304140006080800CC70623B1EC5D7A3EB0000007C01000008000000636F72652E786D6C8D90416EC3201045AF82665B6103C6756C6122AB4D4ED00B204C5C94182C03558F5F9C3852BBEB6A467FFE9B197D71FC9E6FE8CBACC17AD7032D0820E3B41FAD9B7A48F1820F808E52ACDEC75F36404ECDA687
310
4D0629A6D5A76597B477D1B89855E747B38B2A041301E95B6E7A08FAD3CCAA50296647B8168BD2573599823EBB0CA76447F43862C7BCCF5EAC59410E4DDD9C7973C2755553CCCFA4C603E3040F1565ED3B1FDE4E432BCA0D9622DAF9795FAF464533826484B498524CD807E51D79ED187F21878E10516EF63F505AC67F42C9
310
BA58B1FDDD071640D2FCC87D2045B96591CB3DA85CB7DCE40F504B0304140006080800CC70623B55019EA25F0000007C00000007000000636E782E786D6C4DCB3B0E80201045D1AD90E915ED2CF8AC45050C11660C8261F98AB1B07AC9C97D42D718D865D3E909258CFD00CCE24AC6E326A164D74DC0B4128928FF32603847
310
2BA13128B1252AC747C6BAB984FC68F0B87FE8960A5C09FE86CFB69FBA01504B0304140006080800CC70623B8C9102E971010000D40300000C0000006662782F636F72652E786D6CC5535B6E833010BC8AE5DF0A6C08340F1947A84D4ED00B38C6A128602363A31CBFCB234A53A551FA553EC09AD9F5CE8C31DB9E9B1AF5CA
310
7695D1198E428A91D2D214952E33ECDD315861B4E5CC1AE3BE9561A445A3323CC098B3D21ADFCE9034DA29ED00D5A6503328BA4E398C640D8B0C77F253352214DE4145770A5B214FA2546114020D759C75CE8200340D19DE981F0F6746269C33EFAB6266AB02A655C74A59CCF365BADC27CB5D902ED22848F6340DF238A141
310
BE88E2F57B92BFEDF23523433367AE6A2EEAA455C2A902F398D2751045018D3FA264435F3771F242571B4A1919CA6F9A7C5B3CD9E42BED16F12C776AEB308F40C848FC700B1139D4891EF410CEC810227CC6846F8386402064270EF5C5C709A05E49676C024C61FC95EA45ED154CA5211D1FF4FB8291A913A68E9B83EBBB33
310
E2A7673CDE118E5AE8124C0807CB8377834E366998436B950D7A7746DAD846D4CFD978E0F04FD455FC5D49D2D4C6FE9722321F10997F0F32DC47FE05504B0304140006080800CC70623BFFEA85907E0000009D0000000B0000006662782F636E782E786D6C4DCCD10A83201886E15B91FFDC95D95A811AB6F23E625948A6C3
310
E9D8E5AF46073BFAE0E1E365ED67B3E8ADC3CB78C7815C7240DA3DFC64DCC221C519D7805AC182F7F1EF06C88D9BE6703008B6049F9E274D7A1E938DBB5AE3D6131B2589BA0D3D965551E0B2EA732C9B9A624AAEB41E3A557677029960D9AFB4EF11165F504B0304140006080800CC70623B4FEEA4082C0100001202000031
310
0000006662782F39464131463745442D413632322D343644302D413938332D3331353338454246344243312F636F72652E786D6C8D515B6EC32010BC0AE2AB55850DD871ED0813254D72825EC00192A2C460F1A872FC42ED48ED5F7E00CDCECCCEB26C731F6FE05B39AFADE921293004CA082BB5B9F43086336A21D870E6AC
310
0D7F68109861543DCC30E4ECE26C9C164858139409093556AA051CBC570102714B8F1E7AF1A5C6A11862480C7F2DA6415C878B2A4891CA89C7990F2E050073937C42DE1DB7E4F87ED8A36D4329AA9B3D46DBAEAD504556557BD81DEBDD0761E52CE42C462D17B996298E3E6BE59E35C962CE821E1FF18553435012728A7187
310
0841987E927A8D9B35ADDF70BBC6989599FE4F1427F9A4286A132ABAC49D651EF234CD5CE04CDA78BA3DC2A8FB645D00B9DF8B57E215725C60BCA2A463E54C4CE327C7A65E1C7DB02E7DEFCBF594B864C5CA6CDBD49C957943E9FA5D5FBAF336F90F504B0304140006080800CC70623BAD7543B64E01000033030000300000
310
006662782F39464131463745442D413632322D343644302D413938332D3331353338454246344243312F636E782E786D6CD593CD6EC32010845F0571AD6CE3D48AD20813A9873E410FBD12D82434182C7EAAE6EDBB2424CD25871E7B41D6EC30B3FA84F9E67BB2E40B4234DE8DB46F1925E094D7C6ED479AD3AE5951B2113C
310
789FEE6C943839C1488B4C05DF079FE72A69D8C96C13AAD6B8631503449F83828872B949AC57D26200B826A308D316B4064D6E46FCDA41C05550DC9E483A00797BFD207EFB092A45DE9514C1BBD22178396BD39D891265658C238DEA00936C654E5E433CB65A26D9F6EDB5EBC14EBF49A45CB856E66048291F6939A9A81BB5
310
C8917738143CA680F4AA299D66A042CEB3354A2684DC9D8D178FE0D9B8B41CAAD720F880EE7EF93C0C18769E099ECC04D5A102C8049A8A05632F4DDF376CF1DE0F6BB65C2F8627B65A33C6BB62177CEBBDAD973006829F89F22E814B54F4BC2BE347F8AA8F681390B50FA73F804400B5F542E796F19FF974E7F78DB802FE05
310
E207504B0304140006080800CC70623B16AB87BA640500003C100000340000006662782F39464131463745442D413632322D343644302D413938332D3331353338454246344243312F6F626A656374732E786D6CAD575B6FA33818FD2B887DE6924B3BED8A326A92B68A663B534DD4D13E548A0C38942D60649B369D5FBFC7
310
600890A493BDE42160637FD7F31D7FF63E6FB3D478A55C242CBF3247B66B1A340F5994E4F19559CA8D75611A9F7D8F33263BCB4C232719BD32D5B4E97B316765A1A722BA21652A07B3B7B33F0D11D29C9A46981221AE4C113ED38CD8A4942CA2E2C58E882476BCD9DA23BB5ED8171B73523C0F841684D35CC252CCE79062D4
310
468DFA43D7747CCF51DF7D4FFDEB5593E3AB9CCA9FBEFE241792E4E19EB28198C968BAB8199F5D5A67D3E9C49A9E8F47D6EC76B6B0469F26EEFC7C3EBFBCBEB98462213924694B38DD98FE1D62C393D073EA4FADC5DAF04326852CCF6958F90F0F2B9BB5C48816348F90C7840A68EB78EDF68723159BCEE7891A6B95DDE9D3
310
BCEAEEE8086A6C6F9E5D4B59F0175C10A7A0820BAA5055C7473B5AE3CFDD452D602CD5DF12616444529E90D448938013FE6EFA58AA96F85E4F8C42275708571E98FE6827AF6B2B4AE3D7D83D64E5A64C53054DD3AF90BD06FEA9149565C94FCA0F6B834DC85599E4F2423B24DF0B6AFA979E534DFA9E7A4CC6FA631D486393
310
921829879BF5D781A373557BCB85E97FB90DB62B558F8795179C15944B051F40AB495CF35451D26A4727654E6D8033BD98EF82F21D91FF8AF2DD9982BCF1643BDD4EB516C9492E368C67C88DED563FC36D5EACF66DFF057C3658BDBFA69DF9578B3DA735B64F18C7F20770A9D45CFCF7FCF563D6456A277DBEF78A02637CA2
310
43B90A490AEAB94F72244481D24819A6C0E59B606BFA4B3025981DBB48EAB701D97BF19C577CC77F2D1B6C55A9EF3C732474C0B727303F625995056C3B02963D9EAC146BE78EC5FCEC7FA999EBC5EACBAAE41B12D27B4D2C0BBA49F244E2ECDC81B76B502F113D8F5EE8FB1BE3111CDD4FC2AA9B844CAB1288B68AB90A7CDC
310
1C166AB0D3DC5310625FCC14E779BFD0709F8890A629C9292B1B2DED31A4B0DA928CEE135085754027E3018A397D4D5427D15BD1330B677DC8934285AC3DF45A9EB68FF8F2B8FC0A509AFEECFD0FF2DE25CC6047F7214B195F07EFEB9A094D800F7BFAE8FED187B78EA8A3A400F115961BCAD1215E47C966530AF0EE8128FE
310
58CEBB996A8964FFA529A046635D9353B0336A8F700DDF46271A024E70B0B37C9DE01847591E54DED53D54202AB947E4076556AC49C6CA5C9E1226B7F1A7B1BE15DEED62C41B91E1B3E9AFAAA735036547343A925075041DF0A9979E893B391F8FCFA6967B3EFB644DCF6E5CEBFAE272625DCC6FAF3FB93793C5F90CE1EF57
310
407342756B10D1C489E8953CD1617E5CEECAD6F4EF8914CE5D5D504E5C3F1F9736DA62CFC11E00BCDDB8CC8A9466349744C1F75EBDA4DF09BA8A9E8C7A7E9991989E20E5DBDD6A6003664ED8F7A04A8DBE0DF6EAD9B9AA858342E47399053949D2C146EDB85DE4B176BB0965FBAC19BD19AA918E27FA50C1D22402E144464C
310
59462568E704B6E71915404CB72B8FF4EDE184DDAF753F284990D2C6926782963815403548A70C657FDEF80D2D9CEAA2AE4C1C76F60BFE74219A06527D6582DF6412526107381E55E353090704D085B52408D0933C4ED159D79BDA71BB4BC506F4831350EB6F979CD22D69BF7AC49B91A2C0A9DDA3D5CA36AD20FC478E37E6
310
1844E2352865EBCB6EA275A652E3836BE04EFB400BF1A2556F515F1FBB35B2AB35BD889C744FFA1004B5544B121E57F70215746DD2F5E2C1412B602CBF19455AC6C8E5E9922C4E01E65215385004546899059180EAFCF7A707CE7017CD8CDB0410789AB32C63B91E5CEBBBACB17AC6CD347A022D5075FD106377347AAABA7E
310
7D11590744509B44E205134DC1290F06580320F78E537D3D73540E06CB970B431F185308AD40BBD794D6D77003C5A36E8EAA54BA64597CD8F83BD552A080A365F7FF06504B0304140006080000CC70623B000000000000000000000000350000006662782F39464131463745442D413632322D343644302D413938332D3331
310
353338454246344243312F76657274696365732E62696E504B0304140006080800CC70623BF270F1330600000004000000360000006662782F39464131463745442D413632322D343644302D413938332D3331353338454246344243312F747269616E676C65732E62696E636660600000504B0304140006080000CC70623B
310
000000000000000000000000370000006662782F39464131463745442D413632322D343644302D413938332D3331353338454246344243312F617474726962757465732E62696E504B0304140006080800CC70623B08DA0BD19000000041010000360000006662782F39464131463745442D413632322D343644302D413938
310
332D3331353338454246344243312F6469726563746F72792E786D6C858F410AC3201045AF22B36F53E9A60B35CBEEBAE80D244E44489C6234F4F835464A48035D0DF398FF9F8AF63D0E6CC63039F212F8F9020C7D47C6792B21C5FE7403D62A1188E2E60C98D7234A5830286103A55745067B9D86B8A3CF9C7F90C11DE607
310
FB144396D7B6A82D282E9A152AD114D5EF2CB866EEE831B8EEA07A7BB5A8D7D61A2BAAEB7FD5F70921FF497D00504B0304140006080800CC70623B0D6EF93BFE000000A00100003B0000006662782F39464131463745442D413632322D343644302D413938332D3331353338454246344243312F7265736F75726365732F63
310
6F72652E786D6C8D50596E833010BD0A9ADFCA60B334011947A8694ED00B586642AC041B79A97AFC9A40A5F6AF3F33A3B7689E1E3F7DCD8FEC139DD7D6F4C0720A191A65476DA61E62B892236427C19DB5E1970C322367EC618541F0C9D9B8EC90B226A009093576C41D94DE63804C3DD2D18357379C652E63480A7FCF17A9
310
EE72C29CE5894E3AC17D702940B63D59270887DE46A7D0F36263058F518FBB468FE9A7BE6A7420864373B8D4873369AA8691FA421B3294352543C5CAF65C0F6FEF43CB8BD52C78D0F34F46E550061C419494B6843142CB0F5677F4B52BEB177AEC28E5C52AFF638ACBF84F53D42654E51E77B379102C05791282176B5F693D
310
CB4C7BED567C03504B010214000A0000080000CC70623B3DEE336E79000000790000001B00000000000000000000000000000000006175746F6465736B2D64657369676E2D7061636B6167652E786D6C504B01021400140006080800CC70623BD486FD9CA0000000F40000001300000000000000000000000000B20000005B
310
436F6E74656E745F54797065735D2E786D6C504B01021400140006080800CC70623B1EC5D7A3EB0000007C010000080000000000000000000000000083010000636F72652E786D6C504B01021400140006080800CC70623B55019EA25F0000007C000000070000000000000000000000000094020000636E782E786D6C504B
310
01021400140006080800CC70623B8C9102E971010000D40300000C00000000000000000000000000180300006662782F636F72652E786D6C504B01021400140006080800CC70623BFFEA85907E0000009D0000000B00000000000000000000000000B30400006662782F636E782E786D6C504B01021400140006080800CC70
310
623B4FEEA4082C0100001202000031000000000000000000000000005A0500006662782F39464131463745442D413632322D343644302D413938332D3331353338454246344243312F636F72652E786D6C504B01021400140006080800CC70623BAD7543B64E010000330300003000000000000000000000000000D5060000
310
6662782F39464131463745442D413632322D343644302D413938332D3331353338454246344243312F636E782E786D6C504B01021400140006080800CC70623B16AB87BA640500003C1000003400000000000000000000000000710800006662782F39464131463745442D413632322D343644302D413938332D3331353338
310
454246344243312F6F626A656374732E786D6C504B01021400140006080000CC70623B0000000000000000000000003500000000000000000000000000270E00006662782F39464131463745442D413632322D343644302D413938332D3331353338454246344243312F76657274696365732E62696E504B01021400140006
310
080800CC70623BF270F133060000000400000036000000000000000000000000007A0E00006662782F39464131463745442D413632322D343644302D413938332D3331353338454246344243312F747269616E676C65732E62696E504B01021400140006080000CC70623B0000000000000000000000003700000000000000
310
000000000000D40E00006662782F39464131463745442D413632322D343644302D413938332D3331353338454246344243312F617474726962757465732E62696E504B01021400140006080800CC70623B08DA0BD190000000410100003600000000000000000000000000290F00006662782F39464131463745442D413632
310
322D343644302D413938332D3331353338454246344243312F6469726563746F72792E786D6C504B01021400140006080800CC70623B0D6EF93BFE000000A00100003B000000000000000000000000000D1000006662782F39464131463745442D413632322D343644302D413938332D3331353338454246344243312F7265
310
736F75726365732F636F72652E786D6C504B0506000000000E000E0080040000641100000000
  0
XRECORD
  5
175
330
173
100
AcDbXrecord
280
     1
270
     1
271
     1
  0
XRECORD
  5
174
330
173
100
AcDbXrecord
280
     1
270
     1
271
     1
  0
XRECORD
  5
1FB
330
173
100
AcDbXrecord
280
     1
 70
     0
 90
1673772943
  1
ECE7A1D2-D628-4531-984C-D00F80459256
310
504B03040A0000080000CC70623B3DEE336E79000000790000001B0000006175746F6465736B2D64657369676E2D7061636B6167652E786D6C3C3F786D6C2076657273696F6E3D22312E302220656E636F64696E673D227574662D3822203F3E3C666F726D6174733E3C666F726D61743E687474703A2F2F736368656D612E
310
6175746F6465736B2E636F6D2F64657369676E2D7061636B6167652F323030393C2F666F726D61743E3C2F666F726D6174733E504B0304140006080800CC70623BD486FD9CA0000000F4000000130000005B436F6E74656E745F54797065735D2E786D6C7D8EC10E82300C865F65E91D8A1E8C310C0EEA1BF002731658846E
310
D98AC1B77784ABF1D8FE5FBFBF75BBCE937A534CCEB38643598122B6FEE978D0B0485F9C41B54DDD7D022595594E1A469170414C76A4D9A4D207E29CF43ECE46F218070CC6BECC4078ACAA135ACF422C856C0E68EA1BF5669944DDD7BCDE7B1F8E415D77AECB980613C2E4AC91FC167A2B244592486606FC29C8FD7F045B9A
310
EF7053A7E60B504B0304140006080800CC70623BD9DDAED0EC0000007C01000008000000636F72652E786D6C8D90416EC3201045AF82665B61836D9CD8C2444DD39CA01740405C94182C03558F5F9C3852BBEB6A467FFE9B197D7EF89E6EE8CB2CC17A37002D0820E394D7D68D03A478C17B4007C117EFE32F1B20272733C0
310
2A83E0E3E2D3BC49CABB685CCCAAF3DA6CA20CC14440EA969B0182FA34932C648AD911AEC52CD5558EA6A0CF2EC329598D1E47ACCEFBECC59A050463A7EA5833865FEBDD0E37353BE3EE8DBDE3F6786A48D375FBF6CC78B9C282473B3DEFABC5C86834888A900E538A49F5419B9EB47DD5BC907D4F082F57FB1F28CDFA9F50
310
B22ED6D5F6EE030B20687EE43E10BC5CB3C8E51E54AE6B6EE207504B0304140006080800CC70623B55019EA25F0000007C00000007000000636E782E786D6C4DCB3B0E80201045D1AD90E915ED2CF8AC45050C11660C8261F98AB1B07AC9C97D42D718D865D3E909258CFD00CCE24AC6E326A164D74DC0B4128928FF326038
310
472BA13128B1252AC747C6BAB984FC68F0B87FE8960A5C09FE86CFB69FBA01504B0304140006080800CC70623BA24EB22D72010000D40300000C0000006662782F636F72652E786D6CC5535B6E833010BC8AE5DF0A6C5E49888CA3A6694ED00B38E05014B091B1518EDFE511A5A9D228FD2A1F60CDEC7A67C6986DCE4D8D7A
310
69BA4AAB0C073EC548AA5C17952A33ECECD15B61B4E1CC686DBF9561A44423333CC098B3D268D7CE50AE9595CA02AA74216750749DB418E5352C32DCE59FB211BE70162ABA93DF8AFC244AE9073ED050C759670D0840D390E18DF9F1706664C23973AE2A66B62A605A75ACA4C13C4976E1364A12EF355A2EBD384AF65EFA96
310
BC7B8BED2EA6719AAE16FB8491A199335B351775B991C2CA02F390D2D40B028F861F41BCA68B7518BFD0D59A524686F29B26D7164F36B94AD9289CE54E6D1DE6010819891F6E21228B3AD1831EC219194284CF98F06DD01008846CC5A1BEF83801D4CBDC6A1303536877A57A513B0953A94FC707FDBE6064EA84A9E3E6E0FA
310
EE8CF0E9198F7784A316AA0413C2C2F2E0ECA0934D1AE6D05A69BCDE9E91D2A611F573361E38FC1375157F5752AE6B6DFE4B11990F88CCBF0719EE23FF02504B0304140006080800CC70623B408A7D3B7C0000009D0000000B0000006662782F636E782E786D6C4DCCD10A83201886E15B91FFDC552A92A0064DBC8F581632
310
D3703A76F9ABD1C18E3E78F878E5F0D9027ABBFCF2292AE86E2D20171F69F6715550CB827B40839639A5F2770314A7CD293819B45C73AAFB45B35BA61ACAA1C1C7E7855C58C15BC331339661262CC762340413D68D77DA5B42298546CBE6573AF60CEB2F504B0304140006080800CC70623B449FB9BD290100001202000031
310
0000006662782F36394639363044362D344446342D343946362D394244322D3234314243333846323333332F636F72652E786D6C8D515B6EC32010BC0AE22B55850D98B871848994463E412FE002495162B07854397EA176A4F62F3F2C9A9D991D587EB84F37F0AD7D30CEF6905418026DA553C65E7A98E219ED203808EE9D
310
8B7F6810D871D23D2C3014FCE25D9A57483A1BB58D19B54EE9151C43D0110279CB971E06F9A5A7B11A53CC8C70ADE6515EC78BAE4895DB992778883E0700CB907242D17643D7E2538BD869608875438BBAE38922CAC8F1BDD90DB4691A5E2F42C153326A951B95E398B3D1FE599322163C9AE9115F7A3D46ADA0A018778810
310
84E907617BDCEE297BC5BB3DC6BC2EF47FA234AB2745C9D8D8D035EE220B50105E2F0DC1954B9FB747187D9F9D8FA0CCDB042D5FA0C015C65B42DF78BD10F3F3B363CB56C7109DCFDFBBB97E662ED92EB62D13BC2E1BCAE5777DB9966D8A1F504B0304140006080800CC70623BAD7543B64E01000033030000300000006662
310
782F36394639363044362D344446342D343946362D394244322D3234314243333846323333332F636E782E786D6CD593CD6EC32010845F0571AD6CE3D48AD20813A9873E410FBD12D82434182C7EAAE6EDBB2424CD25871E7B41D6EC30B3FA84F9E67BB2E40B4234DE8DB46F1925E094D7C6ED479AD3AE5951B2113C789FEE
310
6C943839C1488B4C05DF079FE72A69D8C96C13AAD6B8631503449F83828872B949AC57D26200B826A308D316B4064D6E46FCDA41C05550DC9E483A00797BFD207EFB092A45DE9514C1BBD22178396BD39D891265658C238DEA00936C654E5E433CB65A26D9F6EDB5EBC14EBF49A45CB856E66048291F6939A9A81BB5C89177
310
38143CA680F4AA299D66A042CEB3354A2684DC9D8D178FE0D9B8B41CAAD720F880EE7EF93C0C18769E099ECC04D5A102C8049A8A05632F4DDF376CF1DE0F6BB65C2F8627B65A33C6BB62177CEBBDAD973006829F89F22E814B54F4BC2BE347F8AA8F681390B50FA73F804400B5F542E796F19FF974E7F78DB802FE05E20750
310
4B0304140006080800CC70623B8D05915C650500003B100000340000006662782F36394639363044362D344446342D343946362D394244322D3234314243333846323333332F6F626A656374732E786D6CAD575B6FA33814FE2B887D06429276DA1565D4266D158D3A339A6846FB502932E050B66023DB74D2FDF5FB190C01
310
9276B2973C046C8ECFF53B17071F77456EBD502133CEAE6CDF9DD81665314F32965ED995DA3A17B6F5310C04E7AA47665B8C14F4CAD6DB7618A48257A5D94AE89654B91AEDDEDDFC61C998326A5B714EA4BCB265FC440BE2924AF184CA6737218AB8E976E7FA6E4338649B0A523E8D98964450A6A029F619B8588D52FE7039
310
B1BD30F0F4F730D0FF866AF6369557DB33949F31A9088B0F848DD8CCFCF9F2767A76E99CCDE733677E3EF59D9BBB9BA5E37F984D16E78BC5E5F5ED25044B25C0C96822E8D60EEFE11B91C581D77CEA34368A1F5329E68CD1B8B61F16D63A1B8E092D294B10C78C4A48EB593D192E7DED9BDEE7995E1B91FDEDD3ACEA9FE831
310
6A756F9F7D4D79F4274C90A7A04248AA51D5F8C718DAE06FB2F75AC4796EBE65D22A88A22223B995679120E2D50E41AA49C260C046A35368846B0BECD0DFF3EBEB8AD4F835768F69B9ADF25C43D30E6B646F807FAA64AD59F61715C7A54127C4AACA98BA3006A9D792DAE165E0D59B61A01FB3A9F9D838D2DAE62445C86166
310
F37564E842E7DE6A69879FEEA2DD5AE7E371E1A5E025154AC307D06A03D73EB5978C58FFA4C8E9033066E0F3BD53BEC1F39F91BE7B55103791EDE6BBB991A2046172CB4581D8B893FA674DDA17A77B3B7C413D1B511FD2743BFF8A38F03A658705E3ADF8015C3A3417FF3D7E439FF591DA0B5F18BC20C1B8981957AE6392A3
310
F43C640C01D1A0B4728E2DD4F26DB4B3C3152A252A3B4E913CEC1C72F012782FF88EFF8637AA552DBEF76408E8A8DE9E50F9E1CB3A2DA0DB1B6039A893B56063DC5B3E3FFB5F72E67AB9FEB4AEC496C4F4C1149625DD662C53E89D7BF0F6151A046260D1337DFDC94502430F83B0EE07A130A224BCAD7DAE1D9FB6CD422FF6
310
920702629C4BB9AE79C12F243C6432A6794E18E5552BA56B431AAB5D91317302B2B071E86C3A42B1A02F999E24061403B5D0EB639195DA655DD3EBEAB4FB862DDF579F014AD0E73C22F99E28DA57FB98E75C6CA2D74D53086D600F4786E0FE3144B771A8A7B900F03594DB8A633CBC49B2EDB69228BB479CF863B5E807AAAB
310
23872F6DFEB4129B949CA33823F58830E86D65621E10047D9DB34D862E8EAC3C2ABC2F7B2C40D67CDFE01F5545B92105AF983AC54D93D69E56FB8E797F88913F898A9FEC705D3F9D1B54EC8426FB500D40A03BD0119B06E1B95DDC7EB8F6975367793EBD70E66733DFB9BC982F9CE564727731999F5D4ECFCE3B8D6A4DC2A0
310
6D50FD148437D110834A64C6CDDF57FBACB5C307A2A477DFE4939736CFEF2B175371E0E10CF0DD1D5C15654E0BCA14D1E87DD02FF93782A162C0A3D95F1524A52770F972BF1EE9809D13CE7DD599467F8ECE9ADD85CE85A34CD45355448C64F9E8A031DC2D596ACC6E5DD93D9B82DE2EF5CAF81363A8E47996A0DE24564A79
310
4115AACE09C55E14540231FDA13C319787134EBF34E3A022514E5B4D9E0826E25C02D5805B15ABE1BEF51B26383D445DD9E875EE33FE4C22DA16427D65A3BCA92CA6D28DD01DF5DC53330704308475351050232CCD31583787BA75774AFB06E5070DD0C8EF484E19968C5D83BA5B90B244D31E54D55A372320FE4786B7EA58
310
44E135AA5467CB7EA333A61683CC6A8C3257034C10CF46F40EF9F5BE59BE5BD30C3C72D235E95D10345C1D45445A5F0BB47E46A5EBE5570F9380B5FA629579952296A773720405982B9DE04011506178964401AA8BDF1FBF0A8EAB6861DD6580C0E38217056766716DAEB2D6FA0917D3E4116581EADB879C4E7CFFB11EFACD
310
3D641311495D92C8676CB409A72D18610D803CE8A626049E8EC1887CB5B44CC39883690DDA8399B4B9855B481E7D71D4A9D22F96E5BB73BF5793020C02137BF837504B0304140006080000CC70623B000000000000000000000000350000006662782F36394639363044362D344446342D343946362D394244322D32343142
310
43333846323333332F76657274696365732E62696E504B0304140006080800CC70623BF270F1330600000004000000360000006662782F36394639363044362D344446342D343946362D394244322D3234314243333846323333332F747269616E676C65732E62696E636660600000504B0304140006080000CC70623B0000
310
00000000000000000000370000006662782F36394639363044362D344446342D343946362D394244322D3234314243333846323333332F617474726962757465732E62696E504B0304140006080800CC70623B08DA0BD19000000041010000360000006662782F36394639363044362D344446342D343946362D394244322D
310
3234314243333846323333332F6469726563746F72792E786D6C858F410AC3201045AF22B36F53E9A60B35CBEEBAE80D244E44489C6234F4F835464A48035D0DF398FF9F8AF63D0E6CC63039F212F8F9020C7D47C6792B21C5FE7403D62A1188E2E60C98D7234A5830286103A55745067B9D86B8A3CF9C7F90C11DE607FB14
310
4396D7B6A82D282E9A152AD114D5EF2CB866EEE831B8EEA07A7BB5A8D7D61A2BAAEB7FD5F70921FF497D00504B0304140006080800CC70623BCA768048FE000000A00100003B0000006662782F36394639363044362D344446342D343946362D394244322D3234314243333846323333332F7265736F75726365732F636F72
310
652E786D6C8D50596E833010BD0A9ADFCA60D600328E9AA639412F609909B1126CE4A5EAF16B0295DABFFECC8CDEA2797AECF8353F924FB44E193D409E5248504B332A3D0D10FC95B4901C39B3C6F85F3248B49871801506CE266BC2B243D2688FDA47549B11775038871E12F988C7004EDE7016A9083E2ADC3D5D84BC8B09
310
D33C8D74D471E6BC8D0192EDC93A815B742658898E651BCB59086ADC356A8C3FD555A1055ED7E7E254D615792D0F075295F585746FF53B694EE78A565DD736979A65AB9933AFE69F8CD2A2F038022F28ED489E135A7CE4554F9BBEA85E68DB53CAB255FEC71496F19FA6A0B42F8B3DEE6673C0F318E4497096AD7DC5F52C33
310
EEB55BFE0D504B010214000A0000080000CC70623B3DEE336E79000000790000001B00000000000000000000000000000000006175746F6465736B2D64657369676E2D7061636B6167652E786D6C504B01021400140006080800CC70623BD486FD9CA0000000F40000001300000000000000000000000000B20000005B436F
310
6E74656E745F54797065735D2E786D6C504B01021400140006080800CC70623BD9DDAED0EC0000007C010000080000000000000000000000000083010000636F72652E786D6C504B01021400140006080800CC70623B55019EA25F0000007C000000070000000000000000000000000095020000636E782E786D6C504B0102
310
1400140006080800CC70623BA24EB22D72010000D40300000C00000000000000000000000000190300006662782F636F72652E786D6C504B01021400140006080800CC70623B408A7D3B7C0000009D0000000B00000000000000000000000000B50400006662782F636E782E786D6C504B01021400140006080800CC70623B
310
449FB9BD290100001202000031000000000000000000000000005A0500006662782F36394639363044362D344446342D343946362D394244322D3234314243333846323333332F636F72652E786D6C504B01021400140006080800CC70623BAD7543B64E010000330300003000000000000000000000000000D20600006662
310
782F36394639363044362D344446342D343946362D394244322D3234314243333846323333332F636E782E786D6C504B01021400140006080800CC70623B8D05915C650500003B10000034000000000000000000000000006E0800006662782F36394639363044362D344446342D343946362D394244322D32343142433338
310
46323333332F6F626A656374732E786D6C504B01021400140006080000CC70623B0000000000000000000000003500000000000000000000000000250E00006662782F36394639363044362D344446342D343946362D394244322D3234314243333846323333332F76657274696365732E62696E504B010214001400060808
310
00CC70623BF270F13306000000040000003600000000000000000000000000780E00006662782F36394639363044362D344446342D343946362D394244322D3234314243333846323333332F747269616E676C65732E62696E504B01021400140006080000CC70623B00000000000000000000000037000000000000000000
310
00000000D20E00006662782F36394639363044362D344446342D343946362D394244322D3234314243333846323333332F617474726962757465732E62696E504B01021400140006080800CC70623B08DA0BD190000000410100003600000000000000000000000000270F00006662782F36394639363044362D344446342D
310
343946362D394244322D3234314243333846323333332F6469726563746F72792E786D6C504B01021400140006080800CC70623BCA768048FE000000A00100003B000000000000000000000000000B1000006662782F36394639363044362D344446342D343946362D394244322D3234314243333846323333332F7265736F
310
75726365732F636F72652E786D6C504B0506000000000E000E0080040000621100000000
  0
XRECORD
  5
176
330
173
100
AcDbXrecord
280
     1
270
     1
271
     1
  0
XRECORD
  5
177
330
173
100
AcDbXrecord
280
     1
270
     1
271
     1
  0
LAYOUT
  5
22
330
1A
100
AcDbPlotSettings
  1

  2
none_device
  4
ISO_A4_(210.00_x_297.00_MM)
  6

 40
7.5
 41
20.0
 42
7.5
 43
20.0
 44
210.0
 45
297.0
 46
11.55
 47
-13.65
 48
0.0
 49
0.0
140
0.0
141
0.0
142
1.0
143
8.7041
 70
 11952
 72
     1
 73
     0
 74
     0
  7
monochrome.ctb
 75
     0
147
0.1149
 76
     0
 77
     2
 78
   300
148
0.0
149
0.0
100
AcDbLayout
  1
Model
 70
     1
 71
     0
 10
0.0
 20
0.0
 11
12.0
 21
9.0
 12
0.0
 22
0.0
 32
0.0
 14
0.0
 24
0.0
 34
0.0
 15
0.0
 25
0.0
 35
0.0
146
0.0
 13
0.0
 23
0.0
 33
0.0
 16
1.0
 26
0.0
 36
0.0
 17
0.0
 27
1.0
 37
0.0
 76
     0
330
1F
331
EA
1001
ACAD_PSEXT
1000
None
1000
None
1000
Not applicable
1000
The layout will not be plotted unless a new plotter configuration name is selected.
1070
     0
  0
LAYOUT
  5
D3
330
1A
100
AcDbPlotSettings
  1

  2
C:\Documents and Settings\basas\Application Data\Autodesk\AutoCAD 2005\R16.1\enu\plotters\Default Windows System Printer.pc3
  4

  6

 40
0.0
 41
0.0
 42
0.0
 43
0.0
 44
0.0
 45
0.0
 46
0.0
 47
0.0
 48
0.0
 49
0.0
140
0.0
141
0.0
142
1.0
143
1.0
 70
   688
 72
     0
 73
     0
 74
     5
  7
monochrome.ctb
 75
    16
147
1.0
 76
     0
 77
     2
 78
   300
148
0.0
149
0.0
100
AcDbLayout
  1
Layout1
 70
     1
 71
     1
 10
0.0
 20
0.0
 11
12.0
 21
9.0
 12
0.0
 22
0.0
 32
0.0
 14
0.0
 24
0.0
 34
0.0
 15
0.0
 25
0.0
 35
0.0
146
0.0
 13
0.0
 23
0.0
 33
0.0
 16
1.0
 26
0.0
 36
0.0
 17
0.0
 27
1.0
 37
0.0
 76
     0
330
D2
  0
LAYOUT
  5
D7
330
1A
100
AcDbPlotSettings
  1

  2
none_device
  4
ISO_A4_(210.00_x_297.00_MM)
  6

 40
7.5
 41
20.0
 42
7.5
 43
20.0
 44
210.0
 45
297.0
 46
0.0
 47
0.0
 48
0.0
 49
0.0
140
0.0
141
0.0
142
1.0
143
1.0
 70
   688
 72
     1
 73
     1
 74
     5
  7
monochrome.ctb
 75
    16
147
1.0
 76
     0
 77
     2
 78
   300
148
0.0
149
0.0
100
AcDbLayout
  1
Layout2
 70
     1
 71
     2
 10
-20.0
 20
-7.5
 11
277.0
 21
202.5
 12
0.0
 22
0.0
 32
0.0
 14
25.7
 24
19.5
 34
0.0
 15
231.3
 25
175.5
 35
0.0
146
0.0
 13
0.0
 23
0.0
 33
0.0
 16
1.0
 26
0.0
 36
0.0
 17
0.0
 27
1.0
 37
0.0
 76
     0
330
D6
1001
ACAD_PSEXT
1000
None
1000
None
1000
Not applicable
1000
The layout will not be plotted unless a new plotter configuration name is selected.
1070
     0
  0
ENDSEC
  0
SECTION
  2
THUMBNAILIMAGE
 90
     7629
310
89504E470D0A1A0A0000000D494844520000014D000001C008030000001100CAF000000300504C5445212830FFFFFF2128300000000000000000000000000000000000000000000000000000330000660000990000CC0000FF0033000033330033660033990033CC0033FF0066000066330066660066990066CC0066FF0099
310
000099330099660099990099CC0099FF00CC0000CC3300CC6600CC9900CCCC00CCFF00FF0000FF3300FF6600FF9900FFCC00FFFF3300003300333300663300993300CC3300FF3333003333333333663333993333CC3333FF3366003366333366663366993366CC3366FF3399003399333399663399993399CC3399FF33CC00
310
33CC3333CC6633CC9933CCCC33CCFF33FF0033FF3333FF6633FF9933FFCC33FFFF6600006600336600666600996600CC6600FF6633006633336633666633996633CC6633FF6666006666336666666666996666CC6666FF6699006699336699666699996699CC6699FF66CC0066CC3366CC6666CC9966CCCC66CCFF66FF0066
310
FF3366FF6666FF9966FFCC66FFFF9900009900339900669900999900CC9900FF9933009933339933669933999933CC9933FF9966009966339966669966999966CC9966FF9999009999339999669999999999CC9999FF99CC0099CC3399CC6699CC9999CCCC99CCFF99FF0099FF3399FF6699FF9999FFCC99FFFFCC0000CC00
310
33CC0066CC0099CC00CCCC00FFCC3300CC3333CC3366CC3399CC33CCCC33FFCC6600CC6633CC6666CC6699CC66CCCC66FFCC9900CC9933CC9966CC9999CC99CCCC99FFCCCC00CCCC33CCCC66CCCC99CCCCCCCCCCFFCCFF00CCFF33CCFF66CCFF99CCFFCCCCFFFFFF0000FF0033FF0066FF0099FF00CCFF00FFFF3300FF3333
310
FF3366FF3399FF33CCFF33FFFF6600FF6633FF6666FF6699FF66CCFF66FFFF9900FF9933FF9966FF9999FF99CCFF99FFFFCC00FFCC33FFCC66FFCC99FFCCCCFFCCFFFFFF00FFFF33FFFF66FFFF99FFFFCCFFFFFF0000000D0D0D1A1A1A2828283535354343435050505D5D5D6B6B6B787878868686939393A1A1A1AEAEAEBB
310
BBBBC9C9C9D6D6D6E4E4E4F1F1F1FFFFFF0000000000000000000000000000000000000000000000000000000000002E4550F100001A884944415478DAED9D3B9AE338AF86B1032FA1D3DAC0E7A856A2C8ABE84DCC9E26E9EC3CB3894E2BFFF3635B375E401224418996A499EAB22D952EAF411224C10F44D6064A6E087F26
310
F8EB6EB6DC7BC57B335ECBB124CE7B2E9A989F1913D2E71B2C1F45CE87B23BF94098F29B9DC031B6F9FEA9A7E99827964B1ED336DF3639DAE6FCB7235EF399515397C0FDF63E8B65DEB39A10CD17E64357D134CE04D0A7A12CA996E06CA9F321F7F446393F3C4D179FF75EE1EBA2CF44997DDB48966491ADF2666D9A3F9D82
310
66B2C94EFB9F2BABCFA5A6659B9934C1790689AFE7A229A439C2031D95278A0E46F01422B6A86BA74E4A3368A847C55946D3EDB564D29C9A1FE0A229A789B0654FDDD1D5573F354D429A66C859C26C9E4BFB7ED1745EFABD4D440D1B30FB3C3821CD9811FE636E912E26C81C1E025D34599AC913C3EA86C31A713B2D4D044A
310
AE10E632726FF78A7056DB84842610F155E749908B26E72642E28F3BE3C0B0C73CCE4B737513112EE924B04D9CD936EDB11FB3124506CDABDEE4BB36160B394D2CC37246593F3D4D7B8F94266871900ED8532F98B32CA36979EF6B870967A5499534B1F642691D38C6596906AC5338C9088259C897B0069C95A63799BE0E72
310
88E2E0E04C7A4ED131271D43AA3B0F0F0E479A1ACA789021BC09A30A03388F4933F150436C8F902637878E43CE6424820586E83E882F260AA03D826D22D4F024603EF7CA9018BED1012DD319F405D380CF470D3AF52F9CD18EC3C67A98C1934ED0D54CF3D9DEBCFF1B8C174366715D9DAA23C72181C2CFB8D00C56A8057E2B
310
1D6F83D757091C65D1B43CF7029A876A7AB8A702215C8FE9D3A453D0E49BDB7C9AC72CC9729A5CBCAF31FE984573594EB44C5BA8BD40E90BEAE7053058F7B7D2E46E9D28566D9CD6368D31DEDC927E4477524CD31AB6F526135DEFFDE965E2F97F7062E778511C15340D9EBC6DBE410E11DB3C6C6FA788A63301964BF3B83D
310
F1429A56C87F15CD133647EC74D7F2914773412AF4DE818BE6E2D07B345FA31E43565FE864F5676C112A3BEA91DBB33C13CFC0A047647C13C80D7D3951731458490A35DB3C13CED8809C966D9EA7B4678DC895DAE6D1CD136EA30E314D32DD25647E6D07A749B1A550AA33193843F5299A17E266D9F2C7DECF50790AE62C75
310
009DA2290ACEA7E7472744799DA5590FC57A10516EE40C2E98F107CD8BEABA70C67767461CE2CC4DBAFE3781F3B5412D638BF97A982E9A85E761CB3F70D12C3B4F6062F8A259761EE0A2A9791E66E1F445B3E23CDE20E845D3B73588CFE32C4EBD5AA1C738C0F430E020E33C4794EBA9A0893BBE9F3FE65F21EB3CA0138426
310
658C993FF0084B79E08299639B0F4085E639E68544F5E6F3D763EDD3CCFB7E11A32E75469872DBFCC6F7F86B6E5696EDD79BA6AB7C267104CE6B9B935D96D9E6494C536E9BCF9FFBBBF2F4EBCD5F148E2D661DCECB36A75A73B2CD542B744E98850F98F237F965BEC71F732F7942495F08E7AB345BF6D37142D3AC79C484F7
310
EE44D49F23C0A3C979CC310E00A75976D988E692110B875CD5BF39CD45B5F44CCB815B8DBDCF0B5AE9A2A9721E6381305D34EBCF33B63F2D1A7374FA35358E4ED07F66F394DD21CD513E2BD191537E5CC0CDF5DA55E8C8A6CA67B5B7BA247B35CB7B4FB92F45CA67299862E5B3CA22EED4C4AB96B4A157C5CB83EE609B1591
310
DA9BD8E632DAE2257D8DC91FEF4573AB5504F5259EFFFA7BA2B9E10A977ADF882FC8119D97DD68F24775A2D585443B9AA099AA4A2BAB5A6F6560E8A881B7908D2D00BCD324A1C938032147B618694C470EFDD9663C3D694CD1C97654BD18671D4736A623670DB3776B9B699A294755CF914D6875A12FDB4C34DA3C4DCE519D
310
470ACD9F8823AB629B1452A2D8CB3613A96F43B6E93BAA4BF987C891CDBF3F5D1DB9C6B6891C9A8CA34AC872640B68DA55F6D168A6BA9C2A3DD2948E1CAF92B27FBD894C9A40F61845459B9EA723D7412B844C9AF9A3919A34AD908E4E5A21D096344995A611FBCFEAC86D6F9BA9FCCD7DD3F4FCCD6538F335EAB1936D225C
310
89866922D196A5F6EB78EF81369DF6B44D7C02CD0D74E47469326BE44434217511F46D5357474EA7DEF4A2F43AA429D191DB97263877239B2612DC6AB213976576D89BA62503ECF477BAA019C5A99DC3456304895BA91DA289849795DA5F4A333F23CEB013CD505FBC0F9A5B656B6A4033596F22E0FD449CAD6A9A5B6412EB
310
8566D275ADA5B94196BB5A9C884773A469C2EBE3053C578592DE771C9290768C66E9EFCA61993C9C03F54DD329BEDC60B85197FAFB15DA49A6F1AECC5C5BBBC5AE2FA1C9848DC329D7006A9A830DB32A57C34CEE4AD966B2E75FFB581F437318D27BD569E2B03405BBF569D2459369D31137BD407F7AB7A6751B9A539BE3F4
310
C7D23429E1A8EE1F95BC0B4DEFE1AD3DBBC76FD2479674DF7C623487B86B35243DAFA62EF2A7D9E6203B69765D5DBE313A729F629BF12E71A2C7DCC822BF3D1DB90FB1CDA1C28DCDC559A123778C5668179A4F92F70FA6397883DCB3552EA3E0AEEB3534A4C9E8C82D9B40474E99E63B71EE9043336877437477A38AF3A5BF
310
49E53A72BB7A48FDD17CF83A727BDAA697EBF5C36CF37DB38FB959DFA9DE3C906DBA3A723BB6427EE65C194D6BEF8E3453ECB6B5CDB10DCEB0CDF0A247550F49AB6FB9AD6D92C94E6A9B685FD2A1C23291F17B539AEE90DAFCCF48F5F1FCCF423B38266FF78E9AD3149D073BD274CBF7B47BFCFDEA1FBF8EBD73B63990FBA6
310
0F9AFA38453467331CD756FE32914E901F63BF8EB7CD0DFBE999E7410B9AC4D12497E6B44EF54973D9863955DFEBF7F0EA247F946DAAE34C443C266C730E46191E6348D50317CDE4BC90DB14F9F526BD7AF8A3DA3A43D36C85FAA2A98C53346719BC33331A65EE8374E121C9CF837E68AEA15DA3CCFAA38DF7DE743E5D13A7
310
28D623669BF3D2BCA98FDCDC36F575E4B6B2CE21F59522D8F368659B2DE23711716AF4700EC902B2D11852E3D8625D9AC988C382F2D1CC365BC4BD43916645E5BDBD6D36D19153A5998C7B0FD3DC7A96AD918E1CF468A6D764F453D2630B2D6B942870469AA27596C4D1A4DD694617A4EC12EB8158CEA02A9514B4A129CD88
310
BB651C52747DBAA723D70F4D7E0D30FF57DB451C26D6A7ABE8C8419D66687D7AF3FE588D6D928E569716CDB476422F344362A62AAA7C50A519D1F508FD11129E6ACA91ADA2A9AD23D78626C41ED2E62B5C643A7285B64950A419D34352A709A592AEAA2307D57A931961684493A0566F6AEAC8419D26AB2397A6C9AE4A45D0
310
18F5686AEAC88569FEFD3BFED89FACFFFE3577623E7AFDF4F90AF39F25684E7F8DE8B5D61B64AF65FE599466866EB1A5232752494198E6F3D626687F9DCDDC6B7FC66E9136BDF05A085FABC47B57D39143B8A4C7EE584E930434D3D782882655D1BC3DB75A75294468523D4D92D2CCBA16C2D74ABB82B7FF6EEC01CFCFDBD3
310
64302DF5965249CFBE566149FF7A6F7FFEFCF99AB7DBD7BAFDF7FC3C93E6434EB3A8CD0C0D752568BA1A1E4107A14AC1E7EBF9E246B73FEBB35A56FA87BE32152311EEE1D91FFF4F734BD0DCE45AF4FBF7D7F3D5B372341CAE9B7DD457A68EDC5D4AB37EC058609B1BAAF2FD7E6DDEBC904BF36B1AA916CE0B61339AE889E6
310
9BE5CB369D39CB1B189AF2C77C64D0E46AF7D50FB1F782DC23534F6FD3E45AADD13332F752E862F16D6439B2B2E7D36FF67C7A1ECD47A0444A684A9B70C0FB16B26986AE15F0EDE36C279634B1824DD36A6B12349D588F777CA498E6D4659B7E421EDE6A9EC107149574E35A087A93B6172AA139B2FCF9996982A549B30B95
310
138794679B64C1E26F5F8F2679B6E95F2B97E6EF85E5CFF367B24D8AD1AC563ECB2AE9CFDF869F3DBF9B18C07F40246632C05C0BC16B19F525E7EEF32CE9E77D951FAE1CFB346BEBCD7964A5BC3D4FA5A812D0140CF06536E9BF97FA92DEE55C9F26EE0D68CE557B387DDA0E345794EFBFF8594B7AE7B6E9F7C098E033459A
310
823BB559BECEF2C3B3AAA2192EAA3A1187D1E9EAE010AD746244FA482ECBF94F76A4F9FBB3378EC27E348FC4B2154D79BD792496553423D50E1E1934ADF7FF27D9B20A48389FA5E85A08579AB5341F60A280E4BE1976A1197454ABAE5549D310F540D236EF3DD1641C55B96D6AD0FCF75F8FE6FDB5503ED4F715D59B2CCD2F
310
7B7BDEFF577C4B1F21DDDA5DCB8149FF466CD39F6CE9BBA4871CD53D6DD39BA35A6EF3D7E7D0D4BB96469B6EEAC85934FFB96866D1CCD191CBA837B99BAAEC706EA2E55C6B9BAE8E5CC436797F3340F3A4DEFBB8505ED20A65D9E6597B96B68E9C8ABF798D7A68FA9BAA5B7A982E55956655B53A2372E9BE90BC4DDF8E2633
310
0512FA63F17D7AA3C53FB9A3C5E5FD74D03E3411E8591A91D3C12912E4F0B4E62C3F7FEC9DFF9042D3737FE781A5F0F49D7404FEF77B7EADCD9C65439AB10219B24D6644CE0F1DB1F68F93C3AFBF3343DDBDE9DFF1DDC2F3875C9AB777A85CED9CE5A311CDC49C6528BF108C321FA0C94FB5A722E3FFDAF6F9E3CE59DE2690
310
1F399F9E6C85966D8D3762C368802C9A6B05EAB4422A34D1A0A47343E8303F8FD3747678F15B6E90582E4D2FAAAB77DBF40B2C9C3D9155CCCCC29ABFE1B21DA2E97DCE35F0EAB6F968D60A713405FEA6FBF15F12442748E3365D9E92562823AAAB5DAC477488288366B3F8F7C5FFC48493F590B272ADE6C66F66B5E9E18F32
310
6812694575797FF1B2CDA74946E337A969FC66D6ED16D0E4FB6D81783014E35C56B8DCE849F38F4FF37D87EC0A170BA7A0DE44FB35197BD35CAA45D1EA2B719B4E1DD344F895D35A63FA8CF29BA3D782A1FFDE4DD0EDB574E86614F5756520B7C245F8356AAC7041DCBB55A629590B18BED3DBBCB995E60D312DC0617B9AA1
310
9229A1195B2F64F9959534DFCFFBF6376FCE56AB44F1513403EB194A60E2E635E754AFEBA14E932FBAE13CC0146F6FB83506FE7A867C9A74339B73459AAA6B805BD12C9A51880DC05AB609F44A93574949D3045B0184C480505E1379B6499EAE07713469339A48BCCEA02913AA2AA7C9D9A692561745753D0ABD4D94D08457
310
E6D8D60DA02A9A8B82CF6D7488789AE5B6A94733A6D595A009F8ED010311C59D219FE6CBDF74CF576D9B9AEA52C8A689E048279CFACC5D6D5AAD2E357682E0EA5FF4A3D515D1388CD36406A19A6B75CD5D4A272557473A7261FDCD344DF1709D324DF3527DD0B48637F8C6439926B6D191CB533E53D2DF74238A9856449B66
310
792B94A12367DDFB3E34C5D5724C781D511B2CD78695E9C8114733F92DEAAB40071E3B32EA91083B568A4A4EA940F3AD509E6DB6A7991C43DA684BD926D5DBA69ADE7BB2400668EEA7F72ECB9391659B7A3449525E199AC1F325F2B4D4D20C67F92DCC88A399274306DBFB708FCC0E84F8CC73A68E5C0B9AE9DC57DCE977C9
310
3AF201F985D279D90A5AA17659EEECEA49A5A42B966B41CEC070FEF4AD735F85F3B209B2DCB5A729CA6719CD46CF7F05DBE70C149408B4364D51AED58E686E90CFB29A6622AB7257B659DAA46E916B750816F74E69AAF4A95A75EA122382329AD6DED3E7A82EA619EE997C4A8EEA06F9D3AB6C139F5CD2957B90629A6E0F7E
310
FE67A48AE77FAF631F9CF5198E666FB6D9822671341D0F096EF99E768FBF5F8BC207B33F627E4B03B96F7AA1A93DB821B2CDD90C4745A95F264DAC7EF180EF971EFD07D1541F291A6C67ED595E07DF36E72EDDB8B6F2D70A7D988E1C5E11F96F03ED84A66845B5FEB09B3DCB37112AB0CD11E32B307F479AE3BA8087E969C4
310
9428889ADA66A8DE749B22BFDE7C1AE6D3A81F60DB74AB156A49F32DE9B12CB548295110ED679B210F691D21BB8F3A44BB7A48DF868E5CA1F2D97E34D7FB1DAD02FB7AEFB66DEE4EF33DEA91679B530D75C75C71ED689B6E406391F2991A4D327B3E52DBE4FB963BD9E66CA26E3BC0299FB5A2491C4D92DA663F3DCB57D54D
310
A68E9C6B9BFF746D9B9DD17C90A523E729466E53D20F639BEFDB7FE02ED291EBCF36379F654BD9A6A123B797BF99D85D3264BDFBF866B1F299AE6DFA7B50806B679A150AE5F53413B36CECFDEE123953376CD47349DF21AA4B7944AE2B9ADB471C764F5312EBB1CB9D7D224D511CD24533C73C531187614F391EF80EE804BE
310
7F12CDB29BD86385CB4533EA0D1E9166AA40AAD3A40A9AFA515D1BD5F190D3DC66D52AB58938DC88264434B75B511DAC25EAA26137F23F906AD3ED0186D022E2E0FE12DB6C11A9DD8E26904DD3C7E79E1982134A4BBAC7D138AA339A80F4E18B5452AA69365AE1D2042778187A346B3567A28BD9D8D5FEE9018746348178F9
310
8CD1245761C3AFEF3468B2CBFD4325BD400F498F66CAA06434294E9334682228AD58AD23B7274DA92A5F8C6C094DBED9ECC93623F6D411CD1C258A5D6D33FC5A4433A6661AF9B4DE36494FAB4B1D27ABCAD70BCD804A8A9A8E9C364D5E315244B3BDA6B6DDA40317CDAA87721C24783A957DD1CC78FA2DD5F383EEA6E5225F
310
342B695A5DE1DE5A21D00634A14A33A67C66762F37B4CD947A7E842624A3284D692E43ADF0D6EB183A72F4093489C9B81865579B1D25C343A28FB3CDC0224CB6F62A4FBBB9858E5C5B9A10D2B4B3DC215C3E9934504A3D4B151DB9B63853FD6A7029C8C89CB348A728D3B24DA2CE6846735F85FEC2CF6789353D9E207D5E61
310
33D442474EDF3C8379D94287C75337A6533BEAE2AC513ED334CB44814C78485C1E60B3F60DA71D2DF791A2F3421CCC8D684AF25926DB74AE0115EECFBE5DBB72E26856646BD228E1A95CABC9764B357FBAAC3EF299F631039C2C90BBC76F26DD7FABAD096E03B6BBC97081EC291AB6FB38A474C74D47CB59C71B2E5EA73474
310
12BFB9FB964161F788C343D1ECA115BA685E342F9A17CD8BE645F3A279D1EC92E64EEBD30F45334F47EEA219DF76D7913B5849BFEFAB237760DBBC686AD49B34EB216DAF237738DBA43D75E48E659B9386DCF7659B1AB649B310A85F6FFEBAEACD7CDB7CE3C45E3A7207EE594AFD4D5C34A57DCB344D1070D154EAA757879F
310
9CA4A48B688643A42F9AD9E7A98D2CBD68F2952B2E9A95E7F112D35C34CBCFB3C204AE925E791E03265DF566354DCB32CF639D6DB3DCC1580F77369ABA3A72301BA1939867BBF84DD88BF2703ADBD48C2D5ED6E400E7C129D1912B897B87B1BA03A729ED8D74E4E08AE69DC38D6FA323E79C0367E915B934652B03534A1488
310
B5EF67A0295A67491C4D81778593F4D9636B801574E46CAD95C337EDD1F5E99E8E5C2E4DD8B2A387C799589F8E6A9A4427C299A744216E853C4DD073748BDAE8C861552C9856972ECB4CD74FCA5EA0F4056DF802F1279F3E198C03AD97F6AD9333C5E6C95AE3F8B669BDE575E4E41E124C297A7867C4A96856EBC8D9AA11F0
310
4E8D73D1748B69916D1A42DDD6C147C519A159A523B7244958713A7AED3836CD0CDD624B476E888C21C1188D3367880E3A9359E66F52C236E73162C3B827EBF49BB98B669226B94D3AD99A26CAF1347BA84E64F7D3836D7A8A26D922A2F33916D136EDA7EE8FA6B68E1CC8D67275A4F02A90F92228BDCC95948D6F5A34031E
310
529066C94347EC6E9532EB88A6AA8E1CE000805557A2E23643FBBBA4A9955F08FED4104A73205122C5A78E8E9E2ECD26B9AFE079A0A5A1F611C5A83E69EAEBC8D9152B8A617E5E49D78CF5E012445658E627D2D48C434228170588CE629BF143F362E4789CA0D3D0D43B8FD5DF8106CDD476ACD97A6644CE5FA605D49E3EDC
310
1FFA3C9A483C4C8827AA0B02923B3F8E662C477440DBDF4DE3898B663E4D2C3D495BEDBA7819EBF1684653448792BFACB2E2CBC7B86812855D4AB6A4C30940AA5BDB766C9A6E01665B214BD80BF6F0C53169A2E450F879B111EEA4C31C044059793F1ECD6082EDD0A0BD41D00CA641C1E8C771DB74707D47F0475A6D10EC91
310
2A5C344329A2431187F0BE86A241E3A3D20C0C0E051A7CE64F9C78E30A9AAFD33CEEEF02F0B0636E1745B1C7F4C1036FF9A1D79B3BBA2AE9DE9BD7CB7F2888D33912256E3C7BF0AC1488972EA841735269A3592F7492C51AA5B10C69C12E69BE5F793A72E02628513A02CFDBE64BC2F2F983E9E72D1AF80D1ADFBF8F78FD7E
310
7FF6BCF472DC7A0C3AC1E9BEE4A6BC98451ED5A90D5DDB34EC0E63915EDF993A97783C8C7D0F5701B3339A6E6B0EE2D29A1587BDF3B6797F4BB14D75E20BCDF4FE3ED791EFCF3096F5D7EBFB74FCF8553FD4EBD0C2DA0BC90A801D0B47E98871C036276B1CEBCDD73F9E6DBE89BEDF59B63922256DE36C46D31A2FAE2EEB81
310
7A93E8FB55FFBD6AC1B1DEFC9EEAC3EFA9DE7C1D31BD9FEBD2EFA9DE7C5A2A7D77619B9034F511FDAE16A31EEF52FD413D4B49A62E488E6E42F38E0FA329C8D90ED12992718E67B04D0D9A86070F79E0F601C790D239DDA53419112FE074341339A265E75B66380824E579549A890487529AF6E05CF28F0F4A931249DB21FB
310
460227C06968FA0CC004B223EBAAAE837F1A9A6B2A689BA693B31D791775C358711ADB5C53449B39A29DC18D3C9AF3B7C1EB749FC243B2734423BB4D77C7E201E30B81B4F16316B97C689BCEBC2EA2B92E1A4C851E83837B88363DDA1F94D35CD610D9320382DB6443EF3E9766DDF9E0561B946EC6D8A523848BA6BD889BAC
310
5A334D93CB3E7FD1347182A434F99ED745737636C1A84B86DBF2700D7CD144ACA463F16601379A01174DBF498EB442AB2880130BC6F5634F6E9BA6E2A1F98E9C8923304BE1984AF6D434C9E9BCF8F19D460098D983F7977F5C344D990690B1700A5EB569F6B6E07856174DC3CCCCD26E8949B8E356EBBFEE87B8689A384D39
310
1F587A0056ADE0448D98EBBC2F9A6468CF38C31FFC2C9EE36DC29122393DCDC082DD4850A7158777D164E1843CD1B8C74F27A2298BDAE2710A68D2A96C534EDDA3279A4F87354C7FD134E101229696CA1770D18CD60A90C421197E91B32AFEA229AF67119963BE688A5B9EB59E4420C6F6F063EF6953CCBA85B972E5719E9C
310
66F6928CF0A0E64593092C16DA32D669676698FE9C341180106FCA1DEDC98B26C74FB23C239A0FF328B11EA52D35B7BC5ADA6645E26E8F4E13616BCA80B9E61A64E680BB543E6B451308C8D078C95D924323B054D400DE500FA5CAC73A8A8C65C262226AB45CB78AF7598F4CD34A8863D15C25B0D30BB520965439344D27E7
310
88596E976787E66D1E9BA657B6BD829E1BD49C127C3F3C4DB8010728EC5F4AD54C7160EF1D4ED8AB190F03E5DB3C014DC7FFAC11D54E14F4E3D374DA73057DD80FCA3AD2F8CC687ABDC3D384E931A22DCCFEF20B35EBAA434554FB33363484E9F7300F0EB361CFD258E52A68992F9A298F065CFAD643F36CD64F67608682B9
310
2E9A527F9311DE3E304E6C0593B0768970D12C1BF8B0DEA39B0EF5677AEF364C98067A6D194DFA3A1A0163B50A0CE505389F045F503F2F50FAA2E2DA6C3137B2131CBE6D6F5A89C0CEABCC4C735C9BA44DB74DD3F03AD5D3541FDD308DD061039F15A7757192772D3D6518C454CF2E0F29B0FD3F47C31675A581D458000000
310
0049454E44AE426082
  0
ENDSEC
  0
EOF
